iso3,year,variable,wb_code,value
ARE,1996,wgi_gov_effectiveness,GE.EST,0.776639640331268
ARE,1998,wgi_gov_effectiveness,GE.EST,0.752557337284088
ARE,2000,wgi_gov_effectiveness,GE.EST,0.747685492038727
ARE,2002,wgi_gov_effectiveness,GE.EST,0.796371579170227
ARE,2003,wgi_gov_effectiveness,GE.EST,0.537254989147186
ARE,2004,wgi_gov_effectiveness,GE.EST,0.687684059143066
ARE,2005,wgi_gov_effectiveness,GE.EST,0.716674387454987
ARE,2006,wgi_gov_effectiveness,GE.EST,0.945923328399658
ARE,2007,wgi_gov_effectiveness,GE.EST,0.943043947219849
ARE,2008,wgi_gov_effectiveness,GE.EST,0.898490905761719
ARE,2009,wgi_gov_effectiveness,GE.EST,1.00920045375824
ARE,2010,wgi_gov_effectiveness,GE.EST,0.918635427951813
ARE,2011,wgi_gov_effectiveness,GE.EST,1.07076179981232
ARE,2012,wgi_gov_effectiveness,GE.EST,1.16282367706299
ARE,2013,wgi_gov_effectiveness,GE.EST,1.19010066986084
ARE,2014,wgi_gov_effectiveness,GE.EST,1.45158290863037
ARE,2015,wgi_gov_effectiveness,GE.EST,1.5004917383194
ARE,2016,wgi_gov_effectiveness,GE.EST,1.4101870059967
ARE,2017,wgi_gov_effectiveness,GE.EST,1.40890324115753
ARE,2018,wgi_gov_effectiveness,GE.EST,1.42633962631226
ARE,2019,wgi_gov_effectiveness,GE.EST,1.38027024269104
ARE,2020,wgi_gov_effectiveness,GE.EST,1.2852668762207
ARE,2021,wgi_gov_effectiveness,GE.EST,1.36370348930359
ARE,2022,wgi_gov_effectiveness,GE.EST,1.29912793636322
ARE,2023,wgi_gov_effectiveness,GE.EST,1.60428190231323
ARG,1996,wgi_gov_effectiveness,GE.EST,0.165690049529076
ARG,1998,wgi_gov_effectiveness,GE.EST,0.328712493181229
ARG,2000,wgi_gov_effectiveness,GE.EST,-0.0280386935919523
ARG,2002,wgi_gov_effectiveness,GE.EST,-0.228479072451591
ARG,2003,wgi_gov_effectiveness,GE.EST,-0.0342199839651585
ARG,2004,wgi_gov_effectiveness,GE.EST,0.015197392553091
ARG,2005,wgi_gov_effectiveness,GE.EST,-0.0979790613055229
ARG,2006,wgi_gov_effectiveness,GE.EST,-0.0339163094758987
ARG,2007,wgi_gov_effectiveness,GE.EST,-0.0125325033441186
ARG,2008,wgi_gov_effectiveness,GE.EST,-0.123509347438812
ARG,2009,wgi_gov_effectiveness,GE.EST,-0.294032037258148
ARG,2010,wgi_gov_effectiveness,GE.EST,-0.1117919459939
ARG,2011,wgi_gov_effectiveness,GE.EST,-0.0723610669374466
ARG,2012,wgi_gov_effectiveness,GE.EST,-0.206967011094093
ARG,2013,wgi_gov_effectiveness,GE.EST,-0.254236966371536
ARG,2014,wgi_gov_effectiveness,GE.EST,-0.111114293336868
ARG,2015,wgi_gov_effectiveness,GE.EST,-0.0494756102561951
ARG,2016,wgi_gov_effectiveness,GE.EST,0.218796372413635
ARG,2017,wgi_gov_effectiveness,GE.EST,0.135085612535477
ARG,2018,wgi_gov_effectiveness,GE.EST,0.0280606187880039
ARG,2019,wgi_gov_effectiveness,GE.EST,-0.120795331895351
ARG,2020,wgi_gov_effectiveness,GE.EST,-0.254261821508408
ARG,2021,wgi_gov_effectiveness,GE.EST,-0.390557259321213
ARG,2022,wgi_gov_effectiveness,GE.EST,-0.28348970413208
ARG,2023,wgi_gov_effectiveness,GE.EST,-0.377517342567444
AUS,1996,wgi_gov_effectiveness,GE.EST,1.8005645275116
AUS,1998,wgi_gov_effectiveness,GE.EST,1.61811804771423
AUS,2000,wgi_gov_effectiveness,GE.EST,1.73217022418976
AUS,2002,wgi_gov_effectiveness,GE.EST,1.65919864177704
AUS,2003,wgi_gov_effectiveness,GE.EST,1.77327883243561
AUS,2004,wgi_gov_effectiveness,GE.EST,1.98494184017181
AUS,2005,wgi_gov_effectiveness,GE.EST,1.74618124961853
AUS,2006,wgi_gov_effectiveness,GE.EST,1.70789933204651
AUS,2007,wgi_gov_effectiveness,GE.EST,1.81895518302917
AUS,2008,wgi_gov_effectiveness,GE.EST,1.78476786613464
AUS,2009,wgi_gov_effectiveness,GE.EST,1.70196378231049
AUS,2010,wgi_gov_effectiveness,GE.EST,1.76339137554169
AUS,2011,wgi_gov_effectiveness,GE.EST,1.69013810157776
AUS,2012,wgi_gov_effectiveness,GE.EST,1.61314845085144
AUS,2013,wgi_gov_effectiveness,GE.EST,1.632453083992
AUS,2014,wgi_gov_effectiveness,GE.EST,1.60089492797852
AUS,2015,wgi_gov_effectiveness,GE.EST,1.53325247764587
AUS,2016,wgi_gov_effectiveness,GE.EST,1.53218841552734
AUS,2017,wgi_gov_effectiveness,GE.EST,1.49838602542877
AUS,2018,wgi_gov_effectiveness,GE.EST,1.55598998069763
AUS,2019,wgi_gov_effectiveness,GE.EST,1.53869080543518
AUS,2020,wgi_gov_effectiveness,GE.EST,1.57335329055786
AUS,2021,wgi_gov_effectiveness,GE.EST,1.47172200679779
AUS,2022,wgi_gov_effectiveness,GE.EST,1.52843272686005
AUS,2023,wgi_gov_effectiveness,GE.EST,1.58987963199615
AUT,1996,wgi_gov_effectiveness,GE.EST,1.73164963722229
AUT,1998,wgi_gov_effectiveness,GE.EST,1.80350625514984
AUT,2000,wgi_gov_effectiveness,GE.EST,1.84726524353027
AUT,2002,wgi_gov_effectiveness,GE.EST,1.88022816181183
AUT,2003,wgi_gov_effectiveness,GE.EST,1.93046128749847
AUT,2004,wgi_gov_effectiveness,GE.EST,1.84377062320709
AUT,2005,wgi_gov_effectiveness,GE.EST,1.67952907085419
AUT,2006,wgi_gov_effectiveness,GE.EST,1.82738518714905
AUT,2007,wgi_gov_effectiveness,GE.EST,1.86356592178345
AUT,2008,wgi_gov_effectiveness,GE.EST,1.77165818214417
AUT,2009,wgi_gov_effectiveness,GE.EST,1.66273927688599
AUT,2010,wgi_gov_effectiveness,GE.EST,1.81252110004425
AUT,2011,wgi_gov_effectiveness,GE.EST,1.60288524627686
AUT,2012,wgi_gov_effectiveness,GE.EST,1.56018972396851
AUT,2013,wgi_gov_effectiveness,GE.EST,1.57137954235077
AUT,2014,wgi_gov_effectiveness,GE.EST,1.5529956817627
AUT,2015,wgi_gov_effectiveness,GE.EST,1.4509791135788
AUT,2016,wgi_gov_effectiveness,GE.EST,1.47481060028076
AUT,2017,wgi_gov_effectiveness,GE.EST,1.46775150299072
AUT,2018,wgi_gov_effectiveness,GE.EST,1.45611667633057
AUT,2019,wgi_gov_effectiveness,GE.EST,1.49212622642517
AUT,2020,wgi_gov_effectiveness,GE.EST,1.60586321353912
AUT,2021,wgi_gov_effectiveness,GE.EST,1.52829468250275
AUT,2022,wgi_gov_effectiveness,GE.EST,1.46492278575897
AUT,2023,wgi_gov_effectiveness,GE.EST,1.32668149471283
BEL,1996,wgi_gov_effectiveness,GE.EST,1.71154367923737
BEL,1998,wgi_gov_effectiveness,GE.EST,1.77015435695648
BEL,2000,wgi_gov_effectiveness,GE.EST,1.65919423103333
BEL,2002,wgi_gov_effectiveness,GE.EST,1.91511082649231
BEL,2003,wgi_gov_effectiveness,GE.EST,1.86878955364227
BEL,2004,wgi_gov_effectiveness,GE.EST,1.85430920124054
BEL,2005,wgi_gov_effectiveness,GE.EST,1.70650970935822
BEL,2006,wgi_gov_effectiveness,GE.EST,1.74316394329071
BEL,2007,wgi_gov_effectiveness,GE.EST,1.60233938694
BEL,2008,wgi_gov_effectiveness,GE.EST,1.38118207454681
BEL,2009,wgi_gov_effectiveness,GE.EST,1.56746017932892
BEL,2010,wgi_gov_effectiveness,GE.EST,1.65420985221863
BEL,2011,wgi_gov_effectiveness,GE.EST,1.72347581386566
BEL,2012,wgi_gov_effectiveness,GE.EST,1.67117416858673
BEL,2013,wgi_gov_effectiveness,GE.EST,1.70195496082306
BEL,2014,wgi_gov_effectiveness,GE.EST,1.51735270023346
BEL,2015,wgi_gov_effectiveness,GE.EST,1.52944529056549
BEL,2016,wgi_gov_effectiveness,GE.EST,1.39763832092285
BEL,2017,wgi_gov_effectiveness,GE.EST,1.24078404903412
BEL,2018,wgi_gov_effectiveness,GE.EST,1.22463178634644
BEL,2019,wgi_gov_effectiveness,GE.EST,1.11331832408905
BEL,2020,wgi_gov_effectiveness,GE.EST,1.07823526859283
BEL,2021,wgi_gov_effectiveness,GE.EST,1.08557260036469
BEL,2022,wgi_gov_effectiveness,GE.EST,1.22718644142151
BEL,2023,wgi_gov_effectiveness,GE.EST,1.03702199459076
BGD,1996,wgi_gov_effectiveness,GE.EST,-0.687850117683411
BGD,1998,wgi_gov_effectiveness,GE.EST,-0.490328997373581
BGD,2000,wgi_gov_effectiveness,GE.EST,-0.607652246952057
BGD,2002,wgi_gov_effectiveness,GE.EST,-0.726736128330231
BGD,2003,wgi_gov_effectiveness,GE.EST,-0.838938593864441
BGD,2004,wgi_gov_effectiveness,GE.EST,-0.93288254737854
BGD,2005,wgi_gov_effectiveness,GE.EST,-0.918954312801361
BGD,2006,wgi_gov_effectiveness,GE.EST,-0.838699102401733
BGD,2007,wgi_gov_effectiveness,GE.EST,-0.70753276348114
BGD,2008,wgi_gov_effectiveness,GE.EST,-0.738396406173706
BGD,2009,wgi_gov_effectiveness,GE.EST,-0.802756428718567
BGD,2010,wgi_gov_effectiveness,GE.EST,-0.753689587116241
BGD,2011,wgi_gov_effectiveness,GE.EST,-0.772120714187622
BGD,2012,wgi_gov_effectiveness,GE.EST,-0.807726144790649
BGD,2013,wgi_gov_effectiveness,GE.EST,-0.797781109809875
BGD,2014,wgi_gov_effectiveness,GE.EST,-0.775071203708649
BGD,2015,wgi_gov_effectiveness,GE.EST,-0.752009570598602
BGD,2016,wgi_gov_effectiveness,GE.EST,-0.705847561359406
BGD,2017,wgi_gov_effectiveness,GE.EST,-0.752013146877289
BGD,2018,wgi_gov_effectiveness,GE.EST,-0.762283682823181
BGD,2019,wgi_gov_effectiveness,GE.EST,-0.753539621829987
BGD,2020,wgi_gov_effectiveness,GE.EST,-0.779491305351257
BGD,2021,wgi_gov_effectiveness,GE.EST,-0.653351545333862
BGD,2022,wgi_gov_effectiveness,GE.EST,-0.763355314731598
BGD,2023,wgi_gov_effectiveness,GE.EST,-0.697334110736847
BRA,1996,wgi_gov_effectiveness,GE.EST,-0.143133714795113
BRA,1998,wgi_gov_effectiveness,GE.EST,-0.201571121811867
BRA,2000,wgi_gov_effectiveness,GE.EST,0.0430850870907307
BRA,2002,wgi_gov_effectiveness,GE.EST,-0.0346153452992439
BRA,2003,wgi_gov_effectiveness,GE.EST,0.0817573666572571
BRA,2004,wgi_gov_effectiveness,GE.EST,-0.0922709181904793
BRA,2005,wgi_gov_effectiveness,GE.EST,-0.157670244574547
BRA,2006,wgi_gov_effectiveness,GE.EST,-0.391295492649078
BRA,2007,wgi_gov_effectiveness,GE.EST,-0.290289968252182
BRA,2008,wgi_gov_effectiveness,GE.EST,-0.148200899362564
BRA,2009,wgi_gov_effectiveness,GE.EST,-0.151303574442863
BRA,2010,wgi_gov_effectiveness,GE.EST,-0.0868625491857529
BRA,2011,wgi_gov_effectiveness,GE.EST,-0.152404069900513
BRA,2012,wgi_gov_effectiveness,GE.EST,-0.16054867208004
BRA,2013,wgi_gov_effectiveness,GE.EST,-0.119030974805355
BRA,2014,wgi_gov_effectiveness,GE.EST,-0.175920635461807
BRA,2015,wgi_gov_effectiveness,GE.EST,-0.255271553993225
BRA,2016,wgi_gov_effectiveness,GE.EST,-0.249387070536613
BRA,2017,wgi_gov_effectiveness,GE.EST,-0.317140609025955
BRA,2018,wgi_gov_effectiveness,GE.EST,-0.520569622516632
BRA,2019,wgi_gov_effectiveness,GE.EST,-0.234114676713943
BRA,2020,wgi_gov_effectiveness,GE.EST,-0.465709209442139
BRA,2021,wgi_gov_effectiveness,GE.EST,-0.492990374565125
BRA,2022,wgi_gov_effectiveness,GE.EST,-0.588259339332581
BRA,2023,wgi_gov_effectiveness,GE.EST,-0.546764314174652
CAN,1996,wgi_gov_effectiveness,GE.EST,1.74236369132996
CAN,1998,wgi_gov_effectiveness,GE.EST,1.87730169296265
CAN,2000,wgi_gov_effectiveness,GE.EST,1.84907865524292
CAN,2002,wgi_gov_effectiveness,GE.EST,1.86085593700409
CAN,2003,wgi_gov_effectiveness,GE.EST,1.92467999458313
CAN,2004,wgi_gov_effectiveness,GE.EST,1.90069770812988
CAN,2005,wgi_gov_effectiveness,GE.EST,1.88245940208435
CAN,2006,wgi_gov_effectiveness,GE.EST,1.89211332798004
CAN,2007,wgi_gov_effectiveness,GE.EST,1.75481534004211
CAN,2008,wgi_gov_effectiveness,GE.EST,1.78248238563538
CAN,2009,wgi_gov_effectiveness,GE.EST,1.74208331108093
CAN,2010,wgi_gov_effectiveness,GE.EST,1.77782678604126
CAN,2011,wgi_gov_effectiveness,GE.EST,1.77254545688629
CAN,2012,wgi_gov_effectiveness,GE.EST,1.75697004795074
CAN,2013,wgi_gov_effectiveness,GE.EST,1.78074109554291
CAN,2014,wgi_gov_effectiveness,GE.EST,1.75371766090393
CAN,2015,wgi_gov_effectiveness,GE.EST,1.7309353351593
CAN,2016,wgi_gov_effectiveness,GE.EST,1.7445410490036
CAN,2017,wgi_gov_effectiveness,GE.EST,1.81557297706604
CAN,2018,wgi_gov_effectiveness,GE.EST,1.67513394355774
CAN,2019,wgi_gov_effectiveness,GE.EST,1.69731068611145
CAN,2020,wgi_gov_effectiveness,GE.EST,1.59831285476685
CAN,2021,wgi_gov_effectiveness,GE.EST,1.5614572763443
CAN,2022,wgi_gov_effectiveness,GE.EST,1.56661772727966
CAN,2023,wgi_gov_effectiveness,GE.EST,1.51680326461792
CHE,1996,wgi_gov_effectiveness,GE.EST,1.75708055496216
CHE,1998,wgi_gov_effectiveness,GE.EST,1.9069150686264
CHE,2000,wgi_gov_effectiveness,GE.EST,1.95634055137634
CHE,2002,wgi_gov_effectiveness,GE.EST,1.93704175949097
CHE,2003,wgi_gov_effectiveness,GE.EST,1.75373554229736
CHE,2004,wgi_gov_effectiveness,GE.EST,2.1585156917572
CHE,2005,wgi_gov_effectiveness,GE.EST,1.84628260135651
CHE,2006,wgi_gov_effectiveness,GE.EST,2.07526707649231
CHE,2007,wgi_gov_effectiveness,GE.EST,2.03580713272095
CHE,2008,wgi_gov_effectiveness,GE.EST,2.02759099006653
CHE,2009,wgi_gov_effectiveness,GE.EST,1.94502568244934
CHE,2010,wgi_gov_effectiveness,GE.EST,1.8709591627121
CHE,2011,wgi_gov_effectiveness,GE.EST,1.86164331436157
CHE,2012,wgi_gov_effectiveness,GE.EST,1.88282430171967
CHE,2013,wgi_gov_effectiveness,GE.EST,1.81637847423553
CHE,2014,wgi_gov_effectiveness,GE.EST,2.10431861877441
CHE,2015,wgi_gov_effectiveness,GE.EST,1.96745336055756
CHE,2016,wgi_gov_effectiveness,GE.EST,1.97178089618683
CHE,2017,wgi_gov_effectiveness,GE.EST,2.01780319213867
CHE,2018,wgi_gov_effectiveness,GE.EST,1.99707686901093
CHE,2019,wgi_gov_effectiveness,GE.EST,1.91622769832611
CHE,2020,wgi_gov_effectiveness,GE.EST,1.97202301025391
CHE,2021,wgi_gov_effectiveness,GE.EST,1.99079787731171
CHE,2022,wgi_gov_effectiveness,GE.EST,2.04943490028381
CHE,2023,wgi_gov_effectiveness,GE.EST,2.13492703437805
CHL,1996,wgi_gov_effectiveness,GE.EST,1.33797693252563
CHL,1998,wgi_gov_effectiveness,GE.EST,1.09743523597717
CHL,2000,wgi_gov_effectiveness,GE.EST,1.00555968284607
CHL,2002,wgi_gov_effectiveness,GE.EST,1.07848691940308
CHL,2003,wgi_gov_effectiveness,GE.EST,1.10024511814117
CHL,2004,wgi_gov_effectiveness,GE.EST,1.11775302886963
CHL,2005,wgi_gov_effectiveness,GE.EST,1.1556099653244
CHL,2006,wgi_gov_effectiveness,GE.EST,0.937738180160522
CHL,2007,wgi_gov_effectiveness,GE.EST,1.18673837184906
CHL,2008,wgi_gov_effectiveness,GE.EST,1.06214225292206
CHL,2009,wgi_gov_effectiveness,GE.EST,1.13757157325745
CHL,2010,wgi_gov_effectiveness,GE.EST,1.15724182128906
CHL,2011,wgi_gov_effectiveness,GE.EST,1.15227234363556
CHL,2012,wgi_gov_effectiveness,GE.EST,1.17844355106354
CHL,2013,wgi_gov_effectiveness,GE.EST,1.15803158283234
CHL,2014,wgi_gov_effectiveness,GE.EST,1.03507494926453
CHL,2015,wgi_gov_effectiveness,GE.EST,0.918835580348969
CHL,2016,wgi_gov_effectiveness,GE.EST,0.833843767642975
CHL,2017,wgi_gov_effectiveness,GE.EST,0.809455633163452
CHL,2018,wgi_gov_effectiveness,GE.EST,0.907178461551666
CHL,2019,wgi_gov_effectiveness,GE.EST,0.863498628139496
CHL,2020,wgi_gov_effectiveness,GE.EST,0.705044686794281
CHL,2021,wgi_gov_effectiveness,GE.EST,0.590294063091278
CHL,2022,wgi_gov_effectiveness,GE.EST,0.546218276023865
CHL,2023,wgi_gov_effectiveness,GE.EST,0.71755576133728
CHN,1996,wgi_gov_effectiveness,GE.EST,-0.348653882741928
CHN,1998,wgi_gov_effectiveness,GE.EST,-0.198783293366432
CHN,2000,wgi_gov_effectiveness,GE.EST,-0.158842876553535
CHN,2002,wgi_gov_effectiveness,GE.EST,-0.123097203671932
CHN,2003,wgi_gov_effectiveness,GE.EST,-0.147587299346924
CHN,2004,wgi_gov_effectiveness,GE.EST,-0.109930388629436
CHN,2005,wgi_gov_effectiveness,GE.EST,-0.140640497207642
CHN,2006,wgi_gov_effectiveness,GE.EST,0.0357880145311356
CHN,2007,wgi_gov_effectiveness,GE.EST,0.165997371077538
CHN,2008,wgi_gov_effectiveness,GE.EST,0.165779024362564
CHN,2009,wgi_gov_effectiveness,GE.EST,0.0932420492172241
CHN,2010,wgi_gov_effectiveness,GE.EST,0.0918448567390442
CHN,2011,wgi_gov_effectiveness,GE.EST,0.0836087092757225
CHN,2012,wgi_gov_effectiveness,GE.EST,0.0153677640482783
CHN,2013,wgi_gov_effectiveness,GE.EST,-0.00512068951502442
CHN,2014,wgi_gov_effectiveness,GE.EST,0.354851633310318
CHN,2015,wgi_gov_effectiveness,GE.EST,0.417423009872437
CHN,2016,wgi_gov_effectiveness,GE.EST,0.356383770704269
CHN,2017,wgi_gov_effectiveness,GE.EST,0.416875630617142
CHN,2018,wgi_gov_effectiveness,GE.EST,0.496678441762924
CHN,2019,wgi_gov_effectiveness,GE.EST,0.544862508773804
CHN,2020,wgi_gov_effectiveness,GE.EST,0.643971681594849
CHN,2021,wgi_gov_effectiveness,GE.EST,0.80791163444519
CHN,2022,wgi_gov_effectiveness,GE.EST,0.494212538003922
CHN,2023,wgi_gov_effectiveness,GE.EST,0.679014027118683
COL,1996,wgi_gov_effectiveness,GE.EST,-0.45862889289856
COL,1998,wgi_gov_effectiveness,GE.EST,-0.325808048248291
COL,2000,wgi_gov_effectiveness,GE.EST,-0.403075814247131
COL,2002,wgi_gov_effectiveness,GE.EST,-0.487907588481903
COL,2003,wgi_gov_effectiveness,GE.EST,-0.221860736608505
COL,2004,wgi_gov_effectiveness,GE.EST,-0.215896517038345
COL,2005,wgi_gov_effectiveness,GE.EST,-0.197672158479691
COL,2006,wgi_gov_effectiveness,GE.EST,-0.191516101360321
COL,2007,wgi_gov_effectiveness,GE.EST,-0.0502213798463345
COL,2008,wgi_gov_effectiveness,GE.EST,-0.0256232153624296
COL,2009,wgi_gov_effectiveness,GE.EST,-0.300557911396027
COL,2010,wgi_gov_effectiveness,GE.EST,-0.123824141919613
COL,2011,wgi_gov_effectiveness,GE.EST,-0.0504269637167454
COL,2012,wgi_gov_effectiveness,GE.EST,-0.00116499257273972
COL,2013,wgi_gov_effectiveness,GE.EST,0.0531518310308456
COL,2014,wgi_gov_effectiveness,GE.EST,-0.135854035615921
COL,2015,wgi_gov_effectiveness,GE.EST,-0.0937390848994255
COL,2016,wgi_gov_effectiveness,GE.EST,-0.03696658462286
COL,2017,wgi_gov_effectiveness,GE.EST,-0.140821367502213
COL,2018,wgi_gov_effectiveness,GE.EST,-0.139370113611221
COL,2019,wgi_gov_effectiveness,GE.EST,0.0327151045203209
COL,2020,wgi_gov_effectiveness,GE.EST,0.00847531855106354
COL,2021,wgi_gov_effectiveness,GE.EST,-0.0478276498615742
COL,2022,wgi_gov_effectiveness,GE.EST,0.01379637978971
COL,2023,wgi_gov_effectiveness,GE.EST,-0.075877919793129
CZE,1996,wgi_gov_effectiveness,GE.EST,0.62058299779892
CZE,1998,wgi_gov_effectiveness,GE.EST,0.585556745529175
CZE,2000,wgi_gov_effectiveness,GE.EST,0.587459146976471
CZE,2002,wgi_gov_effectiveness,GE.EST,0.921997308731079
CZE,2003,wgi_gov_effectiveness,GE.EST,0.854176342487335
CZE,2004,wgi_gov_effectiveness,GE.EST,0.864507555961609
CZE,2005,wgi_gov_effectiveness,GE.EST,0.913030743598938
CZE,2006,wgi_gov_effectiveness,GE.EST,1.08249938488007
CZE,2007,wgi_gov_effectiveness,GE.EST,0.845191836357117
CZE,2008,wgi_gov_effectiveness,GE.EST,0.951468646526337
CZE,2009,wgi_gov_effectiveness,GE.EST,0.873511850833893
CZE,2010,wgi_gov_effectiveness,GE.EST,0.9017294049263
CZE,2011,wgi_gov_effectiveness,GE.EST,0.922613501548767
CZE,2012,wgi_gov_effectiveness,GE.EST,0.921718597412109
CZE,2013,wgi_gov_effectiveness,GE.EST,0.915809273719788
CZE,2014,wgi_gov_effectiveness,GE.EST,1.03113341331482
CZE,2015,wgi_gov_effectiveness,GE.EST,1.02559614181519
CZE,2016,wgi_gov_effectiveness,GE.EST,1.00811576843262
CZE,2017,wgi_gov_effectiveness,GE.EST,1.03059422969818
CZE,2018,wgi_gov_effectiveness,GE.EST,0.951154172420502
CZE,2019,wgi_gov_effectiveness,GE.EST,0.919642746448517
CZE,2020,wgi_gov_effectiveness,GE.EST,0.910964906215668
CZE,2021,wgi_gov_effectiveness,GE.EST,1.06974017620087
CZE,2022,wgi_gov_effectiveness,GE.EST,1.09341883659363
CZE,2023,wgi_gov_effectiveness,GE.EST,1.1140114068985
DEU,1996,wgi_gov_effectiveness,GE.EST,1.7246767282486
DEU,1998,wgi_gov_effectiveness,GE.EST,1.81250166893005
DEU,2000,wgi_gov_effectiveness,GE.EST,1.80453169345856
DEU,2002,wgi_gov_effectiveness,GE.EST,1.66001808643341
DEU,2003,wgi_gov_effectiveness,GE.EST,1.35740518569946
DEU,2004,wgi_gov_effectiveness,GE.EST,1.46714746952057
DEU,2005,wgi_gov_effectiveness,GE.EST,1.5005247592926
DEU,2006,wgi_gov_effectiveness,GE.EST,1.64597606658936
DEU,2007,wgi_gov_effectiveness,GE.EST,1.63131237030029
DEU,2008,wgi_gov_effectiveness,GE.EST,1.51405537128448
DEU,2009,wgi_gov_effectiveness,GE.EST,1.57510924339294
DEU,2010,wgi_gov_effectiveness,GE.EST,1.51569378376007
DEU,2011,wgi_gov_effectiveness,GE.EST,1.50013899803162
DEU,2012,wgi_gov_effectiveness,GE.EST,1.53097581863403
DEU,2013,wgi_gov_effectiveness,GE.EST,1.51041460037231
DEU,2014,wgi_gov_effectiveness,GE.EST,1.6648246049881
DEU,2015,wgi_gov_effectiveness,GE.EST,1.65639758110046
DEU,2016,wgi_gov_effectiveness,GE.EST,1.66018795967102
DEU,2017,wgi_gov_effectiveness,GE.EST,1.61311173439026
DEU,2018,wgi_gov_effectiveness,GE.EST,1.52356374263763
DEU,2019,wgi_gov_effectiveness,GE.EST,1.49534583091736
DEU,2020,wgi_gov_effectiveness,GE.EST,1.31368815898895
DEU,2021,wgi_gov_effectiveness,GE.EST,1.28911292552948
DEU,2022,wgi_gov_effectiveness,GE.EST,1.28929960727692
DEU,2023,wgi_gov_effectiveness,GE.EST,1.18541669845581
DNK,1996,wgi_gov_effectiveness,GE.EST,1.75904786586761
DNK,1998,wgi_gov_effectiveness,GE.EST,1.91074895858765
DNK,2000,wgi_gov_effectiveness,GE.EST,1.89654886722565
DNK,2002,wgi_gov_effectiveness,GE.EST,2.0240433216095
DNK,2003,wgi_gov_effectiveness,GE.EST,2.08797860145569
DNK,2004,wgi_gov_effectiveness,GE.EST,2.28722190856934
DNK,2005,wgi_gov_effectiveness,GE.EST,2.11490678787231
DNK,2006,wgi_gov_effectiveness,GE.EST,2.22395443916321
DNK,2007,wgi_gov_effectiveness,GE.EST,2.34719085693359
DNK,2008,wgi_gov_effectiveness,GE.EST,2.2413592338562
DNK,2009,wgi_gov_effectiveness,GE.EST,2.22860789299011
DNK,2010,wgi_gov_effectiveness,GE.EST,2.10007047653198
DNK,2011,wgi_gov_effectiveness,GE.EST,2.10107469558716
DNK,2012,wgi_gov_effectiveness,GE.EST,1.98699104785919
DNK,2013,wgi_gov_effectiveness,GE.EST,1.94326293468475
DNK,2014,wgi_gov_effectiveness,GE.EST,1.78492867946625
DNK,2015,wgi_gov_effectiveness,GE.EST,1.79474246501923
DNK,2016,wgi_gov_effectiveness,GE.EST,1.82117700576782
DNK,2017,wgi_gov_effectiveness,GE.EST,1.74683058261871
DNK,2018,wgi_gov_effectiveness,GE.EST,1.81060206890106
DNK,2019,wgi_gov_effectiveness,GE.EST,1.87326776981354
DNK,2020,wgi_gov_effectiveness,GE.EST,1.8400673866272
DNK,2021,wgi_gov_effectiveness,GE.EST,1.95973408222198
DNK,2022,wgi_gov_effectiveness,GE.EST,1.9901350736618
DNK,2023,wgi_gov_effectiveness,GE.EST,2.01564884185791
EGY,1996,wgi_gov_effectiveness,GE.EST,-0.473676085472107
EGY,1998,wgi_gov_effectiveness,GE.EST,-0.204747274518013
EGY,2000,wgi_gov_effectiveness,GE.EST,-0.174759328365326
EGY,2002,wgi_gov_effectiveness,GE.EST,-0.446098297834396
EGY,2003,wgi_gov_effectiveness,GE.EST,-0.389788568019867
EGY,2004,wgi_gov_effectiveness,GE.EST,-0.278711497783661
EGY,2005,wgi_gov_effectiveness,GE.EST,-0.399056732654572
EGY,2006,wgi_gov_effectiveness,GE.EST,-0.49823722243309
EGY,2007,wgi_gov_effectiveness,GE.EST,-0.374726384878159
EGY,2008,wgi_gov_effectiveness,GE.EST,-0.380703538656235
EGY,2009,wgi_gov_effectiveness,GE.EST,-0.208088099956512
EGY,2010,wgi_gov_effectiveness,GE.EST,-0.321309953927994
EGY,2011,wgi_gov_effectiveness,GE.EST,-0.440889060497284
EGY,2012,wgi_gov_effectiveness,GE.EST,-0.681878209114075
EGY,2013,wgi_gov_effectiveness,GE.EST,-0.782936871051788
EGY,2014,wgi_gov_effectiveness,GE.EST,-0.716656744480133
EGY,2015,wgi_gov_effectiveness,GE.EST,-0.690327763557434
EGY,2016,wgi_gov_effectiveness,GE.EST,-0.536168873310089
EGY,2017,wgi_gov_effectiveness,GE.EST,-0.530632019042969
EGY,2018,wgi_gov_effectiveness,GE.EST,-0.454036295413971
EGY,2019,wgi_gov_effectiveness,GE.EST,-0.251354306936264
EGY,2020,wgi_gov_effectiveness,GE.EST,-0.44617161154747
EGY,2021,wgi_gov_effectiveness,GE.EST,-0.457696795463562
EGY,2022,wgi_gov_effectiveness,GE.EST,-0.448231309652328
EGY,2023,wgi_gov_effectiveness,GE.EST,-0.239516973495483
ESP,1996,wgi_gov_effectiveness,GE.EST,1.62002718448639
ESP,1998,wgi_gov_effectiveness,GE.EST,1.5973025560379
ESP,2000,wgi_gov_effectiveness,GE.EST,1.68575727939606
ESP,2002,wgi_gov_effectiveness,GE.EST,1.78612041473389
ESP,2003,wgi_gov_effectiveness,GE.EST,1.81680715084076
ESP,2004,wgi_gov_effectiveness,GE.EST,1.33226644992828
ESP,2005,wgi_gov_effectiveness,GE.EST,1.50157427787781
ESP,2006,wgi_gov_effectiveness,GE.EST,0.830167770385742
ESP,2007,wgi_gov_effectiveness,GE.EST,0.987038195133209
ESP,2008,wgi_gov_effectiveness,GE.EST,0.912503182888031
ESP,2009,wgi_gov_effectiveness,GE.EST,0.9416823387146
ESP,2010,wgi_gov_effectiveness,GE.EST,0.942974150180817
ESP,2011,wgi_gov_effectiveness,GE.EST,0.97240149974823
ESP,2012,wgi_gov_effectiveness,GE.EST,1.05716216564178
ESP,2013,wgi_gov_effectiveness,GE.EST,1.16768598556519
ESP,2014,wgi_gov_effectiveness,GE.EST,1.1732976436615
ESP,2015,wgi_gov_effectiveness,GE.EST,1.15725028514862
ESP,2016,wgi_gov_effectiveness,GE.EST,1.0948657989502
ESP,2017,wgi_gov_effectiveness,GE.EST,1.00125849246979
ESP,2018,wgi_gov_effectiveness,GE.EST,0.969246029853821
ESP,2019,wgi_gov_effectiveness,GE.EST,0.968808770179749
ESP,2020,wgi_gov_effectiveness,GE.EST,0.853928565979004
ESP,2021,wgi_gov_effectiveness,GE.EST,0.907896876335144
ESP,2022,wgi_gov_effectiveness,GE.EST,0.920230388641357
ESP,2023,wgi_gov_effectiveness,GE.EST,0.752065539360046
FIN,1996,wgi_gov_effectiveness,GE.EST,1.72499644756317
FIN,1998,wgi_gov_effectiveness,GE.EST,1.94985711574554
FIN,2000,wgi_gov_effectiveness,GE.EST,2.02971863746643
FIN,2002,wgi_gov_effectiveness,GE.EST,2.09640264511108
FIN,2003,wgi_gov_effectiveness,GE.EST,2.19400310516357
FIN,2004,wgi_gov_effectiveness,GE.EST,2.14761972427368
FIN,2005,wgi_gov_effectiveness,GE.EST,2.12453174591064
FIN,2006,wgi_gov_effectiveness,GE.EST,2.1676173210144
FIN,2007,wgi_gov_effectiveness,GE.EST,1.96812081336975
FIN,2008,wgi_gov_effectiveness,GE.EST,2.04124021530151
FIN,2009,wgi_gov_effectiveness,GE.EST,2.22546005249023
FIN,2010,wgi_gov_effectiveness,GE.EST,2.22388696670532
FIN,2011,wgi_gov_effectiveness,GE.EST,2.23519229888916
FIN,2012,wgi_gov_effectiveness,GE.EST,2.2103111743927
FIN,2013,wgi_gov_effectiveness,GE.EST,2.18062210083008
FIN,2014,wgi_gov_effectiveness,GE.EST,2.02504563331604
FIN,2015,wgi_gov_effectiveness,GE.EST,1.84316194057465
FIN,2016,wgi_gov_effectiveness,GE.EST,1.84161901473999
FIN,2017,wgi_gov_effectiveness,GE.EST,1.9772777557373
FIN,2018,wgi_gov_effectiveness,GE.EST,2.01387786865234
FIN,2019,wgi_gov_effectiveness,GE.EST,1.97280502319336
FIN,2020,wgi_gov_effectiveness,GE.EST,1.90100395679474
FIN,2021,wgi_gov_effectiveness,GE.EST,1.91831088066101
FIN,2022,wgi_gov_effectiveness,GE.EST,1.75458240509033
FIN,2023,wgi_gov_effectiveness,GE.EST,1.73860657215118
FRA,1996,wgi_gov_effectiveness,GE.EST,1.25185739994049
FRA,1998,wgi_gov_effectiveness,GE.EST,1.45350337028503
FRA,2000,wgi_gov_effectiveness,GE.EST,1.63705730438232
FRA,2002,wgi_gov_effectiveness,GE.EST,1.54408168792725
FRA,2003,wgi_gov_effectiveness,GE.EST,1.6510945558548
FRA,2004,wgi_gov_effectiveness,GE.EST,1.75563025474548
FRA,2005,wgi_gov_effectiveness,GE.EST,1.66645479202271
FRA,2006,wgi_gov_effectiveness,GE.EST,1.62847626209259
FRA,2007,wgi_gov_effectiveness,GE.EST,1.46457493305206
FRA,2008,wgi_gov_effectiveness,GE.EST,1.57403433322906
FRA,2009,wgi_gov_effectiveness,GE.EST,1.47705447673798
FRA,2010,wgi_gov_effectiveness,GE.EST,1.46266102790833
FRA,2011,wgi_gov_effectiveness,GE.EST,1.39230680465698
FRA,2012,wgi_gov_effectiveness,GE.EST,1.37338125705719
FRA,2013,wgi_gov_effectiveness,GE.EST,1.48205244541168
FRA,2014,wgi_gov_effectiveness,GE.EST,1.41287088394165
FRA,2015,wgi_gov_effectiveness,GE.EST,1.41732227802277
FRA,2016,wgi_gov_effectiveness,GE.EST,1.38062357902527
FRA,2017,wgi_gov_effectiveness,GE.EST,1.30890679359436
FRA,2018,wgi_gov_effectiveness,GE.EST,1.41971850395203
FRA,2019,wgi_gov_effectiveness,GE.EST,1.33822000026703
FRA,2020,wgi_gov_effectiveness,GE.EST,1.2042510509491
FRA,2021,wgi_gov_effectiveness,GE.EST,1.22854030132294
FRA,2022,wgi_gov_effectiveness,GE.EST,1.16521215438843
FRA,2023,wgi_gov_effectiveness,GE.EST,1.14462625980377
GBR,1996,wgi_gov_effectiveness,GE.EST,1.88219606876373
GBR,1998,wgi_gov_effectiveness,GE.EST,1.86216461658478
GBR,2000,wgi_gov_effectiveness,GE.EST,1.76882231235504
GBR,2002,wgi_gov_effectiveness,GE.EST,1.77972555160522
GBR,2003,wgi_gov_effectiveness,GE.EST,1.74633467197418
GBR,2004,wgi_gov_effectiveness,GE.EST,1.86802077293396
GBR,2005,wgi_gov_effectiveness,GE.EST,1.76157212257385
GBR,2006,wgi_gov_effectiveness,GE.EST,1.6667982339859
GBR,2007,wgi_gov_effectiveness,GE.EST,1.64163875579834
GBR,2008,wgi_gov_effectiveness,GE.EST,1.63480663299561
GBR,2009,wgi_gov_effectiveness,GE.EST,1.50809645652771
GBR,2010,wgi_gov_effectiveness,GE.EST,1.6179975271225
GBR,2011,wgi_gov_effectiveness,GE.EST,1.60419464111328
GBR,2012,wgi_gov_effectiveness,GE.EST,1.59121036529541
GBR,2013,wgi_gov_effectiveness,GE.EST,1.51226651668549
GBR,2014,wgi_gov_effectiveness,GE.EST,1.62349116802216
GBR,2015,wgi_gov_effectiveness,GE.EST,1.70522773265839
GBR,2016,wgi_gov_effectiveness,GE.EST,1.57377743721008
GBR,2017,wgi_gov_effectiveness,GE.EST,1.4309287071228
GBR,2018,wgi_gov_effectiveness,GE.EST,1.36169874668121
GBR,2019,wgi_gov_effectiveness,GE.EST,1.44982588291168
GBR,2020,wgi_gov_effectiveness,GE.EST,1.33215415477753
GBR,2021,wgi_gov_effectiveness,GE.EST,1.23967301845551
GBR,2022,wgi_gov_effectiveness,GE.EST,1.23809003829956
GBR,2023,wgi_gov_effectiveness,GE.EST,1.16114270687103
HKG,1996,wgi_gov_effectiveness,GE.EST,1.03622543811798
HKG,1998,wgi_gov_effectiveness,GE.EST,1.09690153598785
HKG,2000,wgi_gov_effectiveness,GE.EST,1.26450181007385
HKG,2002,wgi_gov_effectiveness,GE.EST,1.33110809326172
HKG,2003,wgi_gov_effectiveness,GE.EST,1.59025156497955
HKG,2004,wgi_gov_effectiveness,GE.EST,1.73553156852722
HKG,2005,wgi_gov_effectiveness,GE.EST,1.60948646068573
HKG,2006,wgi_gov_effectiveness,GE.EST,1.91120851039886
HKG,2007,wgi_gov_effectiveness,GE.EST,1.86417436599731
HKG,2008,wgi_gov_effectiveness,GE.EST,1.84699952602386
HKG,2009,wgi_gov_effectiveness,GE.EST,1.73737561702728
HKG,2010,wgi_gov_effectiveness,GE.EST,1.67535734176636
HKG,2011,wgi_gov_effectiveness,GE.EST,1.64496850967407
HKG,2012,wgi_gov_effectiveness,GE.EST,1.82570827007294
HKG,2013,wgi_gov_effectiveness,GE.EST,1.73794031143188
HKG,2014,wgi_gov_effectiveness,GE.EST,1.82591092586517
HKG,2015,wgi_gov_effectiveness,GE.EST,1.87794923782349
HKG,2016,wgi_gov_effectiveness,GE.EST,1.80385911464691
HKG,2017,wgi_gov_effectiveness,GE.EST,1.86339437961578
HKG,2018,wgi_gov_effectiveness,GE.EST,1.86079668998718
HKG,2019,wgi_gov_effectiveness,GE.EST,1.70702481269836
HKG,2020,wgi_gov_effectiveness,GE.EST,1.61836564540863
HKG,2021,wgi_gov_effectiveness,GE.EST,1.48761248588562
HKG,2022,wgi_gov_effectiveness,GE.EST,1.58966255187988
HKG,2023,wgi_gov_effectiveness,GE.EST,1.55483567714691
IDN,1996,wgi_gov_effectiveness,GE.EST,-0.705335676670074
IDN,1998,wgi_gov_effectiveness,GE.EST,-0.694517493247986
IDN,2000,wgi_gov_effectiveness,GE.EST,-0.366054028272629
IDN,2002,wgi_gov_effectiveness,GE.EST,-0.550523042678833
IDN,2003,wgi_gov_effectiveness,GE.EST,-0.596454501152039
IDN,2004,wgi_gov_effectiveness,GE.EST,-0.490505009889603
IDN,2005,wgi_gov_effectiveness,GE.EST,-0.502644717693329
IDN,2006,wgi_gov_effectiveness,GE.EST,-0.348611891269684
IDN,2007,wgi_gov_effectiveness,GE.EST,-0.307463616132736
IDN,2008,wgi_gov_effectiveness,GE.EST,-0.262719124555588
IDN,2009,wgi_gov_effectiveness,GE.EST,-0.330059111118317
IDN,2010,wgi_gov_effectiveness,GE.EST,-0.266941010951996
IDN,2011,wgi_gov_effectiveness,GE.EST,-0.321591943502426
IDN,2012,wgi_gov_effectiveness,GE.EST,-0.330479681491852
IDN,2013,wgi_gov_effectiveness,GE.EST,-0.244262352585793
IDN,2014,wgi_gov_effectiveness,GE.EST,-0.0666907653212547
IDN,2015,wgi_gov_effectiveness,GE.EST,-0.325818121433258
IDN,2016,wgi_gov_effectiveness,GE.EST,-0.0507822521030903
IDN,2017,wgi_gov_effectiveness,GE.EST,-0.0197342690080404
IDN,2018,wgi_gov_effectiveness,GE.EST,0.141379877924919
IDN,2019,wgi_gov_effectiveness,GE.EST,0.138700008392334
IDN,2020,wgi_gov_effectiveness,GE.EST,0.31706503033638
IDN,2021,wgi_gov_effectiveness,GE.EST,0.346443444490433
IDN,2022,wgi_gov_effectiveness,GE.EST,0.436147511005402
IDN,2023,wgi_gov_effectiveness,GE.EST,0.58032637834549
IND,1996,wgi_gov_effectiveness,GE.EST,-0.111606687307358
IND,1998,wgi_gov_effectiveness,GE.EST,-0.11445739865303
IND,2000,wgi_gov_effectiveness,GE.EST,-0.187351524829865
IND,2002,wgi_gov_effectiveness,GE.EST,-0.189068421721458
IND,2003,wgi_gov_effectiveness,GE.EST,-0.143909424543381
IND,2004,wgi_gov_effectiveness,GE.EST,-0.179698884487152
IND,2005,wgi_gov_effectiveness,GE.EST,-0.0987746343016624
IND,2006,wgi_gov_effectiveness,GE.EST,-0.0953764915466309
IND,2007,wgi_gov_effectiveness,GE.EST,0.136991709470749
IND,2008,wgi_gov_effectiveness,GE.EST,-0.00973291415721178
IND,2009,wgi_gov_effectiveness,GE.EST,-0.00329578877426684
IND,2010,wgi_gov_effectiveness,GE.EST,0.0316559858620167
IND,2011,wgi_gov_effectiveness,GE.EST,0.0225540697574615
IND,2012,wgi_gov_effectiveness,GE.EST,-0.15608711540699
IND,2013,wgi_gov_effectiveness,GE.EST,-0.157355144619942
IND,2014,wgi_gov_effectiveness,GE.EST,-0.222846582531929
IND,2015,wgi_gov_effectiveness,GE.EST,0.0800815001130104
IND,2016,wgi_gov_effectiveness,GE.EST,0.0613894164562225
IND,2017,wgi_gov_effectiveness,GE.EST,0.0410966314375401
IND,2018,wgi_gov_effectiveness,GE.EST,0.262917786836624
IND,2019,wgi_gov_effectiveness,GE.EST,0.130771830677986
IND,2020,wgi_gov_effectiveness,GE.EST,0.374532461166382
IND,2021,wgi_gov_effectiveness,GE.EST,0.249238416552544
IND,2022,wgi_gov_effectiveness,GE.EST,0.369541674852371
IND,2023,wgi_gov_effectiveness,GE.EST,0.47511014342308
IRL,1996,wgi_gov_effectiveness,GE.EST,1.67031967639923
IRL,1998,wgi_gov_effectiveness,GE.EST,1.73684322834015
IRL,2000,wgi_gov_effectiveness,GE.EST,1.59273290634155
IRL,2002,wgi_gov_effectiveness,GE.EST,1.57149362564087
IRL,2003,wgi_gov_effectiveness,GE.EST,1.49655044078827
IRL,2004,wgi_gov_effectiveness,GE.EST,1.51924753189087
IRL,2005,wgi_gov_effectiveness,GE.EST,1.73055720329285
IRL,2006,wgi_gov_effectiveness,GE.EST,1.53167414665222
IRL,2007,wgi_gov_effectiveness,GE.EST,1.55425381660461
IRL,2008,wgi_gov_effectiveness,GE.EST,1.49149310588837
IRL,2009,wgi_gov_effectiveness,GE.EST,1.33218801021576
IRL,2010,wgi_gov_effectiveness,GE.EST,1.34430372714996
IRL,2011,wgi_gov_effectiveness,GE.EST,1.45015203952789
IRL,2012,wgi_gov_effectiveness,GE.EST,1.53906953334808
IRL,2013,wgi_gov_effectiveness,GE.EST,1.50404286384583
IRL,2014,wgi_gov_effectiveness,GE.EST,1.59883308410645
IRL,2015,wgi_gov_effectiveness,GE.EST,1.52084052562714
IRL,2016,wgi_gov_effectiveness,GE.EST,1.32955777645111
IRL,2017,wgi_gov_effectiveness,GE.EST,1.26728880405426
IRL,2018,wgi_gov_effectiveness,GE.EST,1.37824308872223
IRL,2019,wgi_gov_effectiveness,GE.EST,1.2575615644455
IRL,2020,wgi_gov_effectiveness,GE.EST,1.43524384498596
IRL,2021,wgi_gov_effectiveness,GE.EST,1.46342539787292
IRL,2022,wgi_gov_effectiveness,GE.EST,1.5485702753067
IRL,2023,wgi_gov_effectiveness,GE.EST,1.59114551544189
IRN,1996,wgi_gov_effectiveness,GE.EST,-0.600068271160126
IRN,1998,wgi_gov_effectiveness,GE.EST,-0.490328997373581
IRN,2000,wgi_gov_effectiveness,GE.EST,-0.492341905832291
IRN,2002,wgi_gov_effectiveness,GE.EST,-0.616700828075409
IRN,2003,wgi_gov_effectiveness,GE.EST,-0.565392553806305
IRN,2004,wgi_gov_effectiveness,GE.EST,-0.501296877861023
IRN,2005,wgi_gov_effectiveness,GE.EST,-0.662730693817139
IRN,2006,wgi_gov_effectiveness,GE.EST,-0.555354535579681
IRN,2007,wgi_gov_effectiveness,GE.EST,-0.648909568786621
IRN,2008,wgi_gov_effectiveness,GE.EST,-0.682821750640869
IRN,2009,wgi_gov_effectiveness,GE.EST,-0.577192842960358
IRN,2010,wgi_gov_effectiveness,GE.EST,-0.49773833155632
IRN,2011,wgi_gov_effectiveness,GE.EST,-0.452714681625366
IRN,2012,wgi_gov_effectiveness,GE.EST,-0.542041420936584
IRN,2013,wgi_gov_effectiveness,GE.EST,-0.690026342868805
IRN,2014,wgi_gov_effectiveness,GE.EST,-0.438457310199738
IRN,2015,wgi_gov_effectiveness,GE.EST,-0.253069669008255
IRN,2016,wgi_gov_effectiveness,GE.EST,-0.237505525350571
IRN,2017,wgi_gov_effectiveness,GE.EST,-0.241994991898537
IRN,2018,wgi_gov_effectiveness,GE.EST,-0.47861048579216
IRN,2019,wgi_gov_effectiveness,GE.EST,-0.599589228630066
IRN,2020,wgi_gov_effectiveness,GE.EST,-1.01759469509125
IRN,2021,wgi_gov_effectiveness,GE.EST,-0.887051045894623
IRN,2022,wgi_gov_effectiveness,GE.EST,-0.882911622524261
IRN,2023,wgi_gov_effectiveness,GE.EST,-1.02239692211151
IRQ,1996,wgi_gov_effectiveness,GE.EST,-2.08864450454712
IRQ,1998,wgi_gov_effectiveness,GE.EST,-1.91937220096588
IRQ,2000,wgi_gov_effectiveness,GE.EST,-1.9281210899353
IRQ,2002,wgi_gov_effectiveness,GE.EST,-1.96257197856903
IRQ,2003,wgi_gov_effectiveness,GE.EST,-1.74967467784882
IRQ,2004,wgi_gov_effectiveness,GE.EST,-1.61869239807129
IRQ,2005,wgi_gov_effectiveness,GE.EST,-1.63549697399139
IRQ,2006,wgi_gov_effectiveness,GE.EST,-1.73054528236389
IRQ,2007,wgi_gov_effectiveness,GE.EST,-1.56380665302277
IRQ,2008,wgi_gov_effectiveness,GE.EST,-1.2360702753067
IRQ,2009,wgi_gov_effectiveness,GE.EST,-1.18672871589661
IRQ,2010,wgi_gov_effectiveness,GE.EST,-1.1039627790451
IRQ,2011,wgi_gov_effectiveness,GE.EST,-1.07451224327087
IRQ,2012,wgi_gov_effectiveness,GE.EST,-1.05595529079437
IRQ,2013,wgi_gov_effectiveness,GE.EST,-1.04929423332214
IRQ,2014,wgi_gov_effectiveness,GE.EST,-1.05569767951965
IRQ,2015,wgi_gov_effectiveness,GE.EST,-1.2022225856781
IRQ,2016,wgi_gov_effectiveness,GE.EST,-1.23010790348053
IRQ,2017,wgi_gov_effectiveness,GE.EST,-1.22211647033691
IRQ,2018,wgi_gov_effectiveness,GE.EST,-1.26693630218506
IRQ,2019,wgi_gov_effectiveness,GE.EST,-1.31078171730042
IRQ,2020,wgi_gov_effectiveness,GE.EST,-1.30339181423187
IRQ,2021,wgi_gov_effectiveness,GE.EST,-1.32009863853455
IRQ,2022,wgi_gov_effectiveness,GE.EST,-1.30276036262512
IRQ,2023,wgi_gov_effectiveness,GE.EST,-1.38960635662079
ISR,1996,wgi_gov_effectiveness,GE.EST,0.77417254447937
ISR,1998,wgi_gov_effectiveness,GE.EST,1.04076933860779
ISR,2000,wgi_gov_effectiveness,GE.EST,1.05533421039581
ISR,2002,wgi_gov_effectiveness,GE.EST,1.03079378604889
ISR,2003,wgi_gov_effectiveness,GE.EST,1.13986682891846
ISR,2004,wgi_gov_effectiveness,GE.EST,1.2419970035553
ISR,2005,wgi_gov_effectiveness,GE.EST,1.03845989704132
ISR,2006,wgi_gov_effectiveness,GE.EST,1.24783563613892
ISR,2007,wgi_gov_effectiveness,GE.EST,1.23067355155945
ISR,2008,wgi_gov_effectiveness,GE.EST,1.32564425468445
ISR,2009,wgi_gov_effectiveness,GE.EST,1.27143526077271
ISR,2010,wgi_gov_effectiveness,GE.EST,1.38622903823853
ISR,2011,wgi_gov_effectiveness,GE.EST,1.33679676055908
ISR,2012,wgi_gov_effectiveness,GE.EST,1.26981163024902
ISR,2013,wgi_gov_effectiveness,GE.EST,1.24306440353394
ISR,2014,wgi_gov_effectiveness,GE.EST,1.20617961883545
ISR,2015,wgi_gov_effectiveness,GE.EST,1.35655665397644
ISR,2016,wgi_gov_effectiveness,GE.EST,1.30955588817596
ISR,2017,wgi_gov_effectiveness,GE.EST,1.34878790378571
ISR,2018,wgi_gov_effectiveness,GE.EST,1.16925418376923
ISR,2019,wgi_gov_effectiveness,GE.EST,1.28858661651611
ISR,2020,wgi_gov_effectiveness,GE.EST,1.0519632101059
ISR,2021,wgi_gov_effectiveness,GE.EST,1.25080215930939
ISR,2022,wgi_gov_effectiveness,GE.EST,1.23610758781433
ISR,2023,wgi_gov_effectiveness,GE.EST,1.1453697681427
ITA,1996,wgi_gov_effectiveness,GE.EST,0.840325474739075
ITA,1998,wgi_gov_effectiveness,GE.EST,0.829069972038269
ITA,2000,wgi_gov_effectiveness,GE.EST,0.72274261713028
ITA,2002,wgi_gov_effectiveness,GE.EST,0.753255426883698
ITA,2003,wgi_gov_effectiveness,GE.EST,0.743869483470917
ITA,2004,wgi_gov_effectiveness,GE.EST,0.628187000751495
ITA,2005,wgi_gov_effectiveness,GE.EST,0.556203484535217
ITA,2006,wgi_gov_effectiveness,GE.EST,0.35609769821167
ITA,2007,wgi_gov_effectiveness,GE.EST,0.191648334264755
ITA,2008,wgi_gov_effectiveness,GE.EST,0.272778868675232
ITA,2009,wgi_gov_effectiveness,GE.EST,0.417277067899704
ITA,2010,wgi_gov_effectiveness,GE.EST,0.467300355434418
ITA,2011,wgi_gov_effectiveness,GE.EST,0.403479129076004
ITA,2012,wgi_gov_effectiveness,GE.EST,0.447511166334152
ITA,2013,wgi_gov_effectiveness,GE.EST,0.532426714897156
ITA,2014,wgi_gov_effectiveness,GE.EST,0.472872227430344
ITA,2015,wgi_gov_effectiveness,GE.EST,0.49019667506218
ITA,2016,wgi_gov_effectiveness,GE.EST,0.544244647026062
ITA,2017,wgi_gov_effectiveness,GE.EST,0.491924196481705
ITA,2018,wgi_gov_effectiveness,GE.EST,0.408853262662888
ITA,2019,wgi_gov_effectiveness,GE.EST,0.450929790735245
ITA,2020,wgi_gov_effectiveness,GE.EST,0.360754579305649
ITA,2021,wgi_gov_effectiveness,GE.EST,0.325260877609253
ITA,2022,wgi_gov_effectiveness,GE.EST,0.448645293712616
ITA,2023,wgi_gov_effectiveness,GE.EST,0.611036896705627
JPN,1996,wgi_gov_effectiveness,GE.EST,0.910290777683258
JPN,1998,wgi_gov_effectiveness,GE.EST,1.01681685447693
JPN,2000,wgi_gov_effectiveness,GE.EST,1.14183568954468
JPN,2002,wgi_gov_effectiveness,GE.EST,1.0168479681015
JPN,2003,wgi_gov_effectiveness,GE.EST,1.15746104717255
JPN,2004,wgi_gov_effectiveness,GE.EST,1.34332299232483
JPN,2005,wgi_gov_effectiveness,GE.EST,1.28548622131348
JPN,2006,wgi_gov_effectiveness,GE.EST,1.5849609375
JPN,2007,wgi_gov_effectiveness,GE.EST,1.44125950336456
JPN,2008,wgi_gov_effectiveness,GE.EST,1.45174884796143
JPN,2009,wgi_gov_effectiveness,GE.EST,1.45010435581207
JPN,2010,wgi_gov_effectiveness,GE.EST,1.52235090732574
JPN,2011,wgi_gov_effectiveness,GE.EST,1.46691274642944
JPN,2012,wgi_gov_effectiveness,GE.EST,1.40798962116241
JPN,2013,wgi_gov_effectiveness,GE.EST,1.61050939559937
JPN,2014,wgi_gov_effectiveness,GE.EST,1.80541300773621
JPN,2015,wgi_gov_effectiveness,GE.EST,1.75316548347473
JPN,2016,wgi_gov_effectiveness,GE.EST,1.78482556343079
JPN,2017,wgi_gov_effectiveness,GE.EST,1.57989025115967
JPN,2018,wgi_gov_effectiveness,GE.EST,1.63458871841431
JPN,2019,wgi_gov_effectiveness,GE.EST,1.55003654956818
JPN,2020,wgi_gov_effectiveness,GE.EST,1.5473005771637
JPN,2021,wgi_gov_effectiveness,GE.EST,1.36116814613342
JPN,2022,wgi_gov_effectiveness,GE.EST,1.61941540241241
JPN,2023,wgi_gov_effectiveness,GE.EST,1.63126504421234
KOR,1996,wgi_gov_effectiveness,GE.EST,0.473718643188477
KOR,1998,wgi_gov_effectiveness,GE.EST,0.290556639432907
KOR,2000,wgi_gov_effectiveness,GE.EST,0.613540589809418
KOR,2002,wgi_gov_effectiveness,GE.EST,0.796305239200592
KOR,2003,wgi_gov_effectiveness,GE.EST,0.790476679801941
KOR,2004,wgi_gov_effectiveness,GE.EST,0.815539062023163
KOR,2005,wgi_gov_effectiveness,GE.EST,0.924596548080444
KOR,2006,wgi_gov_effectiveness,GE.EST,0.984207689762115
KOR,2007,wgi_gov_effectiveness,GE.EST,1.20181572437286
KOR,2008,wgi_gov_effectiveness,GE.EST,0.994486927986145
KOR,2009,wgi_gov_effectiveness,GE.EST,1.02481615543365
KOR,2010,wgi_gov_effectiveness,GE.EST,1.14781618118286
KOR,2011,wgi_gov_effectiveness,GE.EST,1.15794360637665
KOR,2012,wgi_gov_effectiveness,GE.EST,1.07450258731842
KOR,2013,wgi_gov_effectiveness,GE.EST,1.0034042596817
KOR,2014,wgi_gov_effectiveness,GE.EST,1.03528797626495
KOR,2015,wgi_gov_effectiveness,GE.EST,0.977552056312561
KOR,2016,wgi_gov_effectiveness,GE.EST,1.02125263214111
KOR,2017,wgi_gov_effectiveness,GE.EST,1.02912318706512
KOR,2018,wgi_gov_effectiveness,GE.EST,1.1352561712265
KOR,2019,wgi_gov_effectiveness,GE.EST,1.33254516124725
KOR,2020,wgi_gov_effectiveness,GE.EST,1.3701868057251
KOR,2021,wgi_gov_effectiveness,GE.EST,1.36565375328064
KOR,2022,wgi_gov_effectiveness,GE.EST,1.34904730319977
KOR,2023,wgi_gov_effectiveness,GE.EST,1.40480732917786
MEX,1996,wgi_gov_effectiveness,GE.EST,0.225326701998711
MEX,1998,wgi_gov_effectiveness,GE.EST,0.38436958193779
MEX,2000,wgi_gov_effectiveness,GE.EST,0.276181936264038
MEX,2002,wgi_gov_effectiveness,GE.EST,0.218386545777321
MEX,2003,wgi_gov_effectiveness,GE.EST,0.131819322705269
MEX,2004,wgi_gov_effectiveness,GE.EST,0.0758338123559952
MEX,2005,wgi_gov_effectiveness,GE.EST,0.0314169824123383
MEX,2006,wgi_gov_effectiveness,GE.EST,0.0504711605608463
MEX,2007,wgi_gov_effectiveness,GE.EST,0.136410132050514
MEX,2008,wgi_gov_effectiveness,GE.EST,0.16068996489048
MEX,2009,wgi_gov_effectiveness,GE.EST,0.141515776515007
MEX,2010,wgi_gov_effectiveness,GE.EST,0.0962913855910301
MEX,2011,wgi_gov_effectiveness,GE.EST,0.25232720375061
MEX,2012,wgi_gov_effectiveness,GE.EST,0.296199023723602
MEX,2013,wgi_gov_effectiveness,GE.EST,0.302350997924805
MEX,2014,wgi_gov_effectiveness,GE.EST,0.133970901370049
MEX,2015,wgi_gov_effectiveness,GE.EST,0.117517560720444
MEX,2016,wgi_gov_effectiveness,GE.EST,0.0276105776429176
MEX,2017,wgi_gov_effectiveness,GE.EST,-0.0653025507926941
MEX,2018,wgi_gov_effectiveness,GE.EST,-0.292850613594055
MEX,2019,wgi_gov_effectiveness,GE.EST,-0.306684851646423
MEX,2020,wgi_gov_effectiveness,GE.EST,-0.27033868432045
MEX,2021,wgi_gov_effectiveness,GE.EST,-0.3435437977314
MEX,2022,wgi_gov_effectiveness,GE.EST,-0.281723529100418
MEX,2023,wgi_gov_effectiveness,GE.EST,-0.198361441493034
MYS,1996,wgi_gov_effectiveness,GE.EST,0.53628271818161
MYS,1998,wgi_gov_effectiveness,GE.EST,0.754812836647034
MYS,2000,wgi_gov_effectiveness,GE.EST,0.99294239282608
MYS,2002,wgi_gov_effectiveness,GE.EST,0.92150604724884
MYS,2003,wgi_gov_effectiveness,GE.EST,1.04106783866882
MYS,2004,wgi_gov_effectiveness,GE.EST,1.04575204849243
MYS,2005,wgi_gov_effectiveness,GE.EST,1.04338908195496
MYS,2006,wgi_gov_effectiveness,GE.EST,1.23769116401672
MYS,2007,wgi_gov_effectiveness,GE.EST,1.22411561012268
MYS,2008,wgi_gov_effectiveness,GE.EST,1.05022716522217
MYS,2009,wgi_gov_effectiveness,GE.EST,0.895370304584503
MYS,2010,wgi_gov_effectiveness,GE.EST,1.04647839069366
MYS,2011,wgi_gov_effectiveness,GE.EST,0.98675674200058
MYS,2012,wgi_gov_effectiveness,GE.EST,0.906338155269623
MYS,2013,wgi_gov_effectiveness,GE.EST,0.993431925773621
MYS,2014,wgi_gov_effectiveness,GE.EST,1.14593541622162
MYS,2015,wgi_gov_effectiveness,GE.EST,0.91708517074585
MYS,2016,wgi_gov_effectiveness,GE.EST,0.817718744277954
MYS,2017,wgi_gov_effectiveness,GE.EST,0.77773243188858
MYS,2018,wgi_gov_effectiveness,GE.EST,1.05388987064362
MYS,2019,wgi_gov_effectiveness,GE.EST,0.967774987220764
MYS,2020,wgi_gov_effectiveness,GE.EST,1.02225887775421
MYS,2021,wgi_gov_effectiveness,GE.EST,0.952433526515961
MYS,2022,wgi_gov_effectiveness,GE.EST,0.992667615413666
MYS,2023,wgi_gov_effectiveness,GE.EST,0.875369668006897
NGA,1996,wgi_gov_effectiveness,GE.EST,-0.923635601997375
NGA,1998,wgi_gov_effectiveness,GE.EST,-1.11976456642151
NGA,2000,wgi_gov_effectiveness,GE.EST,-0.970691919326782
NGA,2002,wgi_gov_effectiveness,GE.EST,-1.0197149515152
NGA,2003,wgi_gov_effectiveness,GE.EST,-0.916132032871246
NGA,2004,wgi_gov_effectiveness,GE.EST,-0.935620546340942
NGA,2005,wgi_gov_effectiveness,GE.EST,-0.897212326526642
NGA,2006,wgi_gov_effectiveness,GE.EST,-0.96748149394989
NGA,2007,wgi_gov_effectiveness,GE.EST,-1.03206491470337
NGA,2008,wgi_gov_effectiveness,GE.EST,-0.987497508525848
NGA,2009,wgi_gov_effectiveness,GE.EST,-1.20047557353973
NGA,2010,wgi_gov_effectiveness,GE.EST,-1.16522252559662
NGA,2011,wgi_gov_effectiveness,GE.EST,-1.10223460197449
NGA,2012,wgi_gov_effectiveness,GE.EST,-1.00097513198853
NGA,2013,wgi_gov_effectiveness,GE.EST,-0.998286724090576
NGA,2014,wgi_gov_effectiveness,GE.EST,-1.18984341621399
NGA,2015,wgi_gov_effectiveness,GE.EST,-0.99655681848526
NGA,2016,wgi_gov_effectiveness,GE.EST,-1.12036550045013
NGA,2017,wgi_gov_effectiveness,GE.EST,-1.04120397567749
NGA,2018,wgi_gov_effectiveness,GE.EST,-1.11820352077484
NGA,2019,wgi_gov_effectiveness,GE.EST,-1.21315038204193
NGA,2020,wgi_gov_effectiveness,GE.EST,-1.14378702640533
NGA,2021,wgi_gov_effectiveness,GE.EST,-1.02695763111115
NGA,2022,wgi_gov_effectiveness,GE.EST,-1.04151690006256
NGA,2023,wgi_gov_effectiveness,GE.EST,-0.847906708717346
NLD,1996,wgi_gov_effectiveness,GE.EST,1.94293475151062
NLD,1998,wgi_gov_effectiveness,GE.EST,2.00421094894409
NLD,2000,wgi_gov_effectiveness,GE.EST,1.9833756685257
NLD,2002,wgi_gov_effectiveness,GE.EST,1.93344473838806
NLD,2003,wgi_gov_effectiveness,GE.EST,1.95480120182037
NLD,2004,wgi_gov_effectiveness,GE.EST,2.07049989700317
NLD,2005,wgi_gov_effectiveness,GE.EST,1.93773639202118
NLD,2006,wgi_gov_effectiveness,GE.EST,1.78492248058319
NLD,2007,wgi_gov_effectiveness,GE.EST,1.72176647186279
NLD,2008,wgi_gov_effectiveness,GE.EST,1.68715620040894
NLD,2009,wgi_gov_effectiveness,GE.EST,1.73591732978821
NLD,2010,wgi_gov_effectiveness,GE.EST,1.77032697200775
NLD,2011,wgi_gov_effectiveness,GE.EST,1.82099711894989
NLD,2012,wgi_gov_effectiveness,GE.EST,1.83936905860901
NLD,2013,wgi_gov_effectiveness,GE.EST,1.80873382091522
NLD,2014,wgi_gov_effectiveness,GE.EST,1.83546948432922
NLD,2015,wgi_gov_effectiveness,GE.EST,1.82862544059753
NLD,2016,wgi_gov_effectiveness,GE.EST,1.82028615474701
NLD,2017,wgi_gov_effectiveness,GE.EST,1.81402194499969
NLD,2018,wgi_gov_effectiveness,GE.EST,1.80973696708679
NLD,2019,wgi_gov_effectiveness,GE.EST,1.76715266704559
NLD,2020,wgi_gov_effectiveness,GE.EST,1.8052179813385
NLD,2021,wgi_gov_effectiveness,GE.EST,1.72513651847839
NLD,2022,wgi_gov_effectiveness,GE.EST,1.57889866828918
NLD,2023,wgi_gov_effectiveness,GE.EST,1.62553191184998
NOR,1996,wgi_gov_effectiveness,GE.EST,1.95087599754333
NOR,1998,wgi_gov_effectiveness,GE.EST,1.91207957267761
NOR,2000,wgi_gov_effectiveness,GE.EST,1.81612300872803
NOR,2002,wgi_gov_effectiveness,GE.EST,1.83372235298157
NOR,2003,wgi_gov_effectiveness,GE.EST,1.83412086963654
NOR,2004,wgi_gov_effectiveness,GE.EST,2.05889225006104
NOR,2005,wgi_gov_effectiveness,GE.EST,1.85913348197937
NOR,2006,wgi_gov_effectiveness,GE.EST,1.87561547756195
NOR,2007,wgi_gov_effectiveness,GE.EST,2.01804304122925
NOR,2008,wgi_gov_effectiveness,GE.EST,1.83281362056732
NOR,2009,wgi_gov_effectiveness,GE.EST,1.83760952949524
NOR,2010,wgi_gov_effectiveness,GE.EST,1.87354242801666
NOR,2011,wgi_gov_effectiveness,GE.EST,1.83171236515045
NOR,2012,wgi_gov_effectiveness,GE.EST,1.8999354839325
NOR,2013,wgi_gov_effectiveness,GE.EST,1.87676703929901
NOR,2014,wgi_gov_effectiveness,GE.EST,1.82170379161835
NOR,2015,wgi_gov_effectiveness,GE.EST,1.8330682516098
NOR,2016,wgi_gov_effectiveness,GE.EST,1.83236646652222
NOR,2017,wgi_gov_effectiveness,GE.EST,1.94444799423218
NOR,2018,wgi_gov_effectiveness,GE.EST,1.84514558315277
NOR,2019,wgi_gov_effectiveness,GE.EST,1.82773196697235
NOR,2020,wgi_gov_effectiveness,GE.EST,1.88777232170105
NOR,2021,wgi_gov_effectiveness,GE.EST,1.79539930820465
NOR,2022,wgi_gov_effectiveness,GE.EST,1.94172024726868
NOR,2023,wgi_gov_effectiveness,GE.EST,1.79993534088135
PAK,1996,wgi_gov_effectiveness,GE.EST,-0.624154627323151
PAK,1998,wgi_gov_effectiveness,GE.EST,-0.490328997373581
PAK,2000,wgi_gov_effectiveness,GE.EST,-0.492341905832291
PAK,2002,wgi_gov_effectiveness,GE.EST,-0.549481332302094
PAK,2003,wgi_gov_effectiveness,GE.EST,-0.586459815502167
PAK,2004,wgi_gov_effectiveness,GE.EST,-0.543261051177979
PAK,2005,wgi_gov_effectiveness,GE.EST,-0.457726120948792
PAK,2006,wgi_gov_effectiveness,GE.EST,-0.383815377950668
PAK,2007,wgi_gov_effectiveness,GE.EST,-0.489426851272583
PAK,2008,wgi_gov_effectiveness,GE.EST,-0.73821085691452
PAK,2009,wgi_gov_effectiveness,GE.EST,-0.812300384044647
PAK,2010,wgi_gov_effectiveness,GE.EST,-0.775662660598755
PAK,2011,wgi_gov_effectiveness,GE.EST,-0.833723247051239
PAK,2012,wgi_gov_effectiveness,GE.EST,-0.783729493618011
PAK,2013,wgi_gov_effectiveness,GE.EST,-0.798744976520538
PAK,2014,wgi_gov_effectiveness,GE.EST,-0.762600779533386
PAK,2015,wgi_gov_effectiveness,GE.EST,-0.709552943706512
PAK,2016,wgi_gov_effectiveness,GE.EST,-0.700057625770569
PAK,2017,wgi_gov_effectiveness,GE.EST,-0.634695649147034
PAK,2018,wgi_gov_effectiveness,GE.EST,-0.666645467281342
PAK,2019,wgi_gov_effectiveness,GE.EST,-0.718214333057404
PAK,2020,wgi_gov_effectiveness,GE.EST,-0.571128666400909
PAK,2021,wgi_gov_effectiveness,GE.EST,-0.438822388648987
PAK,2022,wgi_gov_effectiveness,GE.EST,-0.624728679656982
PAK,2023,wgi_gov_effectiveness,GE.EST,-0.577790379524231
PHL,1996,wgi_gov_effectiveness,GE.EST,-0.313254147768021
PHL,1998,wgi_gov_effectiveness,GE.EST,-0.0368786565959454
PHL,2000,wgi_gov_effectiveness,GE.EST,-0.204128161072731
PHL,2002,wgi_gov_effectiveness,GE.EST,-0.178975060582161
PHL,2003,wgi_gov_effectiveness,GE.EST,-0.147018894553185
PHL,2004,wgi_gov_effectiveness,GE.EST,-0.221789807081223
PHL,2005,wgi_gov_effectiveness,GE.EST,-0.0164202656596899
PHL,2006,wgi_gov_effectiveness,GE.EST,-0.134328275918961
PHL,2007,wgi_gov_effectiveness,GE.EST,0.106631629168987
PHL,2008,wgi_gov_effectiveness,GE.EST,0.0476356446743011
PHL,2009,wgi_gov_effectiveness,GE.EST,0.0282764304429293
PHL,2010,wgi_gov_effectiveness,GE.EST,0.0709009245038033
PHL,2011,wgi_gov_effectiveness,GE.EST,0.189581170678139
PHL,2012,wgi_gov_effectiveness,GE.EST,0.205686181783676
PHL,2013,wgi_gov_effectiveness,GE.EST,0.205928966403008
PHL,2014,wgi_gov_effectiveness,GE.EST,0.31771445274353
PHL,2015,wgi_gov_effectiveness,GE.EST,0.160157755017281
PHL,2016,wgi_gov_effectiveness,GE.EST,0.0184973310679197
PHL,2017,wgi_gov_effectiveness,GE.EST,-0.0349111147224903
PHL,2018,wgi_gov_effectiveness,GE.EST,0.062349122017622
PHL,2019,wgi_gov_effectiveness,GE.EST,0.059953011572361
PHL,2020,wgi_gov_effectiveness,GE.EST,0.0678123831748962
PHL,2021,wgi_gov_effectiveness,GE.EST,0.0347901321947575
PHL,2022,wgi_gov_effectiveness,GE.EST,0.063930444419384
PHL,2023,wgi_gov_effectiveness,GE.EST,0.154091909527779
POL,1996,wgi_gov_effectiveness,GE.EST,0.681182622909546
POL,1998,wgi_gov_effectiveness,GE.EST,0.624520897865295
POL,2000,wgi_gov_effectiveness,GE.EST,0.568725228309631
POL,2002,wgi_gov_effectiveness,GE.EST,0.454926639795303
POL,2003,wgi_gov_effectiveness,GE.EST,0.50964617729187
POL,2004,wgi_gov_effectiveness,GE.EST,0.439104020595551
POL,2005,wgi_gov_effectiveness,GE.EST,0.446039795875549
POL,2006,wgi_gov_effectiveness,GE.EST,0.332138866186142
POL,2007,wgi_gov_effectiveness,GE.EST,0.358851343393326
POL,2008,wgi_gov_effectiveness,GE.EST,0.462065756320953
POL,2009,wgi_gov_effectiveness,GE.EST,0.517221808433533
POL,2010,wgi_gov_effectiveness,GE.EST,0.630121886730194
POL,2011,wgi_gov_effectiveness,GE.EST,0.596360862255096
POL,2012,wgi_gov_effectiveness,GE.EST,0.657871425151825
POL,2013,wgi_gov_effectiveness,GE.EST,0.659244894981384
POL,2014,wgi_gov_effectiveness,GE.EST,0.768983721733093
POL,2015,wgi_gov_effectiveness,GE.EST,0.74108874797821
POL,2016,wgi_gov_effectiveness,GE.EST,0.651506066322327
POL,2017,wgi_gov_effectiveness,GE.EST,0.550776779651642
POL,2018,wgi_gov_effectiveness,GE.EST,0.546892523765564
POL,2019,wgi_gov_effectiveness,GE.EST,0.512824833393097
POL,2020,wgi_gov_effectiveness,GE.EST,0.324195116758347
POL,2021,wgi_gov_effectiveness,GE.EST,0.254306375980377
POL,2022,wgi_gov_effectiveness,GE.EST,0.258881956338882
POL,2023,wgi_gov_effectiveness,GE.EST,0.421437799930573
PRT,1996,wgi_gov_effectiveness,GE.EST,1.27418982982635
PRT,1998,wgi_gov_effectiveness,GE.EST,1.1116589307785
PRT,2000,wgi_gov_effectiveness,GE.EST,0.972350239753723
PRT,2002,wgi_gov_effectiveness,GE.EST,1.15235102176666
PRT,2003,wgi_gov_effectiveness,GE.EST,1.1067943572998
PRT,2004,wgi_gov_effectiveness,GE.EST,1.04428017139435
PRT,2005,wgi_gov_effectiveness,GE.EST,1.05113351345062
PRT,2006,wgi_gov_effectiveness,GE.EST,0.867630779743195
PRT,2007,wgi_gov_effectiveness,GE.EST,0.894493699073792
PRT,2008,wgi_gov_effectiveness,GE.EST,1.0773845911026
PRT,2009,wgi_gov_effectiveness,GE.EST,1.15220522880554
PRT,2010,wgi_gov_effectiveness,GE.EST,0.981475114822388
PRT,2011,wgi_gov_effectiveness,GE.EST,0.921245932579041
PRT,2012,wgi_gov_effectiveness,GE.EST,1.00191485881805
PRT,2013,wgi_gov_effectiveness,GE.EST,1.19421780109406
PRT,2014,wgi_gov_effectiveness,GE.EST,0.983170330524445
PRT,2015,wgi_gov_effectiveness,GE.EST,1.15793454647064
PRT,2016,wgi_gov_effectiveness,GE.EST,1.14832854270935
PRT,2017,wgi_gov_effectiveness,GE.EST,1.2940491437912
PRT,2018,wgi_gov_effectiveness,GE.EST,1.18115174770355
PRT,2019,wgi_gov_effectiveness,GE.EST,1.13418579101562
PRT,2020,wgi_gov_effectiveness,GE.EST,0.979601144790649
PRT,2021,wgi_gov_effectiveness,GE.EST,0.952431321144104
PRT,2022,wgi_gov_effectiveness,GE.EST,1.00113356113434
PRT,2023,wgi_gov_effectiveness,GE.EST,0.987550020217896
ROU,1996,wgi_gov_effectiveness,GE.EST,-0.286933869123459
ROU,1998,wgi_gov_effectiveness,GE.EST,-0.52674263715744
ROU,2000,wgi_gov_effectiveness,GE.EST,-0.262158989906311
ROU,2002,wgi_gov_effectiveness,GE.EST,-0.196587815880775
ROU,2003,wgi_gov_effectiveness,GE.EST,-0.283442199230194
ROU,2004,wgi_gov_effectiveness,GE.EST,-0.17491602897644
ROU,2005,wgi_gov_effectiveness,GE.EST,-0.289697855710983
ROU,2006,wgi_gov_effectiveness,GE.EST,-0.189176306128502
ROU,2007,wgi_gov_effectiveness,GE.EST,-0.352275401353836
ROU,2008,wgi_gov_effectiveness,GE.EST,-0.357895225286484
ROU,2009,wgi_gov_effectiveness,GE.EST,-0.363970696926117
ROU,2010,wgi_gov_effectiveness,GE.EST,-0.112342447042465
ROU,2011,wgi_gov_effectiveness,GE.EST,-0.194315671920776
ROU,2012,wgi_gov_effectiveness,GE.EST,-0.169484630227089
ROU,2013,wgi_gov_effectiveness,GE.EST,0.134710595011711
ROU,2014,wgi_gov_effectiveness,GE.EST,0.224672213196754
ROU,2015,wgi_gov_effectiveness,GE.EST,0.0987904593348503
ROU,2016,wgi_gov_effectiveness,GE.EST,-0.0682618692517281
ROU,2017,wgi_gov_effectiveness,GE.EST,-0.0847913026809692
ROU,2018,wgi_gov_effectiveness,GE.EST,-0.177138328552246
ROU,2019,wgi_gov_effectiveness,GE.EST,-0.215103924274445
ROU,2020,wgi_gov_effectiveness,GE.EST,-0.286944448947906
ROU,2021,wgi_gov_effectiveness,GE.EST,-0.163359016180038
ROU,2022,wgi_gov_effectiveness,GE.EST,-0.000462350901216269
ROU,2023,wgi_gov_effectiveness,GE.EST,-0.0926659479737282
RUS,1996,wgi_gov_effectiveness,GE.EST,-0.452226608991623
RUS,1998,wgi_gov_effectiveness,GE.EST,-0.662553489208221
RUS,2000,wgi_gov_effectiveness,GE.EST,-0.673456251621246
RUS,2002,wgi_gov_effectiveness,GE.EST,-0.376179724931717
RUS,2003,wgi_gov_effectiveness,GE.EST,-0.499138176441193
RUS,2004,wgi_gov_effectiveness,GE.EST,-0.484211027622223
RUS,2005,wgi_gov_effectiveness,GE.EST,-0.526238322257996
RUS,2006,wgi_gov_effectiveness,GE.EST,-0.468877643346786
RUS,2007,wgi_gov_effectiveness,GE.EST,-0.412203580141068
RUS,2008,wgi_gov_effectiveness,GE.EST,-0.416781842708588
RUS,2009,wgi_gov_effectiveness,GE.EST,-0.497236013412476
RUS,2010,wgi_gov_effectiveness,GE.EST,-0.601686894893646
RUS,2011,wgi_gov_effectiveness,GE.EST,-0.601444661617279
RUS,2012,wgi_gov_effectiveness,GE.EST,-0.534914612770081
RUS,2013,wgi_gov_effectiveness,GE.EST,-0.452954411506653
RUS,2014,wgi_gov_effectiveness,GE.EST,-0.195760622620583
RUS,2015,wgi_gov_effectiveness,GE.EST,-0.332078844308853
RUS,2016,wgi_gov_effectiveness,GE.EST,-0.324105769395828
RUS,2017,wgi_gov_effectiveness,GE.EST,-0.191041514277458
RUS,2018,wgi_gov_effectiveness,GE.EST,-0.103785149753094
RUS,2019,wgi_gov_effectiveness,GE.EST,0.0241736769676208
RUS,2020,wgi_gov_effectiveness,GE.EST,-0.111088737845421
RUS,2021,wgi_gov_effectiveness,GE.EST,-0.210440874099731
RUS,2022,wgi_gov_effectiveness,GE.EST,-0.696263790130615
RUS,2023,wgi_gov_effectiveness,GE.EST,-0.712461888790131
SAU,1996,wgi_gov_effectiveness,GE.EST,-0.183629289269447
SAU,1998,wgi_gov_effectiveness,GE.EST,-0.219085738062859
SAU,2000,wgi_gov_effectiveness,GE.EST,-0.229407846927643
SAU,2002,wgi_gov_effectiveness,GE.EST,-0.337844789028168
SAU,2003,wgi_gov_effectiveness,GE.EST,-0.366576313972473
SAU,2004,wgi_gov_effectiveness,GE.EST,-0.386468946933746
SAU,2005,wgi_gov_effectiveness,GE.EST,-0.391905188560486
SAU,2006,wgi_gov_effectiveness,GE.EST,-0.198544204235077
SAU,2007,wgi_gov_effectiveness,GE.EST,-0.136533141136169
SAU,2008,wgi_gov_effectiveness,GE.EST,-0.109230503439903
SAU,2009,wgi_gov_effectiveness,GE.EST,-0.110996946692467
SAU,2010,wgi_gov_effectiveness,GE.EST,-0.0236956626176834
SAU,2011,wgi_gov_effectiveness,GE.EST,-0.317042857408524
SAU,2012,wgi_gov_effectiveness,GE.EST,0.01908940076828
SAU,2013,wgi_gov_effectiveness,GE.EST,0.057302076369524
SAU,2014,wgi_gov_effectiveness,GE.EST,0.192474737763405
SAU,2015,wgi_gov_effectiveness,GE.EST,0.154987290501595
SAU,2016,wgi_gov_effectiveness,GE.EST,0.214122653007507
SAU,2017,wgi_gov_effectiveness,GE.EST,0.210743635892868
SAU,2018,wgi_gov_effectiveness,GE.EST,0.273804366588593
SAU,2019,wgi_gov_effectiveness,GE.EST,0.261275202035904
SAU,2020,wgi_gov_effectiveness,GE.EST,0.113618113100529
SAU,2021,wgi_gov_effectiveness,GE.EST,0.464676141738892
SAU,2022,wgi_gov_effectiveness,GE.EST,0.582258403301239
SAU,2023,wgi_gov_effectiveness,GE.EST,0.796441078186035
SGP,1996,wgi_gov_effectiveness,GE.EST,1.99304711818695
SGP,1998,wgi_gov_effectiveness,GE.EST,2.07239747047424
SGP,2000,wgi_gov_effectiveness,GE.EST,2.10799384117126
SGP,2002,wgi_gov_effectiveness,GE.EST,1.79351305961609
SGP,2003,wgi_gov_effectiveness,GE.EST,1.92824709415436
SGP,2004,wgi_gov_effectiveness,GE.EST,2.0158543586731
SGP,2005,wgi_gov_effectiveness,GE.EST,1.99800038337708
SGP,2006,wgi_gov_effectiveness,GE.EST,2.24886965751648
SGP,2007,wgi_gov_effectiveness,GE.EST,2.40786051750183
SGP,2008,wgi_gov_effectiveness,GE.EST,2.46965980529785
SGP,2009,wgi_gov_effectiveness,GE.EST,2.30715298652649
SGP,2010,wgi_gov_effectiveness,GE.EST,2.28112554550171
SGP,2011,wgi_gov_effectiveness,GE.EST,2.19381713867188
SGP,2012,wgi_gov_effectiveness,GE.EST,2.20258617401123
SGP,2013,wgi_gov_effectiveness,GE.EST,2.12806558609009
SGP,2014,wgi_gov_effectiveness,GE.EST,2.21747350692749
SGP,2015,wgi_gov_effectiveness,GE.EST,2.248699426651
SGP,2016,wgi_gov_effectiveness,GE.EST,2.21462416648865
SGP,2017,wgi_gov_effectiveness,GE.EST,2.22598195075989
SGP,2018,wgi_gov_effectiveness,GE.EST,2.23176574707031
SGP,2019,wgi_gov_effectiveness,GE.EST,2.2316722869873
SGP,2020,wgi_gov_effectiveness,GE.EST,2.28420281410217
SGP,2021,wgi_gov_effectiveness,GE.EST,2.24803853034973
SGP,2022,wgi_gov_effectiveness,GE.EST,2.14423561096191
SGP,2023,wgi_gov_effectiveness,GE.EST,2.31747198104858
SWE,1996,wgi_gov_effectiveness,GE.EST,1.92191684246063
SWE,1998,wgi_gov_effectiveness,GE.EST,1.88449275493622
SWE,2000,wgi_gov_effectiveness,GE.EST,1.87932634353638
SWE,2002,wgi_gov_effectiveness,GE.EST,1.96259272098541
SWE,2003,wgi_gov_effectiveness,GE.EST,2.01690196990967
SWE,2004,wgi_gov_effectiveness,GE.EST,2.09973764419556
SWE,2005,wgi_gov_effectiveness,GE.EST,1.8879017829895
SWE,2006,wgi_gov_effectiveness,GE.EST,1.80057287216187
SWE,2007,wgi_gov_effectiveness,GE.EST,2.01871752738953
SWE,2008,wgi_gov_effectiveness,GE.EST,1.94697892665863
SWE,2009,wgi_gov_effectiveness,GE.EST,2.04168105125427
SWE,2010,wgi_gov_effectiveness,GE.EST,1.96262037754059
SWE,2011,wgi_gov_effectiveness,GE.EST,1.92519795894623
SWE,2012,wgi_gov_effectiveness,GE.EST,1.91103565692902
SWE,2013,wgi_gov_effectiveness,GE.EST,1.78899824619293
SWE,2014,wgi_gov_effectiveness,GE.EST,1.68137550354004
SWE,2015,wgi_gov_effectiveness,GE.EST,1.6848486661911
SWE,2016,wgi_gov_effectiveness,GE.EST,1.66307485103607
SWE,2017,wgi_gov_effectiveness,GE.EST,1.67575168609619
SWE,2018,wgi_gov_effectiveness,GE.EST,1.67109441757202
SWE,2019,wgi_gov_effectiveness,GE.EST,1.67401242256165
SWE,2020,wgi_gov_effectiveness,GE.EST,1.6700267791748
SWE,2021,wgi_gov_effectiveness,GE.EST,1.61025524139404
SWE,2022,wgi_gov_effectiveness,GE.EST,1.5724048614502
SWE,2023,wgi_gov_effectiveness,GE.EST,1.60138332843781
THA,1996,wgi_gov_effectiveness,GE.EST,0.180224552750587
THA,1998,wgi_gov_effectiveness,GE.EST,0.0358141399919987
THA,2000,wgi_gov_effectiveness,GE.EST,0.177485346794128
THA,2002,wgi_gov_effectiveness,GE.EST,0.261051058769226
THA,2003,wgi_gov_effectiveness,GE.EST,0.305083304643631
THA,2004,wgi_gov_effectiveness,GE.EST,0.261547863483429
THA,2005,wgi_gov_effectiveness,GE.EST,0.340901643037796
THA,2006,wgi_gov_effectiveness,GE.EST,0.417947977781296
THA,2007,wgi_gov_effectiveness,GE.EST,0.285919487476349
THA,2008,wgi_gov_effectiveness,GE.EST,0.156943961977959
THA,2009,wgi_gov_effectiveness,GE.EST,0.206796795129776
THA,2010,wgi_gov_effectiveness,GE.EST,0.0832910686731339
THA,2011,wgi_gov_effectiveness,GE.EST,0.099299393594265
THA,2012,wgi_gov_effectiveness,GE.EST,0.130159914493561
THA,2013,wgi_gov_effectiveness,GE.EST,0.16293603181839
THA,2014,wgi_gov_effectiveness,GE.EST,0.256995350122452
THA,2015,wgi_gov_effectiveness,GE.EST,0.238737538456917
THA,2016,wgi_gov_effectiveness,GE.EST,0.22570513188839
THA,2017,wgi_gov_effectiveness,GE.EST,0.257845818996429
THA,2018,wgi_gov_effectiveness,GE.EST,0.254539996385574
THA,2019,wgi_gov_effectiveness,GE.EST,0.260609537363052
THA,2020,wgi_gov_effectiveness,GE.EST,0.201812535524368
THA,2021,wgi_gov_effectiveness,GE.EST,0.220056802034378
THA,2022,wgi_gov_effectiveness,GE.EST,0.127444162964821
THA,2023,wgi_gov_effectiveness,GE.EST,0.171705812215805
TUR,1996,wgi_gov_effectiveness,GE.EST,-0.076127216219902
TUR,1998,wgi_gov_effectiveness,GE.EST,-0.3128622174263
TUR,2000,wgi_gov_effectiveness,GE.EST,-0.0204347390681505
TUR,2002,wgi_gov_effectiveness,GE.EST,0.0525650456547737
TUR,2003,wgi_gov_effectiveness,GE.EST,0.0348631851375103
TUR,2004,wgi_gov_effectiveness,GE.EST,-0.0198382139205933
TUR,2005,wgi_gov_effectiveness,GE.EST,0.144592627882957
TUR,2006,wgi_gov_effectiveness,GE.EST,0.10542806237936
TUR,2007,wgi_gov_effectiveness,GE.EST,0.326100617647171
TUR,2008,wgi_gov_effectiveness,GE.EST,0.289960533380508
TUR,2009,wgi_gov_effectiveness,GE.EST,0.28977906703949
TUR,2010,wgi_gov_effectiveness,GE.EST,0.315034985542297
TUR,2011,wgi_gov_effectiveness,GE.EST,0.365056276321411
TUR,2012,wgi_gov_effectiveness,GE.EST,0.432250022888184
TUR,2013,wgi_gov_effectiveness,GE.EST,0.398709654808044
TUR,2014,wgi_gov_effectiveness,GE.EST,0.392252773046494
TUR,2015,wgi_gov_effectiveness,GE.EST,0.199524775147438
TUR,2016,wgi_gov_effectiveness,GE.EST,-0.00650703674182296
TUR,2017,wgi_gov_effectiveness,GE.EST,0.0138382893055677
TUR,2018,wgi_gov_effectiveness,GE.EST,-0.0684682950377464
TUR,2019,wgi_gov_effectiveness,GE.EST,-0.0204638708382845
TUR,2020,wgi_gov_effectiveness,GE.EST,-0.15879775583744
TUR,2021,wgi_gov_effectiveness,GE.EST,-0.119116462767124
TUR,2022,wgi_gov_effectiveness,GE.EST,-0.199645325541496
TUR,2023,wgi_gov_effectiveness,GE.EST,-0.247911587357521
USA,1996,wgi_gov_effectiveness,GE.EST,1.52492046356201
USA,1998,wgi_gov_effectiveness,GE.EST,1.6985274553299
USA,2000,wgi_gov_effectiveness,GE.EST,1.72488653659821
USA,2002,wgi_gov_effectiveness,GE.EST,1.62092781066895
USA,2003,wgi_gov_effectiveness,GE.EST,1.54012453556061
USA,2004,wgi_gov_effectiveness,GE.EST,1.74025785923004
USA,2005,wgi_gov_effectiveness,GE.EST,1.53101277351379
USA,2006,wgi_gov_effectiveness,GE.EST,1.5816855430603
USA,2007,wgi_gov_effectiveness,GE.EST,1.64327275753021
USA,2008,wgi_gov_effectiveness,GE.EST,1.60507559776306
USA,2009,wgi_gov_effectiveness,GE.EST,1.50298464298248
USA,2010,wgi_gov_effectiveness,GE.EST,1.55227208137512
USA,2011,wgi_gov_effectiveness,GE.EST,1.5137984752655
USA,2012,wgi_gov_effectiveness,GE.EST,1.5213223695755
USA,2013,wgi_gov_effectiveness,GE.EST,1.51647663116455
USA,2014,wgi_gov_effectiveness,GE.EST,1.46162545681
USA,2015,wgi_gov_effectiveness,GE.EST,1.43219923973083
USA,2016,wgi_gov_effectiveness,GE.EST,1.44050490856171
USA,2017,wgi_gov_effectiveness,GE.EST,1.51742815971375
USA,2018,wgi_gov_effectiveness,GE.EST,1.53697216510773
USA,2019,wgi_gov_effectiveness,GE.EST,1.45341503620148
USA,2020,wgi_gov_effectiveness,GE.EST,1.27459323406219
USA,2021,wgi_gov_effectiveness,GE.EST,1.2975310087204
USA,2022,wgi_gov_effectiveness,GE.EST,1.25549554824829
USA,2023,wgi_gov_effectiveness,GE.EST,1.21720099449158
VNM,1996,wgi_gov_effectiveness,GE.EST,-0.58087569475174
VNM,1998,wgi_gov_effectiveness,GE.EST,-0.422356635332108
VNM,2000,wgi_gov_effectiveness,GE.EST,-0.394297510385513
VNM,2002,wgi_gov_effectiveness,GE.EST,-0.437316596508026
VNM,2003,wgi_gov_effectiveness,GE.EST,-0.402854233980179
VNM,2004,wgi_gov_effectiveness,GE.EST,-0.47920498251915
VNM,2005,wgi_gov_effectiveness,GE.EST,-0.228448659181595
VNM,2006,wgi_gov_effectiveness,GE.EST,-0.24698968231678
VNM,2007,wgi_gov_effectiveness,GE.EST,-0.225955650210381
VNM,2008,wgi_gov_effectiveness,GE.EST,-0.199574172496796
VNM,2009,wgi_gov_effectiveness,GE.EST,-0.245095103979111
VNM,2010,wgi_gov_effectiveness,GE.EST,-0.242955058813095
VNM,2011,wgi_gov_effectiveness,GE.EST,-0.209270849823952
VNM,2012,wgi_gov_effectiveness,GE.EST,-0.248135596513748
VNM,2013,wgi_gov_effectiveness,GE.EST,-0.245401605963707
VNM,2014,wgi_gov_effectiveness,GE.EST,-0.0470734238624573
VNM,2015,wgi_gov_effectiveness,GE.EST,0.0631621554493904
VNM,2016,wgi_gov_effectiveness,GE.EST,-0.0174771249294281
VNM,2017,wgi_gov_effectiveness,GE.EST,-0.0333407856523991
VNM,2018,wgi_gov_effectiveness,GE.EST,-0.0117206163704395
VNM,2019,wgi_gov_effectiveness,GE.EST,0.0278810821473598
VNM,2020,wgi_gov_effectiveness,GE.EST,0.193557769060135
VNM,2021,wgi_gov_effectiveness,GE.EST,0.243436112999916
VNM,2022,wgi_gov_effectiveness,GE.EST,0.174635261297226
VNM,2023,wgi_gov_effectiveness,GE.EST,0.126466900110245
ZAF,1996,wgi_gov_effectiveness,GE.EST,1.02049589157104
ZAF,1998,wgi_gov_effectiveness,GE.EST,0.624708473682404
ZAF,2000,wgi_gov_effectiveness,GE.EST,0.645909368991852
ZAF,2002,wgi_gov_effectiveness,GE.EST,0.607831418514252
ZAF,2003,wgi_gov_effectiveness,GE.EST,0.599580049514771
ZAF,2004,wgi_gov_effectiveness,GE.EST,0.559140086174011
ZAF,2005,wgi_gov_effectiveness,GE.EST,0.567057847976685
ZAF,2006,wgi_gov_effectiveness,GE.EST,0.325101375579834
ZAF,2007,wgi_gov_effectiveness,GE.EST,0.283431172370911
ZAF,2008,wgi_gov_effectiveness,GE.EST,0.332178503274918
ZAF,2009,wgi_gov_effectiveness,GE.EST,0.310807675123215
ZAF,2010,wgi_gov_effectiveness,GE.EST,0.191702410578728
ZAF,2011,wgi_gov_effectiveness,GE.EST,0.217559650540352
ZAF,2012,wgi_gov_effectiveness,GE.EST,0.170115306973457
ZAF,2013,wgi_gov_effectiveness,GE.EST,0.30602103471756
ZAF,2014,wgi_gov_effectiveness,GE.EST,0.165043815970421
ZAF,2015,wgi_gov_effectiveness,GE.EST,0.0873290970921516
ZAF,2016,wgi_gov_effectiveness,GE.EST,0.101402580738068
ZAF,2017,wgi_gov_effectiveness,GE.EST,0.0707959234714508
ZAF,2018,wgi_gov_effectiveness,GE.EST,0.103647440671921
ZAF,2019,wgi_gov_effectiveness,GE.EST,0.127971157431602
ZAF,2020,wgi_gov_effectiveness,GE.EST,0.0465345233678818
ZAF,2021,wgi_gov_effectiveness,GE.EST,-0.0701303705573082
ZAF,2022,wgi_gov_effectiveness,GE.EST,-0.109027646481991
ZAF,2023,wgi_gov_effectiveness,GE.EST,-0.256946682929993
ARE,1996,wgi_political_stability,PV.EST,0.964015007019043
ARE,1998,wgi_political_stability,PV.EST,0.871309280395508
ARE,2000,wgi_political_stability,PV.EST,0.975434422492981
ARE,2002,wgi_political_stability,PV.EST,0.937275111675262
ARE,2003,wgi_political_stability,PV.EST,0.994650185108185
ARE,2004,wgi_political_stability,PV.EST,0.768757998943329
ARE,2005,wgi_political_stability,PV.EST,0.875413298606873
ARE,2006,wgi_political_stability,PV.EST,0.923421084880829
ARE,2007,wgi_political_stability,PV.EST,0.975391387939453
ARE,2008,wgi_political_stability,PV.EST,0.696017920970917
ARE,2009,wgi_political_stability,PV.EST,0.919041454792023
ARE,2010,wgi_political_stability,PV.EST,0.801757872104645
ARE,2011,wgi_political_stability,PV.EST,0.912175714969635
ARE,2012,wgi_political_stability,PV.EST,0.863251447677612
ARE,2013,wgi_political_stability,PV.EST,0.894792199134827
ARE,2014,wgi_political_stability,PV.EST,0.7689089179039
ARE,2015,wgi_political_stability,PV.EST,0.748049259185791
ARE,2016,wgi_political_stability,PV.EST,0.549646139144897
ARE,2017,wgi_political_stability,PV.EST,0.601949751377106
ARE,2018,wgi_political_stability,PV.EST,0.689255595207214
ARE,2019,wgi_political_stability,PV.EST,0.667538404464722
ARE,2020,wgi_political_stability,PV.EST,0.592605352401733
ARE,2021,wgi_political_stability,PV.EST,0.597572147846222
ARE,2022,wgi_political_stability,PV.EST,0.744183301925659
ARE,2023,wgi_political_stability,PV.EST,0.677530944347382
ARG,1996,wgi_political_stability,PV.EST,0.111376881599426
ARG,1998,wgi_political_stability,PV.EST,-0.134649589657784
ARG,2000,wgi_political_stability,PV.EST,0.0958238765597343
ARG,2002,wgi_political_stability,PV.EST,-0.776545405387878
ARG,2003,wgi_political_stability,PV.EST,-0.359838128089905
ARG,2004,wgi_political_stability,PV.EST,-0.610934913158417
ARG,2005,wgi_political_stability,PV.EST,-0.0417749434709549
ARG,2006,wgi_political_stability,PV.EST,0.00196776282973588
ARG,2007,wgi_political_stability,PV.EST,0.0977966338396072
ARG,2008,wgi_political_stability,PV.EST,-0.0877556875348091
ARG,2009,wgi_political_stability,PV.EST,-0.234854578971863
ARG,2010,wgi_political_stability,PV.EST,-0.0847978666424751
ARG,2011,wgi_political_stability,PV.EST,0.158993661403656
ARG,2012,wgi_political_stability,PV.EST,0.103040546178818
ARG,2013,wgi_political_stability,PV.EST,0.0653142631053925
ARG,2014,wgi_political_stability,PV.EST,-0.00512187136337161
ARG,2015,wgi_political_stability,PV.EST,0.00876413471996784
ARG,2016,wgi_political_stability,PV.EST,0.197749897837639
ARG,2017,wgi_political_stability,PV.EST,0.162542164325714
ARG,2018,wgi_political_stability,PV.EST,0.00690981233492494
ARG,2019,wgi_political_stability,PV.EST,-0.0978230908513069
ARG,2020,wgi_political_stability,PV.EST,-0.0719974040985107
ARG,2021,wgi_political_stability,PV.EST,0.000530058634467423
ARG,2022,wgi_political_stability,PV.EST,-0.0985943302512169
ARG,2023,wgi_political_stability,PV.EST,-0.127517908811569
AUS,1996,wgi_political_stability,PV.EST,1.39611268043518
AUS,1998,wgi_political_stability,PV.EST,1.06650125980377
AUS,2000,wgi_political_stability,PV.EST,1.33396470546722
AUS,2002,wgi_political_stability,PV.EST,1.18941462039948
AUS,2003,wgi_political_stability,PV.EST,0.878117203712463
AUS,2004,wgi_political_stability,PV.EST,0.935463547706604
AUS,2005,wgi_political_stability,PV.EST,0.8917076587677
AUS,2006,wgi_political_stability,PV.EST,0.934466600418091
AUS,2007,wgi_political_stability,PV.EST,0.928874909877777
AUS,2008,wgi_political_stability,PV.EST,0.954700112342834
AUS,2009,wgi_political_stability,PV.EST,0.855120599269867
AUS,2010,wgi_political_stability,PV.EST,0.888859868049622
AUS,2011,wgi_political_stability,PV.EST,0.935710072517395
AUS,2012,wgi_political_stability,PV.EST,0.997997224330902
AUS,2013,wgi_political_stability,PV.EST,1.03107297420502
AUS,2014,wgi_political_stability,PV.EST,1.03219199180603
AUS,2015,wgi_political_stability,PV.EST,0.873180687427521
AUS,2016,wgi_political_stability,PV.EST,1.0334244966507
AUS,2017,wgi_political_stability,PV.EST,0.87606406211853
AUS,2018,wgi_political_stability,PV.EST,0.971185445785522
AUS,2019,wgi_political_stability,PV.EST,0.917978942394257
AUS,2020,wgi_political_stability,PV.EST,0.862161874771118
AUS,2021,wgi_political_stability,PV.EST,0.83507913351059
AUS,2022,wgi_political_stability,PV.EST,0.983715951442719
AUS,2023,wgi_political_stability,PV.EST,0.91705721616745
AUT,1996,wgi_political_stability,PV.EST,1.41046285629272
AUT,1998,wgi_political_stability,PV.EST,1.11060059070587
AUT,2000,wgi_political_stability,PV.EST,0.822056412696838
AUT,2002,wgi_political_stability,PV.EST,1.35895538330078
AUT,2003,wgi_political_stability,PV.EST,0.962002456188202
AUT,2004,wgi_political_stability,PV.EST,1.08964920043945
AUT,2005,wgi_political_stability,PV.EST,1.10395002365112
AUT,2006,wgi_political_stability,PV.EST,1.07445085048676
AUT,2007,wgi_political_stability,PV.EST,1.284419298172
AUT,2008,wgi_political_stability,PV.EST,1.33927059173584
AUT,2009,wgi_political_stability,PV.EST,1.19087398052216
AUT,2010,wgi_political_stability,PV.EST,1.15264821052551
AUT,2011,wgi_political_stability,PV.EST,1.19352161884308
AUT,2012,wgi_political_stability,PV.EST,1.34056687355042
AUT,2013,wgi_political_stability,PV.EST,1.36410057544708
AUT,2014,wgi_political_stability,PV.EST,1.27070045471191
AUT,2015,wgi_political_stability,PV.EST,1.12933051586151
AUT,2016,wgi_political_stability,PV.EST,0.8921759724617
AUT,2017,wgi_political_stability,PV.EST,1.02962481975555
AUT,2018,wgi_political_stability,PV.EST,0.884860396385193
AUT,2019,wgi_political_stability,PV.EST,0.892189025878906
AUT,2020,wgi_political_stability,PV.EST,0.887600898742676
AUT,2021,wgi_political_stability,PV.EST,0.899554431438446
AUT,2022,wgi_political_stability,PV.EST,0.648710012435913
AUT,2023,wgi_political_stability,PV.EST,0.727989196777344
BEL,1996,wgi_political_stability,PV.EST,1.28849947452545
BEL,1998,wgi_political_stability,PV.EST,1.02412986755371
BEL,2000,wgi_political_stability,PV.EST,1.12981116771698
BEL,2002,wgi_political_stability,PV.EST,1.26080238819122
BEL,2003,wgi_political_stability,PV.EST,0.85823780298233
BEL,2004,wgi_political_stability,PV.EST,0.709136724472046
BEL,2005,wgi_political_stability,PV.EST,0.79377418756485
BEL,2006,wgi_political_stability,PV.EST,0.856375813484192
BEL,2007,wgi_political_stability,PV.EST,0.757325053215027
BEL,2008,wgi_political_stability,PV.EST,0.620571196079254
BEL,2009,wgi_political_stability,PV.EST,0.820824682712555
BEL,2010,wgi_political_stability,PV.EST,0.810646176338196
BEL,2011,wgi_political_stability,PV.EST,0.95453542470932
BEL,2012,wgi_political_stability,PV.EST,0.923599720001221
BEL,2013,wgi_political_stability,PV.EST,0.940082728862762
BEL,2014,wgi_political_stability,PV.EST,0.701269447803497
BEL,2015,wgi_political_stability,PV.EST,0.577092111110687
BEL,2016,wgi_political_stability,PV.EST,0.429606109857559
BEL,2017,wgi_political_stability,PV.EST,0.41760727763176
BEL,2018,wgi_political_stability,PV.EST,0.393769443035126
BEL,2019,wgi_political_stability,PV.EST,0.458395332098007
BEL,2020,wgi_political_stability,PV.EST,0.521078526973724
BEL,2021,wgi_political_stability,PV.EST,0.662682592868805
BEL,2022,wgi_political_stability,PV.EST,0.581981599330902
BEL,2023,wgi_political_stability,PV.EST,0.403853088617325
BGD,1996,wgi_political_stability,PV.EST,-0.548815250396729
BGD,1998,wgi_political_stability,PV.EST,-0.37074676156044
BGD,2000,wgi_political_stability,PV.EST,-0.726261258125305
BGD,2002,wgi_political_stability,PV.EST,-1.03259038925171
BGD,2003,wgi_political_stability,PV.EST,-1.1155811548233
BGD,2004,wgi_political_stability,PV.EST,-1.36047637462616
BGD,2005,wgi_political_stability,PV.EST,-1.86383938789368
BGD,2006,wgi_political_stability,PV.EST,-1.50709736347198
BGD,2007,wgi_political_stability,PV.EST,-1.54307162761688
BGD,2008,wgi_political_stability,PV.EST,-1.50833129882812
BGD,2009,wgi_political_stability,PV.EST,-1.54677140712738
BGD,2010,wgi_political_stability,PV.EST,-1.42578947544098
BGD,2011,wgi_political_stability,PV.EST,-1.40473687648773
BGD,2012,wgi_political_stability,PV.EST,-1.37908899784088
BGD,2013,wgi_political_stability,PV.EST,-1.62785887718201
BGD,2014,wgi_political_stability,PV.EST,-0.895563185214996
BGD,2015,wgi_political_stability,PV.EST,-1.20977377891541
BGD,2016,wgi_political_stability,PV.EST,-1.25973296165466
BGD,2017,wgi_political_stability,PV.EST,-1.25362718105316
BGD,2018,wgi_political_stability,PV.EST,-0.985569059848785
BGD,2019,wgi_political_stability,PV.EST,-0.928628742694855
BGD,2020,wgi_political_stability,PV.EST,-0.915816903114319
BGD,2021,wgi_political_stability,PV.EST,-1.03688275814056
BGD,2022,wgi_political_stability,PV.EST,-1.046462059021
BGD,2023,wgi_political_stability,PV.EST,-0.908656716346741
BRA,1996,wgi_political_stability,PV.EST,-0.220460131764412
BRA,1998,wgi_political_stability,PV.EST,-0.339505791664124
BRA,2000,wgi_political_stability,PV.EST,0.18410162627697
BRA,2002,wgi_political_stability,PV.EST,0.327800273895264
BRA,2003,wgi_political_stability,PV.EST,0.00421393429860473
BRA,2004,wgi_political_stability,PV.EST,-0.275992810726166
BRA,2005,wgi_political_stability,PV.EST,-0.263379752635956
BRA,2006,wgi_political_stability,PV.EST,-0.294911116361618
BRA,2007,wgi_political_stability,PV.EST,-0.3579480946064
BRA,2008,wgi_political_stability,PV.EST,-0.313424706459045
BRA,2009,wgi_political_stability,PV.EST,0.163664221763611
BRA,2010,wgi_political_stability,PV.EST,0.0134759107604623
BRA,2011,wgi_political_stability,PV.EST,-0.132575422525406
BRA,2012,wgi_political_stability,PV.EST,0.0459616407752037
BRA,2013,wgi_political_stability,PV.EST,-0.258553296327591
BRA,2014,wgi_political_stability,PV.EST,-0.070290133357048
BRA,2015,wgi_political_stability,PV.EST,-0.331864446401596
BRA,2016,wgi_political_stability,PV.EST,-0.381035059690475
BRA,2017,wgi_political_stability,PV.EST,-0.479947566986084
BRA,2018,wgi_political_stability,PV.EST,-0.459598511457443
BRA,2019,wgi_political_stability,PV.EST,-0.714224636554718
BRA,2020,wgi_political_stability,PV.EST,-0.44689092040062
BRA,2021,wgi_political_stability,PV.EST,-0.419879764318466
BRA,2022,wgi_political_stability,PV.EST,-0.395036935806274
BRA,2023,wgi_political_stability,PV.EST,-0.408567786216736
CAN,1996,wgi_political_stability,PV.EST,1.23405170440674
CAN,1998,wgi_political_stability,PV.EST,0.950881242752075
CAN,2000,wgi_political_stability,PV.EST,1.16752684116364
CAN,2002,wgi_political_stability,PV.EST,1.21803176403046
CAN,2003,wgi_political_stability,PV.EST,1.05307674407959
CAN,2004,wgi_political_stability,PV.EST,0.87644749879837
CAN,2005,wgi_political_stability,PV.EST,0.828725039958954
CAN,2006,wgi_political_stability,PV.EST,1.03495657444
CAN,2007,wgi_political_stability,PV.EST,1.00701069831848
CAN,2008,wgi_political_stability,PV.EST,1.0413726568222
CAN,2009,wgi_political_stability,PV.EST,1.12707591056824
CAN,2010,wgi_political_stability,PV.EST,0.936318218708038
CAN,2011,wgi_political_stability,PV.EST,1.07717573642731
CAN,2012,wgi_political_stability,PV.EST,1.11301624774933
CAN,2013,wgi_political_stability,PV.EST,1.06142175197601
CAN,2014,wgi_political_stability,PV.EST,1.17550384998322
CAN,2015,wgi_political_stability,PV.EST,1.26233685016632
CAN,2016,wgi_political_stability,PV.EST,1.24041163921356
CAN,2017,wgi_political_stability,PV.EST,1.08968114852905
CAN,2018,wgi_political_stability,PV.EST,0.963971078395844
CAN,2019,wgi_political_stability,PV.EST,0.994933545589447
CAN,2020,wgi_political_stability,PV.EST,1.01318228244781
CAN,2021,wgi_political_stability,PV.EST,0.962336957454681
CAN,2022,wgi_political_stability,PV.EST,0.780681550502777
CAN,2023,wgi_political_stability,PV.EST,0.822420537471771
CHE,1996,wgi_political_stability,PV.EST,1.45682156085968
CHE,1998,wgi_political_stability,PV.EST,1.43966126441956
CHE,2000,wgi_political_stability,PV.EST,1.57881200313568
CHE,2002,wgi_political_stability,PV.EST,1.54236817359924
CHE,2003,wgi_political_stability,PV.EST,1.24610948562622
CHE,2004,wgi_political_stability,PV.EST,1.22733986377716
CHE,2005,wgi_political_stability,PV.EST,1.19678211212158
CHE,2006,wgi_political_stability,PV.EST,1.26811742782593
CHE,2007,wgi_political_stability,PV.EST,1.23440885543823
CHE,2008,wgi_political_stability,PV.EST,1.22224521636963
CHE,2009,wgi_political_stability,PV.EST,1.30772125720978
CHE,2010,wgi_political_stability,PV.EST,1.25859427452087
CHE,2011,wgi_political_stability,PV.EST,1.30034208297729
CHE,2012,wgi_political_stability,PV.EST,1.41833603382111
CHE,2013,wgi_political_stability,PV.EST,1.4011402130127
CHE,2014,wgi_political_stability,PV.EST,1.40265262126923
CHE,2015,wgi_political_stability,PV.EST,1.32649421691895
CHE,2016,wgi_political_stability,PV.EST,1.28985404968262
CHE,2017,wgi_political_stability,PV.EST,1.24231648445129
CHE,2018,wgi_political_stability,PV.EST,1.3194819688797
CHE,2019,wgi_political_stability,PV.EST,1.31097543239594
CHE,2020,wgi_political_stability,PV.EST,1.17624020576477
CHE,2021,wgi_political_stability,PV.EST,1.11537563800812
CHE,2022,wgi_political_stability,PV.EST,1.15974533557892
CHE,2023,wgi_political_stability,PV.EST,1.07144391536713
CHL,1996,wgi_political_stability,PV.EST,0.676454544067383
CHL,1998,wgi_political_stability,PV.EST,0.0332812815904617
CHL,2000,wgi_political_stability,PV.EST,0.485464155673981
CHL,2002,wgi_political_stability,PV.EST,1.08879637718201
CHL,2003,wgi_political_stability,PV.EST,0.761611938476562
CHL,2004,wgi_political_stability,PV.EST,0.691341698169708
CHL,2005,wgi_political_stability,PV.EST,0.842383623123169
CHL,2006,wgi_political_stability,PV.EST,0.613005876541138
CHL,2007,wgi_political_stability,PV.EST,0.406370878219604
CHL,2008,wgi_political_stability,PV.EST,0.431912958621979
CHL,2009,wgi_political_stability,PV.EST,0.602584421634674
CHL,2010,wgi_political_stability,PV.EST,0.679604530334473
CHL,2011,wgi_political_stability,PV.EST,0.452553361654282
CHL,2012,wgi_political_stability,PV.EST,0.331102102994919
CHL,2013,wgi_political_stability,PV.EST,0.363742530345917
CHL,2014,wgi_political_stability,PV.EST,0.447516918182373
CHL,2015,wgi_political_stability,PV.EST,0.424871742725372
CHL,2016,wgi_political_stability,PV.EST,0.402406215667725
CHL,2017,wgi_political_stability,PV.EST,0.406281590461731
CHL,2018,wgi_political_stability,PV.EST,0.412769764661789
CHL,2019,wgi_political_stability,PV.EST,-0.0161215793341398
CHL,2020,wgi_political_stability,PV.EST,0.0440445058047771
CHL,2021,wgi_political_stability,PV.EST,0.161427184939384
CHL,2022,wgi_political_stability,PV.EST,0.13208432495594
CHL,2023,wgi_political_stability,PV.EST,0.13615994155407
CHN,1996,wgi_political_stability,PV.EST,-0.0978488251566887
CHN,1998,wgi_political_stability,PV.EST,-0.394105225801468
CHN,2000,wgi_political_stability,PV.EST,-0.20991687476635
CHN,2002,wgi_political_stability,PV.EST,-0.327627182006836
CHN,2003,wgi_political_stability,PV.EST,-0.56535792350769
CHN,2004,wgi_political_stability,PV.EST,-0.39068067073822
CHN,2005,wgi_political_stability,PV.EST,-0.501756608486176
CHN,2006,wgi_political_stability,PV.EST,-0.540030121803284
CHN,2007,wgi_political_stability,PV.EST,-0.500553727149963
CHN,2008,wgi_political_stability,PV.EST,-0.49308842420578
CHN,2009,wgi_political_stability,PV.EST,-0.451781332492828
CHN,2010,wgi_political_stability,PV.EST,-0.65706068277359
CHN,2011,wgi_political_stability,PV.EST,-0.602054834365845
CHN,2012,wgi_political_stability,PV.EST,-0.538782060146332
CHN,2013,wgi_political_stability,PV.EST,-0.543789923191071
CHN,2014,wgi_political_stability,PV.EST,-0.522584021091461
CHN,2015,wgi_political_stability,PV.EST,-0.552559673786163
CHN,2016,wgi_political_stability,PV.EST,-0.502221345901489
CHN,2017,wgi_political_stability,PV.EST,-0.232558101415634
CHN,2018,wgi_political_stability,PV.EST,-0.298572480678558
CHN,2019,wgi_political_stability,PV.EST,-0.259780675172806
CHN,2020,wgi_political_stability,PV.EST,-0.474127858877182
CHN,2021,wgi_political_stability,PV.EST,-0.516462862491608
CHN,2022,wgi_political_stability,PV.EST,-0.45127671957016
CHN,2023,wgi_political_stability,PV.EST,-0.513097047805786
COL,1996,wgi_political_stability,PV.EST,-1.64785850048065
COL,1998,wgi_political_stability,PV.EST,-1.79392170906067
COL,2000,wgi_political_stability,PV.EST,-1.60896074771881
COL,2002,wgi_political_stability,PV.EST,-1.95671439170837
COL,2003,wgi_political_stability,PV.EST,-2.37602686882019
COL,2004,wgi_political_stability,PV.EST,-2.27122640609741
COL,2005,wgi_political_stability,PV.EST,-2.05794286727905
COL,2006,wgi_political_stability,PV.EST,-1.90479671955109
COL,2007,wgi_political_stability,PV.EST,-1.80652725696564
COL,2008,wgi_political_stability,PV.EST,-1.85346233844757
COL,2009,wgi_political_stability,PV.EST,-1.83234584331512
COL,2010,wgi_political_stability,PV.EST,-1.53718483448029
COL,2011,wgi_political_stability,PV.EST,-1.28465557098389
COL,2012,wgi_political_stability,PV.EST,-1.40181040763855
COL,2013,wgi_political_stability,PV.EST,-1.29197180271149
COL,2014,wgi_political_stability,PV.EST,-1.11459410190582
COL,2015,wgi_political_stability,PV.EST,-1.0726637840271
COL,2016,wgi_political_stability,PV.EST,-0.887163996696472
COL,2017,wgi_political_stability,PV.EST,-0.779457807540894
COL,2018,wgi_political_stability,PV.EST,-0.806941986083984
COL,2019,wgi_political_stability,PV.EST,-0.979486107826233
COL,2020,wgi_political_stability,PV.EST,-0.701150059700012
COL,2021,wgi_political_stability,PV.EST,-0.954574346542358
COL,2022,wgi_political_stability,PV.EST,-0.62995833158493
COL,2023,wgi_political_stability,PV.EST,-0.717313230037689
CZE,1996,wgi_political_stability,PV.EST,1.14775800704956
CZE,1998,wgi_political_stability,PV.EST,0.899568974971771
CZE,2000,wgi_political_stability,PV.EST,0.332739621400833
CZE,2002,wgi_political_stability,PV.EST,1.04410064220428
CZE,2003,wgi_political_stability,PV.EST,0.887058138847351
CZE,2004,wgi_political_stability,PV.EST,0.653875827789307
CZE,2005,wgi_political_stability,PV.EST,0.936384081840515
CZE,2006,wgi_political_stability,PV.EST,1.05372881889343
CZE,2007,wgi_political_stability,PV.EST,1.0154139995575
CZE,2008,wgi_political_stability,PV.EST,1.04987955093384
CZE,2009,wgi_political_stability,PV.EST,0.90582937002182
CZE,2010,wgi_political_stability,PV.EST,0.989233732223511
CZE,2011,wgi_political_stability,PV.EST,1.10911762714386
CZE,2012,wgi_political_stability,PV.EST,1.05410611629486
CZE,2013,wgi_political_stability,PV.EST,1.08477854728699
CZE,2014,wgi_political_stability,PV.EST,0.989990472793579
CZE,2015,wgi_political_stability,PV.EST,0.970251083374023
CZE,2016,wgi_political_stability,PV.EST,0.963384211063385
CZE,2017,wgi_political_stability,PV.EST,0.990650773048401
CZE,2018,wgi_political_stability,PV.EST,1.0264128446579
CZE,2019,wgi_political_stability,PV.EST,0.941995680332184
CZE,2020,wgi_political_stability,PV.EST,0.912328004837036
CZE,2021,wgi_political_stability,PV.EST,0.947537839412689
CZE,2022,wgi_political_stability,PV.EST,0.814114570617676
CZE,2023,wgi_political_stability,PV.EST,0.967361629009247
DEU,1996,wgi_political_stability,PV.EST,1.28849947452545
DEU,1998,wgi_political_stability,PV.EST,1.24214780330658
DEU,2000,wgi_political_stability,PV.EST,1.41133570671082
DEU,2002,wgi_political_stability,PV.EST,1.09601747989655
DEU,2003,wgi_political_stability,PV.EST,0.577859222888947
DEU,2004,wgi_political_stability,PV.EST,0.638884365558624
DEU,2005,wgi_political_stability,PV.EST,0.888915359973907
DEU,2006,wgi_political_stability,PV.EST,1.02506959438324
DEU,2007,wgi_political_stability,PV.EST,0.995823800563812
DEU,2008,wgi_political_stability,PV.EST,0.943830788135529
DEU,2009,wgi_political_stability,PV.EST,0.859902501106262
DEU,2010,wgi_political_stability,PV.EST,0.796834468841553
DEU,2011,wgi_political_stability,PV.EST,0.842218458652496
DEU,2012,wgi_political_stability,PV.EST,0.775621294975281
DEU,2013,wgi_political_stability,PV.EST,0.92798388004303
DEU,2014,wgi_political_stability,PV.EST,0.925186455249786
DEU,2015,wgi_political_stability,PV.EST,0.687514960765839
DEU,2016,wgi_political_stability,PV.EST,0.667541146278381
DEU,2017,wgi_political_stability,PV.EST,0.574381291866302
DEU,2018,wgi_political_stability,PV.EST,0.577865242958069
DEU,2019,wgi_political_stability,PV.EST,0.548539876937866
DEU,2020,wgi_political_stability,PV.EST,0.645049154758453
DEU,2021,wgi_political_stability,PV.EST,0.725788176059723
DEU,2022,wgi_political_stability,PV.EST,0.628491878509521
DEU,2023,wgi_political_stability,PV.EST,0.586989283561707
DNK,1996,wgi_political_stability,PV.EST,1.44196474552155
DNK,1998,wgi_political_stability,PV.EST,1.43196630477905
DNK,2000,wgi_political_stability,PV.EST,1.5010689496994
DNK,2002,wgi_political_stability,PV.EST,1.5242440700531
DNK,2003,wgi_political_stability,PV.EST,1.20381569862366
DNK,2004,wgi_political_stability,PV.EST,1.08433735370636
DNK,2005,wgi_political_stability,PV.EST,1.07349538803101
DNK,2006,wgi_political_stability,PV.EST,1.0467928647995
DNK,2007,wgi_political_stability,PV.EST,1.1181892156601
DNK,2008,wgi_political_stability,PV.EST,1.06538677215576
DNK,2009,wgi_political_stability,PV.EST,1.00118267536163
DNK,2010,wgi_political_stability,PV.EST,1.04096102714539
DNK,2011,wgi_political_stability,PV.EST,1.10029304027557
DNK,2012,wgi_political_stability,PV.EST,0.914910674095154
DNK,2013,wgi_political_stability,PV.EST,0.959233462810516
DNK,2014,wgi_political_stability,PV.EST,0.951779723167419
DNK,2015,wgi_political_stability,PV.EST,0.887059271335602
DNK,2016,wgi_political_stability,PV.EST,0.852912425994873
DNK,2017,wgi_political_stability,PV.EST,0.854937553405762
DNK,2018,wgi_political_stability,PV.EST,0.931982338428497
DNK,2019,wgi_political_stability,PV.EST,0.967598736286163
DNK,2020,wgi_political_stability,PV.EST,0.920233726501465
DNK,2021,wgi_political_stability,PV.EST,0.928662657737732
DNK,2022,wgi_political_stability,PV.EST,0.86891770362854
DNK,2023,wgi_political_stability,PV.EST,0.850847959518433
EGY,1996,wgi_political_stability,PV.EST,-0.526031970977783
EGY,1998,wgi_political_stability,PV.EST,-0.0207697190344334
EGY,2000,wgi_political_stability,PV.EST,0.0497975237667561
EGY,2002,wgi_political_stability,PV.EST,-0.414172112941742
EGY,2003,wgi_political_stability,PV.EST,-0.640924513339996
EGY,2004,wgi_political_stability,PV.EST,-0.822401702404022
EGY,2005,wgi_political_stability,PV.EST,-0.629358649253845
EGY,2006,wgi_political_stability,PV.EST,-0.837807655334473
EGY,2007,wgi_political_stability,PV.EST,-0.552382111549377
EGY,2008,wgi_political_stability,PV.EST,-0.510431706905365
EGY,2009,wgi_political_stability,PV.EST,-0.607227087020874
EGY,2010,wgi_political_stability,PV.EST,-0.898418307304382
EGY,2011,wgi_political_stability,PV.EST,-1.43705701828003
EGY,2012,wgi_political_stability,PV.EST,-1.43632972240448
EGY,2013,wgi_political_stability,PV.EST,-1.63883090019226
EGY,2014,wgi_political_stability,PV.EST,-1.63117659091949
EGY,2015,wgi_political_stability,PV.EST,-1.49933218955994
EGY,2016,wgi_political_stability,PV.EST,-1.43972682952881
EGY,2017,wgi_political_stability,PV.EST,-1.42964589595795
EGY,2018,wgi_political_stability,PV.EST,-1.18812155723572
EGY,2019,wgi_political_stability,PV.EST,-1.12463080883026
EGY,2020,wgi_political_stability,PV.EST,-1.18193280696869
EGY,2021,wgi_political_stability,PV.EST,-1.0328643321991
EGY,2022,wgi_political_stability,PV.EST,-0.978700578212738
EGY,2023,wgi_political_stability,PV.EST,-0.866764307022095
ESP,1996,wgi_political_stability,PV.EST,0.17475751042366
ESP,1998,wgi_political_stability,PV.EST,0.132018834352493
ESP,2000,wgi_political_stability,PV.EST,0.459468245506287
ESP,2002,wgi_political_stability,PV.EST,0.438226073980331
ESP,2003,wgi_political_stability,PV.EST,-0.047485888004303
ESP,2004,wgi_political_stability,PV.EST,-0.0905463024973869
ESP,2005,wgi_political_stability,PV.EST,0.19302661716938
ESP,2006,wgi_political_stability,PV.EST,-0.150648653507233
ESP,2007,wgi_political_stability,PV.EST,-0.276731640100479
ESP,2008,wgi_political_stability,PV.EST,-0.383085459470749
ESP,2009,wgi_political_stability,PV.EST,-0.474599570035934
ESP,2010,wgi_political_stability,PV.EST,-0.318043738603592
ESP,2011,wgi_political_stability,PV.EST,0.0211045369505882
ESP,2012,wgi_political_stability,PV.EST,-0.0295164491981268
ESP,2013,wgi_political_stability,PV.EST,0.0120177594944835
ESP,2014,wgi_political_stability,PV.EST,0.243121743202209
ESP,2015,wgi_political_stability,PV.EST,0.24116013944149
ESP,2016,wgi_political_stability,PV.EST,0.402214497327805
ESP,2017,wgi_political_stability,PV.EST,0.270845949649811
ESP,2018,wgi_political_stability,PV.EST,0.27590623497963
ESP,2019,wgi_political_stability,PV.EST,0.292768746614456
ESP,2020,wgi_political_stability,PV.EST,0.411448448896408
ESP,2021,wgi_political_stability,PV.EST,0.509235560894012
ESP,2022,wgi_political_stability,PV.EST,0.318843424320221
ESP,2023,wgi_political_stability,PV.EST,0.287291556596756
FIN,1996,wgi_political_stability,PV.EST,1.41271877288818
FIN,1998,wgi_political_stability,PV.EST,1.47338783740997
FIN,2000,wgi_political_stability,PV.EST,1.72011208534241
FIN,2002,wgi_political_stability,PV.EST,1.7531840801239
FIN,2003,wgi_political_stability,PV.EST,1.6870174407959
FIN,2004,wgi_political_stability,PV.EST,1.61962687969208
FIN,2005,wgi_political_stability,PV.EST,1.59494686126709
FIN,2006,wgi_political_stability,PV.EST,1.50111103057861
FIN,2007,wgi_political_stability,PV.EST,1.48869705200195
FIN,2008,wgi_political_stability,PV.EST,1.44586837291718
FIN,2009,wgi_political_stability,PV.EST,1.45967149734497
FIN,2010,wgi_political_stability,PV.EST,1.42360687255859
FIN,2011,wgi_political_stability,PV.EST,1.39347100257874
FIN,2012,wgi_political_stability,PV.EST,1.40076518058777
FIN,2013,wgi_political_stability,PV.EST,1.38517248630524
FIN,2014,wgi_political_stability,PV.EST,1.28219723701477
FIN,2015,wgi_political_stability,PV.EST,1.02799820899963
FIN,2016,wgi_political_stability,PV.EST,0.982591867446899
FIN,2017,wgi_political_stability,PV.EST,1.06380820274353
FIN,2018,wgi_political_stability,PV.EST,0.891889691352844
FIN,2019,wgi_political_stability,PV.EST,0.835258841514587
FIN,2020,wgi_political_stability,PV.EST,0.981825113296509
FIN,2021,wgi_political_stability,PV.EST,0.963275969028473
FIN,2022,wgi_political_stability,PV.EST,0.894830107688904
FIN,2023,wgi_political_stability,PV.EST,0.713986694812775
FRA,1996,wgi_political_stability,PV.EST,0.887499451637268
FRA,1998,wgi_political_stability,PV.EST,0.698888778686523
FRA,2000,wgi_political_stability,PV.EST,0.785089075565338
FRA,2002,wgi_political_stability,PV.EST,0.924183249473572
FRA,2003,wgi_political_stability,PV.EST,0.179551064968109
FRA,2004,wgi_political_stability,PV.EST,0.345115303993225
FRA,2005,wgi_political_stability,PV.EST,0.399723917245865
FRA,2006,wgi_political_stability,PV.EST,0.595505774021149
FRA,2007,wgi_political_stability,PV.EST,0.563000798225403
FRA,2008,wgi_political_stability,PV.EST,0.543759167194366
FRA,2009,wgi_political_stability,PV.EST,0.512012898921967
FRA,2010,wgi_political_stability,PV.EST,0.681087553501129
FRA,2011,wgi_political_stability,PV.EST,0.602992832660675
FRA,2012,wgi_political_stability,PV.EST,0.554941534996033
FRA,2013,wgi_political_stability,PV.EST,0.448744118213654
FRA,2014,wgi_political_stability,PV.EST,0.300568491220474
FRA,2015,wgi_political_stability,PV.EST,0.0977598056197166
FRA,2016,wgi_political_stability,PV.EST,-0.106349594891071
FRA,2017,wgi_political_stability,PV.EST,0.265701532363892
FRA,2018,wgi_political_stability,PV.EST,0.013894104398787
FRA,2019,wgi_political_stability,PV.EST,0.271341234445572
FRA,2020,wgi_political_stability,PV.EST,0.280992835760117
FRA,2021,wgi_political_stability,PV.EST,0.325612366199493
FRA,2022,wgi_political_stability,PV.EST,0.393339216709137
FRA,2023,wgi_political_stability,PV.EST,0.343697965145111
GBR,1996,wgi_political_stability,PV.EST,0.981364369392395
GBR,1998,wgi_political_stability,PV.EST,0.930068552494049
GBR,2000,wgi_political_stability,PV.EST,1.03310573101044
GBR,2002,wgi_political_stability,PV.EST,0.672591328620911
GBR,2003,wgi_political_stability,PV.EST,0.27125072479248
GBR,2004,wgi_political_stability,PV.EST,0.140847533941269
GBR,2005,wgi_political_stability,PV.EST,0.124187760055065
GBR,2006,wgi_political_stability,PV.EST,0.667080104351044
GBR,2007,wgi_political_stability,PV.EST,0.574654936790466
GBR,2008,wgi_political_stability,PV.EST,0.492879867553711
GBR,2009,wgi_political_stability,PV.EST,0.121949501335621
GBR,2010,wgi_political_stability,PV.EST,0.411818206310272
GBR,2011,wgi_political_stability,PV.EST,0.351707607507706
GBR,2012,wgi_political_stability,PV.EST,0.40227073431015
GBR,2013,wgi_political_stability,PV.EST,0.48620143532753
GBR,2014,wgi_political_stability,PV.EST,0.415347635746002
GBR,2015,wgi_political_stability,PV.EST,0.503706395626068
GBR,2016,wgi_political_stability,PV.EST,0.347932636737823
GBR,2017,wgi_political_stability,PV.EST,0.380680292844772
GBR,2018,wgi_political_stability,PV.EST,0.0770855620503426
GBR,2019,wgi_political_stability,PV.EST,0.526694297790527
GBR,2020,wgi_political_stability,PV.EST,0.483050256967545
GBR,2021,wgi_political_stability,PV.EST,0.489994138479233
GBR,2022,wgi_political_stability,PV.EST,0.533176064491272
GBR,2023,wgi_political_stability,PV.EST,0.514935672283173
HKG,1996,wgi_political_stability,PV.EST,0.576565086841583
HKG,1998,wgi_political_stability,PV.EST,0.701060175895691
HKG,2000,wgi_political_stability,PV.EST,0.935157179832458
HKG,2002,wgi_political_stability,PV.EST,0.908920228481293
HKG,2003,wgi_political_stability,PV.EST,0.947880446910858
HKG,2004,wgi_political_stability,PV.EST,1.14497804641724
HKG,2005,wgi_political_stability,PV.EST,1.33629047870636
HKG,2006,wgi_political_stability,PV.EST,1.1909122467041
HKG,2007,wgi_political_stability,PV.EST,1.10401487350464
HKG,2008,wgi_political_stability,PV.EST,1.13101947307587
HKG,2009,wgi_political_stability,PV.EST,0.965701699256897
HKG,2010,wgi_political_stability,PV.EST,0.935810565948486
HKG,2011,wgi_political_stability,PV.EST,0.948596119880676
HKG,2012,wgi_political_stability,PV.EST,1.0062894821167
HKG,2013,wgi_political_stability,PV.EST,0.922868311405182
HKG,2014,wgi_political_stability,PV.EST,1.15322852134705
HKG,2015,wgi_political_stability,PV.EST,1.03520536422729
HKG,2016,wgi_political_stability,PV.EST,0.73615837097168
HKG,2017,wgi_political_stability,PV.EST,0.818203508853912
HKG,2018,wgi_political_stability,PV.EST,0.776628255844116
HKG,2019,wgi_political_stability,PV.EST,-0.227037355303764
HKG,2020,wgi_political_stability,PV.EST,0.0566066689789295
HKG,2021,wgi_political_stability,PV.EST,0.263934075832367
HKG,2022,wgi_political_stability,PV.EST,0.5749272108078
HKG,2023,wgi_political_stability,PV.EST,0.673060536384583
IDN,1996,wgi_political_stability,PV.EST,-1.13137912750244
IDN,1998,wgi_political_stability,PV.EST,-1.73167061805725
IDN,2000,wgi_political_stability,PV.EST,-1.99520063400269
IDN,2002,wgi_political_stability,PV.EST,-1.58324420452118
IDN,2003,wgi_political_stability,PV.EST,-2.09539484977722
IDN,2004,wgi_political_stability,PV.EST,-1.90860557556152
IDN,2005,wgi_political_stability,PV.EST,-1.5181759595871
IDN,2006,wgi_political_stability,PV.EST,-1.41766691207886
IDN,2007,wgi_political_stability,PV.EST,-1.19806575775146
IDN,2008,wgi_political_stability,PV.EST,-1.05679154396057
IDN,2009,wgi_political_stability,PV.EST,-0.751153647899628
IDN,2010,wgi_political_stability,PV.EST,-0.853916168212891
IDN,2011,wgi_political_stability,PV.EST,-0.770114183425903
IDN,2012,wgi_political_stability,PV.EST,-0.593262791633606
IDN,2013,wgi_political_stability,PV.EST,-0.51926463842392
IDN,2014,wgi_political_stability,PV.EST,-0.416824042797089
IDN,2015,wgi_political_stability,PV.EST,-0.619956314563751
IDN,2016,wgi_political_stability,PV.EST,-0.379699736833572
IDN,2017,wgi_political_stability,PV.EST,-0.504938721656799
IDN,2018,wgi_political_stability,PV.EST,-0.552034020423889
IDN,2019,wgi_political_stability,PV.EST,-0.502143025398254
IDN,2020,wgi_political_stability,PV.EST,-0.462311387062073
IDN,2021,wgi_political_stability,PV.EST,-0.531449198722839
IDN,2022,wgi_political_stability,PV.EST,-0.553894221782684
IDN,2023,wgi_political_stability,PV.EST,-0.404375314712524
IND,1996,wgi_political_stability,PV.EST,-0.972584128379822
IND,1998,wgi_political_stability,PV.EST,-1.20082128047943
IND,2000,wgi_political_stability,PV.EST,-1.00120759010315
IND,2002,wgi_political_stability,PV.EST,-1.21066498756409
IND,2003,wgi_political_stability,PV.EST,-1.50999701023102
IND,2004,wgi_political_stability,PV.EST,-1.28043293952942
IND,2005,wgi_political_stability,PV.EST,-1.01388049125671
IND,2006,wgi_political_stability,PV.EST,-1.06518423557281
IND,2007,wgi_political_stability,PV.EST,-1.15429580211639
IND,2008,wgi_political_stability,PV.EST,-1.10970735549927
IND,2009,wgi_political_stability,PV.EST,-1.35554790496826
IND,2010,wgi_political_stability,PV.EST,-1.27798449993134
IND,2011,wgi_political_stability,PV.EST,-1.32679533958435
IND,2012,wgi_political_stability,PV.EST,-1.28930985927582
IND,2013,wgi_political_stability,PV.EST,-1.22917413711548
IND,2014,wgi_political_stability,PV.EST,-0.997911989688873
IND,2015,wgi_political_stability,PV.EST,-0.954773545265198
IND,2016,wgi_political_stability,PV.EST,-0.960426509380341
IND,2017,wgi_political_stability,PV.EST,-0.774099111557007
IND,2018,wgi_political_stability,PV.EST,-0.997706770896912
IND,2019,wgi_political_stability,PV.EST,-0.796846985816956
IND,2020,wgi_political_stability,PV.EST,-0.841419219970703
IND,2021,wgi_political_stability,PV.EST,-0.691076755523682
IND,2022,wgi_political_stability,PV.EST,-0.615027368068695
IND,2023,wgi_political_stability,PV.EST,-0.635076940059662
IRL,1996,wgi_political_stability,PV.EST,1.34345364570618
IRL,1998,wgi_political_stability,PV.EST,1.51291000843048
IRL,2000,wgi_political_stability,PV.EST,1.58410012722015
IRL,2002,wgi_political_stability,PV.EST,1.50421679019928
IRL,2003,wgi_political_stability,PV.EST,1.34845769405365
IRL,2004,wgi_political_stability,PV.EST,1.17082571983337
IRL,2005,wgi_political_stability,PV.EST,1.29866683483124
IRL,2006,wgi_political_stability,PV.EST,1.19241058826447
IRL,2007,wgi_political_stability,PV.EST,1.21519267559052
IRL,2008,wgi_political_stability,PV.EST,1.18687438964844
IRL,2009,wgi_political_stability,PV.EST,1.05736601352692
IRL,2010,wgi_political_stability,PV.EST,1.02016532421112
IRL,2011,wgi_political_stability,PV.EST,0.948998928070068
IRL,2012,wgi_political_stability,PV.EST,0.941072702407837
IRL,2013,wgi_political_stability,PV.EST,0.901075720787048
IRL,2014,wgi_political_stability,PV.EST,1.05299115180969
IRL,2015,wgi_political_stability,PV.EST,0.89533257484436
IRL,2016,wgi_political_stability,PV.EST,0.833849668502808
IRL,2017,wgi_political_stability,PV.EST,0.993410110473633
IRL,2018,wgi_political_stability,PV.EST,1.01136958599091
IRL,2019,wgi_political_stability,PV.EST,0.959416449069977
IRL,2020,wgi_political_stability,PV.EST,0.965521574020386
IRL,2021,wgi_political_stability,PV.EST,0.843662619590759
IRL,2022,wgi_political_stability,PV.EST,0.88466739654541
IRL,2023,wgi_political_stability,PV.EST,0.901911556720734
IRN,1996,wgi_political_stability,PV.EST,-0.324623703956604
IRN,1998,wgi_political_stability,PV.EST,-0.693391084671021
IRN,2000,wgi_political_stability,PV.EST,-0.727548360824585
IRN,2002,wgi_political_stability,PV.EST,-0.773440599441528
IRN,2003,wgi_political_stability,PV.EST,-0.779733180999756
IRN,2004,wgi_political_stability,PV.EST,-0.761824309825897
IRN,2005,wgi_political_stability,PV.EST,-0.782738864421844
IRN,2006,wgi_political_stability,PV.EST,-1.04084002971649
IRN,2007,wgi_political_stability,PV.EST,-0.931640446186066
IRN,2008,wgi_political_stability,PV.EST,-0.939874708652496
IRN,2009,wgi_political_stability,PV.EST,-1.56424200534821
IRN,2010,wgi_political_stability,PV.EST,-1.63059186935425
IRN,2011,wgi_political_stability,PV.EST,-1.4217677116394
IRN,2012,wgi_political_stability,PV.EST,-1.32392609119415
IRN,2013,wgi_political_stability,PV.EST,-1.24968659877777
IRN,2014,wgi_political_stability,PV.EST,-0.874987661838531
IRN,2015,wgi_political_stability,PV.EST,-0.924846887588501
IRN,2016,wgi_political_stability,PV.EST,-0.81402063369751
IRN,2017,wgi_political_stability,PV.EST,-0.933828890323639
IRN,2018,wgi_political_stability,PV.EST,-1.34218072891235
IRN,2019,wgi_political_stability,PV.EST,-1.71153402328491
IRN,2020,wgi_political_stability,PV.EST,-1.69920635223389
IRN,2021,wgi_political_stability,PV.EST,-1.5844532251358
IRN,2022,wgi_political_stability,PV.EST,-1.62561237812042
IRN,2023,wgi_political_stability,PV.EST,-1.6941009759903
IRQ,1996,wgi_political_stability,PV.EST,-1.81737661361694
IRQ,1998,wgi_political_stability,PV.EST,-1.53380000591278
IRQ,2000,wgi_political_stability,PV.EST,-1.73264276981354
IRQ,2002,wgi_political_stability,PV.EST,-1.60128676891327
IRQ,2003,wgi_political_stability,PV.EST,-2.39324522018433
IRQ,2004,wgi_political_stability,PV.EST,-3.18035173416138
IRQ,2005,wgi_political_stability,PV.EST,-2.68864846229553
IRQ,2006,wgi_political_stability,PV.EST,-2.82640218734741
IRQ,2007,wgi_political_stability,PV.EST,-2.77105069160461
IRQ,2008,wgi_political_stability,PV.EST,-2.46689653396606
IRQ,2009,wgi_political_stability,PV.EST,-2.17470788955688
IRQ,2010,wgi_political_stability,PV.EST,-2.23926711082458
IRQ,2011,wgi_political_stability,PV.EST,-1.84698355197906
IRQ,2012,wgi_political_stability,PV.EST,-1.93405020236969
IRQ,2013,wgi_political_stability,PV.EST,-2.01139044761658
IRQ,2014,wgi_political_stability,PV.EST,-2.48033785820007
IRQ,2015,wgi_political_stability,PV.EST,-2.25077962875366
IRQ,2016,wgi_political_stability,PV.EST,-2.30333304405212
IRQ,2017,wgi_political_stability,PV.EST,-2.29594969749451
IRQ,2018,wgi_political_stability,PV.EST,-2.52111387252808
IRQ,2019,wgi_political_stability,PV.EST,-2.60927772521973
IRQ,2020,wgi_political_stability,PV.EST,-2.47476959228516
IRQ,2021,wgi_political_stability,PV.EST,-2.38469409942627
IRQ,2022,wgi_political_stability,PV.EST,-2.40930914878845
IRQ,2023,wgi_political_stability,PV.EST,-2.41309809684753
ISR,1996,wgi_political_stability,PV.EST,-1.15118622779846
ISR,1998,wgi_political_stability,PV.EST,-1.12271451950073
ISR,2000,wgi_political_stability,PV.EST,-1.04199123382568
ISR,2002,wgi_political_stability,PV.EST,-1.46213829517365
ISR,2003,wgi_political_stability,PV.EST,-1.51878440380096
ISR,2004,wgi_political_stability,PV.EST,-1.32268130779266
ISR,2005,wgi_political_stability,PV.EST,-1.24752271175385
ISR,2006,wgi_political_stability,PV.EST,-1.2592887878418
ISR,2007,wgi_political_stability,PV.EST,-1.25203287601471
ISR,2008,wgi_political_stability,PV.EST,-1.32310199737549
ISR,2009,wgi_political_stability,PV.EST,-1.62521064281464
ISR,2010,wgi_political_stability,PV.EST,-1.34115171432495
ISR,2011,wgi_political_stability,PV.EST,-1.20131802558899
ISR,2012,wgi_political_stability,PV.EST,-1.07890439033508
ISR,2013,wgi_political_stability,PV.EST,-1.10128474235535
ISR,2014,wgi_political_stability,PV.EST,-1.03973531723022
ISR,2015,wgi_political_stability,PV.EST,-1.09781730175018
ISR,2016,wgi_political_stability,PV.EST,-0.799367249011993
ISR,2017,wgi_political_stability,PV.EST,-0.894905745983124
ISR,2018,wgi_political_stability,PV.EST,-0.918100237846375
ISR,2019,wgi_political_stability,PV.EST,-0.815568029880524
ISR,2020,wgi_political_stability,PV.EST,-0.887818515300751
ISR,2021,wgi_political_stability,PV.EST,-1.12231314182281
ISR,2022,wgi_political_stability,PV.EST,-1.22896540164948
ISR,2023,wgi_political_stability,PV.EST,-1.46484839916229
ITA,1996,wgi_political_stability,PV.EST,1.11038541793823
ITA,1998,wgi_political_stability,PV.EST,1.192702293396
ITA,2000,wgi_political_stability,PV.EST,0.916669428348541
ITA,2002,wgi_political_stability,PV.EST,0.838429808616638
ITA,2003,wgi_political_stability,PV.EST,0.431488335132599
ITA,2004,wgi_political_stability,PV.EST,0.269257694482803
ITA,2005,wgi_political_stability,PV.EST,0.489115536212921
ITA,2006,wgi_political_stability,PV.EST,0.5307337641716
ITA,2007,wgi_political_stability,PV.EST,0.446970045566559
ITA,2008,wgi_political_stability,PV.EST,0.547544240951538
ITA,2009,wgi_political_stability,PV.EST,0.346905887126923
ITA,2010,wgi_political_stability,PV.EST,0.473923683166504
ITA,2011,wgi_political_stability,PV.EST,0.501207411289215
ITA,2012,wgi_political_stability,PV.EST,0.508217513561249
ITA,2013,wgi_political_stability,PV.EST,0.495499193668365
ITA,2014,wgi_political_stability,PV.EST,0.458165407180786
ITA,2015,wgi_political_stability,PV.EST,0.363257199525833
ITA,2016,wgi_political_stability,PV.EST,0.355933427810669
ITA,2017,wgi_political_stability,PV.EST,0.292910486459732
ITA,2018,wgi_political_stability,PV.EST,0.326271682977676
ITA,2019,wgi_political_stability,PV.EST,0.381114274263382
ITA,2020,wgi_political_stability,PV.EST,0.399345397949219
ITA,2021,wgi_political_stability,PV.EST,0.550520956516266
ITA,2022,wgi_political_stability,PV.EST,0.466298222541809
ITA,2023,wgi_political_stability,PV.EST,0.583320736885071
JPN,1996,wgi_political_stability,PV.EST,1.16188979148865
JPN,1998,wgi_political_stability,PV.EST,1.24767482280731
JPN,2000,wgi_political_stability,PV.EST,1.19755268096924
JPN,2002,wgi_political_stability,PV.EST,1.17602252960205
JPN,2003,wgi_political_stability,PV.EST,1.0271201133728
JPN,2004,wgi_political_stability,PV.EST,1.02831530570984
JPN,2005,wgi_political_stability,PV.EST,1.03576946258545
JPN,2006,wgi_political_stability,PV.EST,1.13833451271057
JPN,2007,wgi_political_stability,PV.EST,1.01037454605103
JPN,2008,wgi_political_stability,PV.EST,0.894625246524811
JPN,2009,wgi_political_stability,PV.EST,0.976251900196075
JPN,2010,wgi_political_stability,PV.EST,0.879353165626526
JPN,2011,wgi_political_stability,PV.EST,0.99509197473526
JPN,2012,wgi_political_stability,PV.EST,0.948442876338959
JPN,2013,wgi_political_stability,PV.EST,1.01914191246033
JPN,2014,wgi_political_stability,PV.EST,0.96859735250473
JPN,2015,wgi_political_stability,PV.EST,1.05422055721283
JPN,2016,wgi_political_stability,PV.EST,0.968189001083374
JPN,2017,wgi_political_stability,PV.EST,1.10012805461884
JPN,2018,wgi_political_stability,PV.EST,1.03756272792816
JPN,2019,wgi_political_stability,PV.EST,1.01981234550476
JPN,2020,wgi_political_stability,PV.EST,1.02614521980286
JPN,2021,wgi_political_stability,PV.EST,1.0155017375946
JPN,2022,wgi_political_stability,PV.EST,1.0326372385025
JPN,2023,wgi_political_stability,PV.EST,0.951136231422424
KOR,1996,wgi_political_stability,PV.EST,0.566771447658539
KOR,1998,wgi_political_stability,PV.EST,0.513872742652893
KOR,2000,wgi_political_stability,PV.EST,0.398045033216476
KOR,2002,wgi_political_stability,PV.EST,0.24177360534668
KOR,2003,wgi_political_stability,PV.EST,0.248543098568916
KOR,2004,wgi_political_stability,PV.EST,0.428842574357986
KOR,2005,wgi_political_stability,PV.EST,0.485128581523895
KOR,2006,wgi_political_stability,PV.EST,0.42385545372963
KOR,2007,wgi_political_stability,PV.EST,0.566254734992981
KOR,2008,wgi_political_stability,PV.EST,0.420968681573868
KOR,2009,wgi_political_stability,PV.EST,0.409627974033356
KOR,2010,wgi_political_stability,PV.EST,0.325895816087723
KOR,2011,wgi_political_stability,PV.EST,0.412495642900467
KOR,2012,wgi_political_stability,PV.EST,0.267103314399719
KOR,2013,wgi_political_stability,PV.EST,0.278578639030457
KOR,2014,wgi_political_stability,PV.EST,0.108568802475929
KOR,2015,wgi_political_stability,PV.EST,0.156361043453217
KOR,2016,wgi_political_stability,PV.EST,0.153576508164406
KOR,2017,wgi_political_stability,PV.EST,0.381830722093582
KOR,2018,wgi_political_stability,PV.EST,0.638123750686646
KOR,2019,wgi_political_stability,PV.EST,0.547197937965393
KOR,2020,wgi_political_stability,PV.EST,0.608337879180908
KOR,2021,wgi_political_stability,PV.EST,0.629045724868774
KOR,2022,wgi_political_stability,PV.EST,0.579976737499237
KOR,2023,wgi_political_stability,PV.EST,0.609834730625153
MEX,1996,wgi_political_stability,PV.EST,-0.925459146499634
MEX,1998,wgi_political_stability,PV.EST,-0.423062264919281
MEX,2000,wgi_political_stability,PV.EST,-0.200209870934486
MEX,2002,wgi_political_stability,PV.EST,-0.0583082623779774
MEX,2003,wgi_political_stability,PV.EST,-0.11687808483839
MEX,2004,wgi_political_stability,PV.EST,-0.214082449674606
MEX,2005,wgi_political_stability,PV.EST,-0.445820868015289
MEX,2006,wgi_political_stability,PV.EST,-0.636888444423676
MEX,2007,wgi_political_stability,PV.EST,-0.729851603507996
MEX,2008,wgi_political_stability,PV.EST,-0.804012358188629
MEX,2009,wgi_political_stability,PV.EST,-0.686627805233002
MEX,2010,wgi_political_stability,PV.EST,-0.726463437080383
MEX,2011,wgi_political_stability,PV.EST,-0.667768597602844
MEX,2012,wgi_political_stability,PV.EST,-0.662454187870026
MEX,2013,wgi_political_stability,PV.EST,-0.714223802089691
MEX,2014,wgi_political_stability,PV.EST,-0.853918790817261
MEX,2015,wgi_political_stability,PV.EST,-0.801780104637146
MEX,2016,wgi_political_stability,PV.EST,-0.633718132972717
MEX,2017,wgi_political_stability,PV.EST,-0.806419789791107
MEX,2018,wgi_political_stability,PV.EST,-0.673847019672394
MEX,2019,wgi_political_stability,PV.EST,-0.841869175434113
MEX,2020,wgi_political_stability,PV.EST,-0.791455745697021
MEX,2021,wgi_political_stability,PV.EST,-0.687615871429443
MEX,2022,wgi_political_stability,PV.EST,-0.689268112182617
MEX,2023,wgi_political_stability,PV.EST,-0.630761027336121
MYS,1996,wgi_political_stability,PV.EST,0.57122015953064
MYS,1998,wgi_political_stability,PV.EST,-0.0381234660744667
MYS,2000,wgi_political_stability,PV.EST,0.0926911979913712
MYS,2002,wgi_political_stability,PV.EST,0.539594113826752
MYS,2003,wgi_political_stability,PV.EST,0.485534876585007
MYS,2004,wgi_political_stability,PV.EST,0.34800398349762
MYS,2005,wgi_political_stability,PV.EST,0.566449165344238
MYS,2006,wgi_political_stability,PV.EST,0.288379698991776
MYS,2007,wgi_political_stability,PV.EST,0.193307161331177
MYS,2008,wgi_political_stability,PV.EST,0.108542367815971
MYS,2009,wgi_political_stability,PV.EST,-0.0416609197854996
MYS,2010,wgi_political_stability,PV.EST,0.143352136015892
MYS,2011,wgi_political_stability,PV.EST,0.0774097666144371
MYS,2012,wgi_political_stability,PV.EST,-0.00521240243688226
MYS,2013,wgi_political_stability,PV.EST,0.0517915934324265
MYS,2014,wgi_political_stability,PV.EST,0.266619145870209
MYS,2015,wgi_political_stability,PV.EST,0.25394731760025
MYS,2016,wgi_political_stability,PV.EST,0.129485934972763
MYS,2017,wgi_political_stability,PV.EST,0.111209630966187
MYS,2018,wgi_political_stability,PV.EST,0.248113676905632
MYS,2019,wgi_political_stability,PV.EST,0.14648012816906
MYS,2020,wgi_political_stability,PV.EST,0.125864699482918
MYS,2021,wgi_political_stability,PV.EST,0.0595565475523472
MYS,2022,wgi_political_stability,PV.EST,0.163117811083794
MYS,2023,wgi_political_stability,PV.EST,0.16851469874382
NGA,1996,wgi_political_stability,PV.EST,-1.05690824985504
NGA,1998,wgi_political_stability,PV.EST,-0.588243722915649
NGA,2000,wgi_political_stability,PV.EST,-1.45532631874084
NGA,2002,wgi_political_stability,PV.EST,-1.62632930278778
NGA,2003,wgi_political_stability,PV.EST,-1.63558828830719
NGA,2004,wgi_political_stability,PV.EST,-1.75441575050354
NGA,2005,wgi_political_stability,PV.EST,-1.6665004491806
NGA,2006,wgi_political_stability,PV.EST,-2.03407764434814
NGA,2007,wgi_political_stability,PV.EST,-2.01405644416809
NGA,2008,wgi_political_stability,PV.EST,-1.86071193218231
NGA,2009,wgi_political_stability,PV.EST,-1.99455380439758
NGA,2010,wgi_political_stability,PV.EST,-2.21112322807312
NGA,2011,wgi_political_stability,PV.EST,-1.95645451545715
NGA,2012,wgi_political_stability,PV.EST,-2.04207372665405
NGA,2013,wgi_political_stability,PV.EST,-2.08847832679749
NGA,2014,wgi_political_stability,PV.EST,-2.1302764415741
NGA,2015,wgi_political_stability,PV.EST,-1.92170512676239
NGA,2016,wgi_political_stability,PV.EST,-1.87388896942139
NGA,2017,wgi_political_stability,PV.EST,-1.99671792984009
NGA,2018,wgi_political_stability,PV.EST,-2.09752702713013
NGA,2019,wgi_political_stability,PV.EST,-1.93315482139587
NGA,2020,wgi_political_stability,PV.EST,-1.89201462268829
NGA,2021,wgi_political_stability,PV.EST,-1.78738462924957
NGA,2022,wgi_political_stability,PV.EST,-1.77890145778656
NGA,2023,wgi_political_stability,PV.EST,-1.7684383392334
NLD,1996,wgi_political_stability,PV.EST,1.52612578868866
NLD,1998,wgi_political_stability,PV.EST,1.59480345249176
NLD,2000,wgi_political_stability,PV.EST,1.75868117809296
NLD,2002,wgi_political_stability,PV.EST,1.30267989635468
NLD,2003,wgi_political_stability,PV.EST,1.16180562973022
NLD,2004,wgi_political_stability,PV.EST,1.01623916625977
NLD,2005,wgi_political_stability,PV.EST,0.98810088634491
NLD,2006,wgi_political_stability,PV.EST,0.902736186981201
NLD,2007,wgi_political_stability,PV.EST,0.778468787670135
NLD,2008,wgi_political_stability,PV.EST,0.86355197429657
NLD,2009,wgi_political_stability,PV.EST,0.945019245147705
NLD,2010,wgi_political_stability,PV.EST,0.940750122070312
NLD,2011,wgi_political_stability,PV.EST,1.11363077163696
NLD,2012,wgi_political_stability,PV.EST,1.18746471405029
NLD,2013,wgi_political_stability,PV.EST,1.14381539821625
NLD,2014,wgi_political_stability,PV.EST,1.04511535167694
NLD,2015,wgi_political_stability,PV.EST,0.912540197372437
NLD,2016,wgi_political_stability,PV.EST,0.896933197975159
NLD,2017,wgi_political_stability,PV.EST,0.907123684883118
NLD,2018,wgi_political_stability,PV.EST,0.838281273841858
NLD,2019,wgi_political_stability,PV.EST,0.821324944496155
NLD,2020,wgi_political_stability,PV.EST,0.830933392047882
NLD,2021,wgi_political_stability,PV.EST,0.893059194087982
NLD,2022,wgi_political_stability,PV.EST,0.726799547672272
NLD,2023,wgi_political_stability,PV.EST,0.658281981945038
NOR,1996,wgi_political_stability,PV.EST,1.45682156085968
NOR,1998,wgi_political_stability,PV.EST,1.43966126441956
NOR,2000,wgi_political_stability,PV.EST,1.533282995224
NOR,2002,wgi_political_stability,PV.EST,1.60834610462189
NOR,2003,wgi_political_stability,PV.EST,1.20455622673035
NOR,2004,wgi_political_stability,PV.EST,1.19661831855774
NOR,2005,wgi_political_stability,PV.EST,1.29527723789215
NOR,2006,wgi_political_stability,PV.EST,1.25270569324493
NOR,2007,wgi_political_stability,PV.EST,1.14555251598358
NOR,2008,wgi_political_stability,PV.EST,1.28543448448181
NOR,2009,wgi_political_stability,PV.EST,1.27653253078461
NOR,2010,wgi_political_stability,PV.EST,1.33231151103973
NOR,2011,wgi_political_stability,PV.EST,1.33797693252563
NOR,2012,wgi_political_stability,PV.EST,1.32746982574463
NOR,2013,wgi_political_stability,PV.EST,1.3520919084549
NOR,2014,wgi_political_stability,PV.EST,1.11995851993561
NOR,2015,wgi_political_stability,PV.EST,1.14562010765076
NOR,2016,wgi_political_stability,PV.EST,1.18162095546722
NOR,2017,wgi_political_stability,PV.EST,1.15070176124573
NOR,2018,wgi_political_stability,PV.EST,1.12084853649139
NOR,2019,wgi_political_stability,PV.EST,1.14211213588715
NOR,2020,wgi_political_stability,PV.EST,1.22160577774048
NOR,2021,wgi_political_stability,PV.EST,1.08862638473511
NOR,2022,wgi_political_stability,PV.EST,0.86123925447464
NOR,2023,wgi_political_stability,PV.EST,0.892857432365417
PAK,1996,wgi_political_stability,PV.EST,-1.12732779979706
PAK,1998,wgi_political_stability,PV.EST,-1.12412047386169
PAK,2000,wgi_political_stability,PV.EST,-1.10480463504791
PAK,2002,wgi_political_stability,PV.EST,-1.63767862319946
PAK,2003,wgi_political_stability,PV.EST,-1.54904592037201
PAK,2004,wgi_political_stability,PV.EST,-1.58287799358368
PAK,2005,wgi_political_stability,PV.EST,-1.75138831138611
PAK,2006,wgi_political_stability,PV.EST,-2.02467846870422
PAK,2007,wgi_political_stability,PV.EST,-2.43270516395569
PAK,2008,wgi_political_stability,PV.EST,-2.5730094909668
PAK,2009,wgi_political_stability,PV.EST,-2.644526720047
PAK,2010,wgi_political_stability,PV.EST,-2.67593312263489
PAK,2011,wgi_political_stability,PV.EST,-2.81003546714783
PAK,2012,wgi_political_stability,PV.EST,-2.67700362205505
PAK,2013,wgi_political_stability,PV.EST,-2.60330200195312
PAK,2014,wgi_political_stability,PV.EST,-2.40127921104431
PAK,2015,wgi_political_stability,PV.EST,-2.47188353538513
PAK,2016,wgi_political_stability,PV.EST,-2.47387385368347
PAK,2017,wgi_political_stability,PV.EST,-2.39691209793091
PAK,2018,wgi_political_stability,PV.EST,-2.25401329994202
PAK,2019,wgi_political_stability,PV.EST,-2.25174307823181
PAK,2020,wgi_political_stability,PV.EST,-1.7926949262619
PAK,2021,wgi_political_stability,PV.EST,-1.71373546123505
PAK,2022,wgi_political_stability,PV.EST,-1.83982634544373
PAK,2023,wgi_political_stability,PV.EST,-1.93273079395294
PHL,1996,wgi_political_stability,PV.EST,-0.481185793876648
PHL,1998,wgi_political_stability,PV.EST,-0.257059156894684
PHL,2000,wgi_political_stability,PV.EST,-1.39048433303833
PHL,2002,wgi_political_stability,PV.EST,-0.858753323554993
PHL,2003,wgi_political_stability,PV.EST,-1.55980968475342
PHL,2004,wgi_political_stability,PV.EST,-1.70588445663452
PHL,2005,wgi_political_stability,PV.EST,-1.17878663539886
PHL,2006,wgi_political_stability,PV.EST,-1.63867163658142
PHL,2007,wgi_political_stability,PV.EST,-1.60488569736481
PHL,2008,wgi_political_stability,PV.EST,-1.77923631668091
PHL,2009,wgi_political_stability,PV.EST,-1.7287632226944
PHL,2010,wgi_political_stability,PV.EST,-1.65075957775116
PHL,2011,wgi_political_stability,PV.EST,-1.39218163490295
PHL,2012,wgi_political_stability,PV.EST,-1.18824028968811
PHL,2013,wgi_political_stability,PV.EST,-1.08425319194794
PHL,2014,wgi_political_stability,PV.EST,-0.713820934295654
PHL,2015,wgi_political_stability,PV.EST,-0.854724228382111
PHL,2016,wgi_political_stability,PV.EST,-1.37869036197662
PHL,2017,wgi_political_stability,PV.EST,-1.18929100036621
PHL,2018,wgi_political_stability,PV.EST,-1.09620380401611
PHL,2019,wgi_political_stability,PV.EST,-0.9280606508255
PHL,2020,wgi_political_stability,PV.EST,-0.778704285621643
PHL,2021,wgi_political_stability,PV.EST,-0.984022319316864
PHL,2022,wgi_political_stability,PV.EST,-0.655268549919128
PHL,2023,wgi_political_stability,PV.EST,-0.566050469875336
POL,1996,wgi_political_stability,PV.EST,0.83064466714859
POL,1998,wgi_political_stability,PV.EST,0.838597416877747
POL,2000,wgi_political_stability,PV.EST,0.309305250644684
POL,2002,wgi_political_stability,PV.EST,0.743997812271118
POL,2003,wgi_political_stability,PV.EST,0.578085064888
POL,2004,wgi_political_stability,PV.EST,0.153857663273811
POL,2005,wgi_political_stability,PV.EST,0.363082945346832
POL,2006,wgi_political_stability,PV.EST,0.354031831026077
POL,2007,wgi_political_stability,PV.EST,0.682846009731293
POL,2008,wgi_political_stability,PV.EST,0.911096274852753
POL,2009,wgi_political_stability,PV.EST,0.938135385513306
POL,2010,wgi_political_stability,PV.EST,1.01733005046844
POL,2011,wgi_political_stability,PV.EST,1.07206296920776
POL,2012,wgi_political_stability,PV.EST,1.04947865009308
POL,2013,wgi_political_stability,PV.EST,0.973354995250702
POL,2014,wgi_political_stability,PV.EST,0.842940807342529
POL,2015,wgi_political_stability,PV.EST,0.862319052219391
POL,2016,wgi_political_stability,PV.EST,0.496157646179199
POL,2017,wgi_political_stability,PV.EST,0.509756147861481
POL,2018,wgi_political_stability,PV.EST,0.480488687753677
POL,2019,wgi_political_stability,PV.EST,0.550716519355774
POL,2020,wgi_political_stability,PV.EST,0.491619497537613
POL,2021,wgi_political_stability,PV.EST,0.49190354347229
POL,2022,wgi_political_stability,PV.EST,0.505146443843842
POL,2023,wgi_political_stability,PV.EST,0.559584558010101
PRT,1996,wgi_political_stability,PV.EST,1.28603911399841
PRT,1998,wgi_political_stability,PV.EST,1.36909055709839
PRT,2000,wgi_political_stability,PV.EST,1.39476406574249
PRT,2002,wgi_political_stability,PV.EST,1.4370481967926
PRT,2003,wgi_political_stability,PV.EST,1.2896888256073
PRT,2004,wgi_political_stability,PV.EST,0.969877243041992
PRT,2005,wgi_political_stability,PV.EST,1.01664757728577
PRT,2006,wgi_political_stability,PV.EST,0.952390611171722
PRT,2007,wgi_political_stability,PV.EST,0.821809351444244
PRT,2008,wgi_political_stability,PV.EST,0.987546324729919
PRT,2009,wgi_political_stability,PV.EST,0.787381768226624
PRT,2010,wgi_political_stability,PV.EST,0.717686951160431
PRT,2011,wgi_political_stability,PV.EST,0.741739273071289
PRT,2012,wgi_political_stability,PV.EST,0.775272607803345
PRT,2013,wgi_political_stability,PV.EST,0.74876344203949
PRT,2014,wgi_political_stability,PV.EST,0.8062744140625
PRT,2015,wgi_political_stability,PV.EST,0.904212951660156
PRT,2016,wgi_political_stability,PV.EST,0.958625793457031
PRT,2017,wgi_political_stability,PV.EST,1.10616970062256
PRT,2018,wgi_political_stability,PV.EST,1.11530721187592
PRT,2019,wgi_political_stability,PV.EST,1.05175185203552
PRT,2020,wgi_political_stability,PV.EST,1.00873112678528
PRT,2021,wgi_political_stability,PV.EST,0.937390148639679
PRT,2022,wgi_political_stability,PV.EST,0.795802593231201
PRT,2023,wgi_political_stability,PV.EST,0.712578117847443
ROU,1996,wgi_political_stability,PV.EST,0.597966730594635
ROU,1998,wgi_political_stability,PV.EST,0.50010222196579
ROU,2000,wgi_political_stability,PV.EST,-0.379039525985718
ROU,2002,wgi_political_stability,PV.EST,0.464840322732925
ROU,2003,wgi_political_stability,PV.EST,0.320030122995377
ROU,2004,wgi_political_stability,PV.EST,0.0593486130237579
ROU,2005,wgi_political_stability,PV.EST,0.0856026485562325
ROU,2006,wgi_political_stability,PV.EST,0.148430079221725
ROU,2007,wgi_political_stability,PV.EST,0.198067933320999
ROU,2008,wgi_political_stability,PV.EST,0.180609092116356
ROU,2009,wgi_political_stability,PV.EST,0.359366297721863
ROU,2010,wgi_political_stability,PV.EST,0.273600399494171
ROU,2011,wgi_political_stability,PV.EST,0.186090663075447
ROU,2012,wgi_political_stability,PV.EST,0.0823415592312813
ROU,2013,wgi_political_stability,PV.EST,0.179133072495461
ROU,2014,wgi_political_stability,PV.EST,0.0491361282765865
ROU,2015,wgi_political_stability,PV.EST,0.181799337267876
ROU,2016,wgi_political_stability,PV.EST,0.266823202371597
ROU,2017,wgi_political_stability,PV.EST,0.0485141687095165
ROU,2018,wgi_political_stability,PV.EST,0.0363187454640865
ROU,2019,wgi_political_stability,PV.EST,0.542255997657776
ROU,2020,wgi_political_stability,PV.EST,0.508950412273407
ROU,2021,wgi_political_stability,PV.EST,0.581789910793304
ROU,2022,wgi_political_stability,PV.EST,0.431136310100555
ROU,2023,wgi_political_stability,PV.EST,0.373643964529037
RUS,1996,wgi_political_stability,PV.EST,-1.17785394191742
RUS,1998,wgi_political_stability,PV.EST,-1.08974099159241
RUS,2000,wgi_political_stability,PV.EST,-1.39924204349518
RUS,2002,wgi_political_stability,PV.EST,-0.724512279033661
RUS,2003,wgi_political_stability,PV.EST,-1.19315183162689
RUS,2004,wgi_political_stability,PV.EST,-1.51459443569183
RUS,2005,wgi_political_stability,PV.EST,-1.2677013874054
RUS,2006,wgi_political_stability,PV.EST,-0.908794343471527
RUS,2007,wgi_political_stability,PV.EST,-0.863382518291473
RUS,2008,wgi_political_stability,PV.EST,-0.749933898448944
RUS,2009,wgi_political_stability,PV.EST,-0.969926595687866
RUS,2010,wgi_political_stability,PV.EST,-0.929458737373352
RUS,2011,wgi_political_stability,PV.EST,-0.998262107372284
RUS,2012,wgi_political_stability,PV.EST,-0.817712664604187
RUS,2013,wgi_political_stability,PV.EST,-0.736093640327454
RUS,2014,wgi_political_stability,PV.EST,-0.943617463111877
RUS,2015,wgi_political_stability,PV.EST,-1.03222346305847
RUS,2016,wgi_political_stability,PV.EST,-0.947688162326813
RUS,2017,wgi_political_stability,PV.EST,-0.642759621143341
RUS,2018,wgi_political_stability,PV.EST,-0.538330912590027
RUS,2019,wgi_political_stability,PV.EST,-0.551088750362396
RUS,2020,wgi_political_stability,PV.EST,-0.667407393455505
RUS,2021,wgi_political_stability,PV.EST,-0.707898318767548
RUS,2022,wgi_political_stability,PV.EST,-1.00599670410156
RUS,2023,wgi_political_stability,PV.EST,-1.13433384895325
SAU,1996,wgi_political_stability,PV.EST,-0.189457833766937
SAU,1998,wgi_political_stability,PV.EST,0.110229097306728
SAU,2000,wgi_political_stability,PV.EST,0.227821603417397
SAU,2002,wgi_political_stability,PV.EST,0.00242432416416705
SAU,2003,wgi_political_stability,PV.EST,0.141017645597458
SAU,2004,wgi_political_stability,PV.EST,-0.65463250875473
SAU,2005,wgi_political_stability,PV.EST,-0.240614011883736
SAU,2006,wgi_political_stability,PV.EST,-0.522423803806305
SAU,2007,wgi_political_stability,PV.EST,-0.467305243015289
SAU,2008,wgi_political_stability,PV.EST,-0.336524426937103
SAU,2009,wgi_political_stability,PV.EST,-0.49253523349762
SAU,2010,wgi_political_stability,PV.EST,-0.226726979017258
SAU,2011,wgi_political_stability,PV.EST,-0.464799642562866
SAU,2012,wgi_political_stability,PV.EST,-0.480688244104385
SAU,2013,wgi_political_stability,PV.EST,-0.431784123182297
SAU,2014,wgi_political_stability,PV.EST,-0.285844653844833
SAU,2015,wgi_political_stability,PV.EST,-0.634387195110321
SAU,2016,wgi_political_stability,PV.EST,-0.472771108150482
SAU,2017,wgi_political_stability,PV.EST,-0.649625718593597
SAU,2018,wgi_political_stability,PV.EST,-0.660987615585327
SAU,2019,wgi_political_stability,PV.EST,-0.6240473985672
SAU,2020,wgi_political_stability,PV.EST,-0.650637805461884
SAU,2021,wgi_political_stability,PV.EST,-0.592355370521545
SAU,2022,wgi_political_stability,PV.EST,-0.355806291103363
SAU,2023,wgi_political_stability,PV.EST,-0.213224530220032
SGP,1996,wgi_political_stability,PV.EST,1.115647315979
SGP,1998,wgi_political_stability,PV.EST,0.930101573467255
SGP,2000,wgi_political_stability,PV.EST,1.14111149311066
SGP,2002,wgi_political_stability,PV.EST,1.2535662651062
SGP,2003,wgi_political_stability,PV.EST,0.876536011695862
SGP,2004,wgi_political_stability,PV.EST,1.0929559469223
SGP,2005,wgi_political_stability,PV.EST,1.1533499956131
SGP,2006,wgi_political_stability,PV.EST,1.24849283695221
SGP,2007,wgi_political_stability,PV.EST,1.17421102523804
SGP,2008,wgi_political_stability,PV.EST,1.34467613697052
SGP,2009,wgi_political_stability,PV.EST,1.17959117889404
SGP,2010,wgi_political_stability,PV.EST,1.16941487789154
SGP,2011,wgi_political_stability,PV.EST,1.19142174720764
SGP,2012,wgi_political_stability,PV.EST,1.36817455291748
SGP,2013,wgi_political_stability,PV.EST,1.378178358078
SGP,2014,wgi_political_stability,PV.EST,1.18627142906189
SGP,2015,wgi_political_stability,PV.EST,1.29889214038849
SGP,2016,wgi_political_stability,PV.EST,1.47746896743774
SGP,2017,wgi_political_stability,PV.EST,1.59912502765656
SGP,2018,wgi_political_stability,PV.EST,1.46825659275055
SGP,2019,wgi_political_stability,PV.EST,1.48045420646667
SGP,2020,wgi_political_stability,PV.EST,1.43851101398468
SGP,2021,wgi_political_stability,PV.EST,1.44250547885895
SGP,2022,wgi_political_stability,PV.EST,1.44037234783173
SGP,2023,wgi_political_stability,PV.EST,1.42420423030853
SWE,1996,wgi_political_stability,PV.EST,1.45682156085968
SWE,1998,wgi_political_stability,PV.EST,1.39918959140778
SWE,2000,wgi_political_stability,PV.EST,1.39177203178406
SWE,2002,wgi_political_stability,PV.EST,1.47525751590729
SWE,2003,wgi_political_stability,PV.EST,1.34161329269409
SWE,2004,wgi_political_stability,PV.EST,1.36222684383392
SWE,2005,wgi_political_stability,PV.EST,1.29990482330322
SWE,2006,wgi_political_stability,PV.EST,1.29393398761749
SWE,2007,wgi_political_stability,PV.EST,1.27147829532623
SWE,2008,wgi_political_stability,PV.EST,1.12833654880524
SWE,2009,wgi_political_stability,PV.EST,1.08463823795319
SWE,2010,wgi_political_stability,PV.EST,1.09417045116425
SWE,2011,wgi_political_stability,PV.EST,1.23068809509277
SWE,2012,wgi_political_stability,PV.EST,1.17059719562531
SWE,2013,wgi_political_stability,PV.EST,1.12777805328369
SWE,2014,wgi_political_stability,PV.EST,1.06541478633881
SWE,2015,wgi_political_stability,PV.EST,0.932670474052429
SWE,2016,wgi_political_stability,PV.EST,1.00078213214874
SWE,2017,wgi_political_stability,PV.EST,0.968603014945984
SWE,2018,wgi_political_stability,PV.EST,0.921417593955994
SWE,2019,wgi_political_stability,PV.EST,1.01188635826111
SWE,2020,wgi_political_stability,PV.EST,0.997376799583435
SWE,2021,wgi_political_stability,PV.EST,1.01450800895691
SWE,2022,wgi_political_stability,PV.EST,0.910905122756958
SWE,2023,wgi_political_stability,PV.EST,0.758365273475647
THA,1996,wgi_political_stability,PV.EST,0.466799110174179
THA,1998,wgi_political_stability,PV.EST,0.638839483261108
THA,2000,wgi_political_stability,PV.EST,0.454958707094193
THA,2002,wgi_political_stability,PV.EST,0.506276667118073
THA,2003,wgi_political_stability,PV.EST,-0.145084381103516
THA,2004,wgi_political_stability,PV.EST,-0.717405676841736
THA,2005,wgi_political_stability,PV.EST,-0.870126605033875
THA,2006,wgi_political_stability,PV.EST,-1.13020014762878
THA,2007,wgi_political_stability,PV.EST,-1.11284792423248
THA,2008,wgi_political_stability,PV.EST,-1.27209329605103
THA,2009,wgi_political_stability,PV.EST,-1.42447113990784
THA,2010,wgi_political_stability,PV.EST,-1.44278836250305
THA,2011,wgi_political_stability,PV.EST,-1.13353371620178
THA,2012,wgi_political_stability,PV.EST,-1.21663069725037
THA,2013,wgi_political_stability,PV.EST,-1.31168270111084
THA,2014,wgi_political_stability,PV.EST,-0.906386315822601
THA,2015,wgi_political_stability,PV.EST,-0.995044946670532
THA,2016,wgi_political_stability,PV.EST,-0.991300225257874
THA,2017,wgi_political_stability,PV.EST,-0.754879415035248
THA,2018,wgi_political_stability,PV.EST,-0.799416124820709
THA,2019,wgi_political_stability,PV.EST,-0.491406112909317
THA,2020,wgi_political_stability,PV.EST,-0.578270494937897
THA,2021,wgi_political_stability,PV.EST,-0.56877988576889
THA,2022,wgi_political_stability,PV.EST,-0.393339306116104
THA,2023,wgi_political_stability,PV.EST,-0.280302882194519
TUR,1996,wgi_political_stability,PV.EST,-1.25874590873718
TUR,1998,wgi_political_stability,PV.EST,-1.23111176490784
TUR,2000,wgi_political_stability,PV.EST,-0.80017364025116
TUR,2002,wgi_political_stability,PV.EST,-0.803475081920624
TUR,2003,wgi_political_stability,PV.EST,-0.766690611839294
TUR,2004,wgi_political_stability,PV.EST,-0.833764553070068
TUR,2005,wgi_political_stability,PV.EST,-0.601551175117493
TUR,2006,wgi_political_stability,PV.EST,-0.590213000774384
TUR,2007,wgi_political_stability,PV.EST,-0.819362878799438
TUR,2008,wgi_political_stability,PV.EST,-0.823874354362488
TUR,2009,wgi_political_stability,PV.EST,-1.03079056739807
TUR,2010,wgi_political_stability,PV.EST,-0.915285527706146
TUR,2011,wgi_political_stability,PV.EST,-0.959997057914734
TUR,2012,wgi_political_stability,PV.EST,-1.22053194046021
TUR,2013,wgi_political_stability,PV.EST,-1.24993252754211
TUR,2014,wgi_political_stability,PV.EST,-1.08603596687317
TUR,2015,wgi_political_stability,PV.EST,-1.49530971050262
TUR,2016,wgi_political_stability,PV.EST,-2.00721478462219
TUR,2017,wgi_political_stability,PV.EST,-1.78637635707855
TUR,2018,wgi_political_stability,PV.EST,-1.31519985198975
TUR,2019,wgi_political_stability,PV.EST,-1.37818169593811
TUR,2020,wgi_political_stability,PV.EST,-1.14388263225555
TUR,2021,wgi_political_stability,PV.EST,-1.13679277896881
TUR,2022,wgi_political_stability,PV.EST,-1.03223478794098
TUR,2023,wgi_political_stability,PV.EST,-1.01108038425446
USA,1996,wgi_political_stability,PV.EST,0.935005784034729
USA,1998,wgi_political_stability,PV.EST,0.879612982273102
USA,2000,wgi_political_stability,PV.EST,1.08280909061432
USA,2002,wgi_political_stability,PV.EST,0.285476922988892
USA,2003,wgi_political_stability,PV.EST,0.0804403498768806
USA,2004,wgi_political_stability,PV.EST,-0.233039826154709
USA,2005,wgi_political_stability,PV.EST,-0.0605432577431202
USA,2006,wgi_political_stability,PV.EST,0.49083548784256
USA,2007,wgi_political_stability,PV.EST,0.374478042125702
USA,2008,wgi_political_stability,PV.EST,0.582659542560577
USA,2009,wgi_political_stability,PV.EST,0.447313606739044
USA,2010,wgi_political_stability,PV.EST,0.438403934240341
USA,2011,wgi_political_stability,PV.EST,0.591247260570526
USA,2012,wgi_political_stability,PV.EST,0.632442116737366
USA,2013,wgi_political_stability,PV.EST,0.643072605133057
USA,2014,wgi_political_stability,PV.EST,0.582419633865356
USA,2015,wgi_political_stability,PV.EST,0.662890195846558
USA,2016,wgi_political_stability,PV.EST,0.385635316371918
USA,2017,wgi_political_stability,PV.EST,0.262138307094574
USA,2018,wgi_political_stability,PV.EST,0.38623908162117
USA,2019,wgi_political_stability,PV.EST,0.118298575282097
USA,2020,wgi_political_stability,PV.EST,-0.0278997328132391
USA,2021,wgi_political_stability,PV.EST,-0.0144246527925134
USA,2022,wgi_political_stability,PV.EST,0.00870068650692701
USA,2023,wgi_political_stability,PV.EST,0.029424749314785
VNM,1996,wgi_political_stability,PV.EST,0.525695502758026
VNM,1998,wgi_political_stability,PV.EST,0.319004893302917
VNM,2000,wgi_political_stability,PV.EST,0.408773571252823
VNM,2002,wgi_political_stability,PV.EST,0.353681147098541
VNM,2003,wgi_political_stability,PV.EST,0.126424372196198
VNM,2004,wgi_political_stability,PV.EST,0.150153517723083
VNM,2005,wgi_political_stability,PV.EST,0.484037667512894
VNM,2006,wgi_political_stability,PV.EST,0.405120253562927
VNM,2007,wgi_political_stability,PV.EST,0.251871973276138
VNM,2008,wgi_political_stability,PV.EST,0.165260821580887
VNM,2009,wgi_political_stability,PV.EST,0.271775960922241
VNM,2010,wgi_political_stability,PV.EST,0.148407876491547
VNM,2011,wgi_political_stability,PV.EST,0.189088448882103
VNM,2012,wgi_political_stability,PV.EST,0.267358660697937
VNM,2013,wgi_political_stability,PV.EST,0.25057727098465
VNM,2014,wgi_political_stability,PV.EST,-0.0223473571240902
VNM,2015,wgi_political_stability,PV.EST,0.0638082250952721
VNM,2016,wgi_political_stability,PV.EST,0.226832523941994
VNM,2017,wgi_political_stability,PV.EST,0.211102172732353
VNM,2018,wgi_political_stability,PV.EST,0.0330829620361328
VNM,2019,wgi_political_stability,PV.EST,0.0399874038994312
VNM,2020,wgi_political_stability,PV.EST,-0.0389890633523464
VNM,2021,wgi_political_stability,PV.EST,-0.117782436311245
VNM,2022,wgi_political_stability,PV.EST,-0.0461320951581001
VNM,2023,wgi_political_stability,PV.EST,-0.0363807342946529
ZAF,1996,wgi_political_stability,PV.EST,-0.379187554121017
ZAF,1998,wgi_political_stability,PV.EST,-0.546053230762482
ZAF,2000,wgi_political_stability,PV.EST,-0.227864950895309
ZAF,2002,wgi_political_stability,PV.EST,-0.254789859056473
ZAF,2003,wgi_political_stability,PV.EST,-0.312842577695847
ZAF,2004,wgi_political_stability,PV.EST,-0.131729558110237
ZAF,2005,wgi_political_stability,PV.EST,-0.162092119455338
ZAF,2006,wgi_political_stability,PV.EST,0.0470300763845444
ZAF,2007,wgi_political_stability,PV.EST,0.215346544981003
ZAF,2008,wgi_political_stability,PV.EST,0.049528993666172
ZAF,2009,wgi_political_stability,PV.EST,-0.114492610096931
ZAF,2010,wgi_political_stability,PV.EST,-0.0294270031154156
ZAF,2011,wgi_political_stability,PV.EST,0.0240315701812506
ZAF,2012,wgi_political_stability,PV.EST,-0.0253867004066706
ZAF,2013,wgi_political_stability,PV.EST,-0.0462945364415646
ZAF,2014,wgi_political_stability,PV.EST,-0.146388962864876
ZAF,2015,wgi_political_stability,PV.EST,-0.220544874668121
ZAF,2016,wgi_political_stability,PV.EST,-0.149085000157356
ZAF,2017,wgi_political_stability,PV.EST,-0.284803628921509
ZAF,2018,wgi_political_stability,PV.EST,-0.237546816468239
ZAF,2019,wgi_political_stability,PV.EST,-0.2832210958004
ZAF,2020,wgi_political_stability,PV.EST,-0.252867221832275
ZAF,2021,wgi_political_stability,PV.EST,-0.750981450080872
ZAF,2022,wgi_political_stability,PV.EST,-0.681386351585388
ZAF,2023,wgi_political_stability,PV.EST,-0.665642023086548
ARE,1996,wgi_rule_of_law,RL.EST,0.688413977622986
ARE,1998,wgi_rule_of_law,RL.EST,0.716092944145203
ARE,2000,wgi_rule_of_law,RL.EST,0.655752897262573
ARE,2002,wgi_rule_of_law,RL.EST,0.702703297138214
ARE,2003,wgi_rule_of_law,RL.EST,0.544806301593781
ARE,2004,wgi_rule_of_law,RL.EST,0.433262318372726
ARE,2005,wgi_rule_of_law,RL.EST,0.389575779438019
ARE,2006,wgi_rule_of_law,RL.EST,0.31153592467308
ARE,2007,wgi_rule_of_law,RL.EST,0.274766087532043
ARE,2008,wgi_rule_of_law,RL.EST,0.417219996452332
ARE,2009,wgi_rule_of_law,RL.EST,0.399278730154037
ARE,2010,wgi_rule_of_law,RL.EST,0.317414134740829
ARE,2011,wgi_rule_of_law,RL.EST,0.498547106981277
ARE,2012,wgi_rule_of_law,RL.EST,0.534359633922577
ARE,2013,wgi_rule_of_law,RL.EST,0.613428473472595
ARE,2014,wgi_rule_of_law,RL.EST,0.651002466678619
ARE,2015,wgi_rule_of_law,RL.EST,0.614161610603333
ARE,2016,wgi_rule_of_law,RL.EST,0.819037973880768
ARE,2017,wgi_rule_of_law,RL.EST,0.768334984779358
ARE,2018,wgi_rule_of_law,RL.EST,0.774245142936707
ARE,2019,wgi_rule_of_law,RL.EST,0.808277487754822
ARE,2020,wgi_rule_of_law,RL.EST,0.875135958194733
ARE,2021,wgi_rule_of_law,RL.EST,0.798968315124512
ARE,2022,wgi_rule_of_law,RL.EST,0.836056530475616
ARE,2023,wgi_rule_of_law,RL.EST,0.881900131702423
ARG,1996,wgi_rule_of_law,RL.EST,0.0755526423454285
ARG,1998,wgi_rule_of_law,RL.EST,-0.0388815775513649
ARG,2000,wgi_rule_of_law,RL.EST,-0.214404493570328
ARG,2002,wgi_rule_of_law,RL.EST,-0.761098086833954
ARG,2003,wgi_rule_of_law,RL.EST,-0.777115821838379
ARG,2004,wgi_rule_of_law,RL.EST,-0.767380177974701
ARG,2005,wgi_rule_of_law,RL.EST,-0.557991087436676
ARG,2006,wgi_rule_of_law,RL.EST,-0.57701563835144
ARG,2007,wgi_rule_of_law,RL.EST,-0.60147225856781
ARG,2008,wgi_rule_of_law,RL.EST,-0.699731647968292
ARG,2009,wgi_rule_of_law,RL.EST,-0.694468080997467
ARG,2010,wgi_rule_of_law,RL.EST,-0.59809422492981
ARG,2011,wgi_rule_of_law,RL.EST,-0.563123285770416
ARG,2012,wgi_rule_of_law,RL.EST,-0.623034238815308
ARG,2013,wgi_rule_of_law,RL.EST,-0.656328618526459
ARG,2014,wgi_rule_of_law,RL.EST,-0.866627335548401
ARG,2015,wgi_rule_of_law,RL.EST,-0.74863588809967
ARG,2016,wgi_rule_of_law,RL.EST,-0.320159524679184
ARG,2017,wgi_rule_of_law,RL.EST,-0.237312033772469
ARG,2018,wgi_rule_of_law,RL.EST,-0.219330430030823
ARG,2019,wgi_rule_of_law,RL.EST,-0.427360445261002
ARG,2020,wgi_rule_of_law,RL.EST,-0.486265957355499
ARG,2021,wgi_rule_of_law,RL.EST,-0.477947890758514
ARG,2022,wgi_rule_of_law,RL.EST,-0.482351809740067
ARG,2023,wgi_rule_of_law,RL.EST,-0.410826534032822
AUS,1996,wgi_rule_of_law,RL.EST,1.71339905261993
AUS,1998,wgi_rule_of_law,RL.EST,1.7568027973175
AUS,2000,wgi_rule_of_law,RL.EST,1.72206687927246
AUS,2002,wgi_rule_of_law,RL.EST,1.76704657077789
AUS,2003,wgi_rule_of_law,RL.EST,1.84277212619781
AUS,2004,wgi_rule_of_law,RL.EST,1.79539239406586
AUS,2005,wgi_rule_of_law,RL.EST,1.71280241012573
AUS,2006,wgi_rule_of_law,RL.EST,1.75673854351044
AUS,2007,wgi_rule_of_law,RL.EST,1.74388742446899
AUS,2008,wgi_rule_of_law,RL.EST,1.75908350944519
AUS,2009,wgi_rule_of_law,RL.EST,1.73300874233246
AUS,2010,wgi_rule_of_law,RL.EST,1.75771832466125
AUS,2011,wgi_rule_of_law,RL.EST,1.73315370082855
AUS,2012,wgi_rule_of_law,RL.EST,1.75977957248688
AUS,2013,wgi_rule_of_law,RL.EST,1.77010083198547
AUS,2014,wgi_rule_of_law,RL.EST,1.91863083839417
AUS,2015,wgi_rule_of_law,RL.EST,1.79032063484192
AUS,2016,wgi_rule_of_law,RL.EST,1.7166656255722
AUS,2017,wgi_rule_of_law,RL.EST,1.64595770835876
AUS,2018,wgi_rule_of_law,RL.EST,1.67466557025909
AUS,2019,wgi_rule_of_law,RL.EST,1.69461703300476
AUS,2020,wgi_rule_of_law,RL.EST,1.61500358581543
AUS,2021,wgi_rule_of_law,RL.EST,1.63855969905853
AUS,2022,wgi_rule_of_law,RL.EST,1.5088187456131
AUS,2023,wgi_rule_of_law,RL.EST,1.52318394184113
AUT,1996,wgi_rule_of_law,RL.EST,1.80815303325653
AUT,1998,wgi_rule_of_law,RL.EST,1.80328798294067
AUT,2000,wgi_rule_of_law,RL.EST,1.81233263015747
AUT,2002,wgi_rule_of_law,RL.EST,1.85791265964508
AUT,2003,wgi_rule_of_law,RL.EST,1.84791743755341
AUT,2004,wgi_rule_of_law,RL.EST,1.81666433811188
AUT,2005,wgi_rule_of_law,RL.EST,1.84724950790405
AUT,2006,wgi_rule_of_law,RL.EST,1.8997688293457
AUT,2007,wgi_rule_of_law,RL.EST,1.94182562828064
AUT,2008,wgi_rule_of_law,RL.EST,1.91069889068604
AUT,2009,wgi_rule_of_law,RL.EST,1.77744269371033
AUT,2010,wgi_rule_of_law,RL.EST,1.80120265483856
AUT,2011,wgi_rule_of_law,RL.EST,1.79896306991577
AUT,2012,wgi_rule_of_law,RL.EST,1.85712373256683
AUT,2013,wgi_rule_of_law,RL.EST,1.83409059047699
AUT,2014,wgi_rule_of_law,RL.EST,1.93843615055084
AUT,2015,wgi_rule_of_law,RL.EST,1.81477534770966
AUT,2016,wgi_rule_of_law,RL.EST,1.76146185398102
AUT,2017,wgi_rule_of_law,RL.EST,1.8003545999527
AUT,2018,wgi_rule_of_law,RL.EST,1.85348308086395
AUT,2019,wgi_rule_of_law,RL.EST,1.86229813098907
AUT,2020,wgi_rule_of_law,RL.EST,1.77060890197754
AUT,2021,wgi_rule_of_law,RL.EST,1.75175452232361
AUT,2022,wgi_rule_of_law,RL.EST,1.70427322387695
AUT,2023,wgi_rule_of_law,RL.EST,1.74656546115875
BEL,1996,wgi_rule_of_law,RL.EST,1.36694669723511
BEL,1998,wgi_rule_of_law,RL.EST,1.21820557117462
BEL,2000,wgi_rule_of_law,RL.EST,1.3139340877533
BEL,2002,wgi_rule_of_law,RL.EST,1.34493565559387
BEL,2003,wgi_rule_of_law,RL.EST,1.33109652996063
BEL,2004,wgi_rule_of_law,RL.EST,1.31122982501984
BEL,2005,wgi_rule_of_law,RL.EST,1.25764083862305
BEL,2006,wgi_rule_of_law,RL.EST,1.22459959983826
BEL,2007,wgi_rule_of_law,RL.EST,1.31538724899292
BEL,2008,wgi_rule_of_law,RL.EST,1.33520579338074
BEL,2009,wgi_rule_of_law,RL.EST,1.37714815139771
BEL,2010,wgi_rule_of_law,RL.EST,1.41785252094269
BEL,2011,wgi_rule_of_law,RL.EST,1.43484890460968
BEL,2012,wgi_rule_of_law,RL.EST,1.44880962371826
BEL,2013,wgi_rule_of_law,RL.EST,1.45676612854004
BEL,2014,wgi_rule_of_law,RL.EST,1.54851686954498
BEL,2015,wgi_rule_of_law,RL.EST,1.45622563362122
BEL,2016,wgi_rule_of_law,RL.EST,1.39380347728729
BEL,2017,wgi_rule_of_law,RL.EST,1.32062590122223
BEL,2018,wgi_rule_of_law,RL.EST,1.33859252929688
BEL,2019,wgi_rule_of_law,RL.EST,1.3361576795578
BEL,2020,wgi_rule_of_law,RL.EST,1.32759404182434
BEL,2021,wgi_rule_of_law,RL.EST,1.29177582263947
BEL,2022,wgi_rule_of_law,RL.EST,1.34823083877563
BEL,2023,wgi_rule_of_law,RL.EST,1.29537487030029
BGD,1996,wgi_rule_of_law,RL.EST,-0.93402373790741
BGD,1998,wgi_rule_of_law,RL.EST,-0.935864508152008
BGD,2000,wgi_rule_of_law,RL.EST,-0.991129994392395
BGD,2002,wgi_rule_of_law,RL.EST,-0.991601228713989
BGD,2003,wgi_rule_of_law,RL.EST,-1.15194392204285
BGD,2004,wgi_rule_of_law,RL.EST,-1.12248206138611
BGD,2005,wgi_rule_of_law,RL.EST,-0.978551864624023
BGD,2006,wgi_rule_of_law,RL.EST,-0.907564043998718
BGD,2007,wgi_rule_of_law,RL.EST,-0.827155947685242
BGD,2008,wgi_rule_of_law,RL.EST,-0.752373576164246
BGD,2009,wgi_rule_of_law,RL.EST,-0.784571468830109
BGD,2010,wgi_rule_of_law,RL.EST,-0.801013290882111
BGD,2011,wgi_rule_of_law,RL.EST,-0.733335554599762
BGD,2012,wgi_rule_of_law,RL.EST,-0.936167359352112
BGD,2013,wgi_rule_of_law,RL.EST,-0.871579885482788
BGD,2014,wgi_rule_of_law,RL.EST,-0.782356798648834
BGD,2015,wgi_rule_of_law,RL.EST,-0.769605338573456
BGD,2016,wgi_rule_of_law,RL.EST,-0.669500529766083
BGD,2017,wgi_rule_of_law,RL.EST,-0.679660320281982
BGD,2018,wgi_rule_of_law,RL.EST,-0.649216711521149
BGD,2019,wgi_rule_of_law,RL.EST,-0.643474996089935
BGD,2020,wgi_rule_of_law,RL.EST,-0.565531194210052
BGD,2021,wgi_rule_of_law,RL.EST,-0.62569397687912
BGD,2022,wgi_rule_of_law,RL.EST,-0.601690113544464
BGD,2023,wgi_rule_of_law,RL.EST,-0.502657234668732
BRA,1996,wgi_rule_of_law,RL.EST,-0.223502203822136
BRA,1998,wgi_rule_of_law,RL.EST,-0.202992081642151
BRA,2000,wgi_rule_of_law,RL.EST,-0.244871854782104
BRA,2002,wgi_rule_of_law,RL.EST,-0.266611307859421
BRA,2003,wgi_rule_of_law,RL.EST,-0.367893666028976
BRA,2004,wgi_rule_of_law,RL.EST,-0.400920122861862
BRA,2005,wgi_rule_of_law,RL.EST,-0.475531458854675
BRA,2006,wgi_rule_of_law,RL.EST,-0.402620196342468
BRA,2007,wgi_rule_of_law,RL.EST,-0.40977942943573
BRA,2008,wgi_rule_of_law,RL.EST,-0.288044780492783
BRA,2009,wgi_rule_of_law,RL.EST,-0.103854693472385
BRA,2010,wgi_rule_of_law,RL.EST,0.0564144365489483
BRA,2011,wgi_rule_of_law,RL.EST,0.0451417230069637
BRA,2012,wgi_rule_of_law,RL.EST,-0.0769327953457832
BRA,2013,wgi_rule_of_law,RL.EST,-0.0920452028512955
BRA,2014,wgi_rule_of_law,RL.EST,-0.0529657602310181
BRA,2015,wgi_rule_of_law,RL.EST,-0.187332957983017
BRA,2016,wgi_rule_of_law,RL.EST,-0.201301991939545
BRA,2017,wgi_rule_of_law,RL.EST,-0.305428564548492
BRA,2018,wgi_rule_of_law,RL.EST,-0.30234295129776
BRA,2019,wgi_rule_of_law,RL.EST,-0.224319815635681
BRA,2020,wgi_rule_of_law,RL.EST,-0.231919765472412
BRA,2021,wgi_rule_of_law,RL.EST,-0.301417380571365
BRA,2022,wgi_rule_of_law,RL.EST,-0.257879137992859
BRA,2023,wgi_rule_of_law,RL.EST,-0.308802843093872
CAN,1996,wgi_rule_of_law,RL.EST,1.64725470542908
CAN,1998,wgi_rule_of_law,RL.EST,1.71499538421631
CAN,2000,wgi_rule_of_law,RL.EST,1.66548609733582
CAN,2002,wgi_rule_of_law,RL.EST,1.66139602661133
CAN,2003,wgi_rule_of_law,RL.EST,1.69705653190613
CAN,2004,wgi_rule_of_law,RL.EST,1.68714725971222
CAN,2005,wgi_rule_of_law,RL.EST,1.65014719963074
CAN,2006,wgi_rule_of_law,RL.EST,1.80108332633972
CAN,2007,wgi_rule_of_law,RL.EST,1.79710018634796
CAN,2008,wgi_rule_of_law,RL.EST,1.79639303684235
CAN,2009,wgi_rule_of_law,RL.EST,1.7967267036438
CAN,2010,wgi_rule_of_law,RL.EST,1.79859042167664
CAN,2011,wgi_rule_of_law,RL.EST,1.72711992263794
CAN,2012,wgi_rule_of_law,RL.EST,1.75642120838165
CAN,2013,wgi_rule_of_law,RL.EST,1.74750757217407
CAN,2014,wgi_rule_of_law,RL.EST,1.88629722595215
CAN,2015,wgi_rule_of_law,RL.EST,1.8071414232254
CAN,2016,wgi_rule_of_law,RL.EST,1.8009147644043
CAN,2017,wgi_rule_of_law,RL.EST,1.76343929767609
CAN,2018,wgi_rule_of_law,RL.EST,1.71514165401459
CAN,2019,wgi_rule_of_law,RL.EST,1.71977615356445
CAN,2020,wgi_rule_of_law,RL.EST,1.61910331249237
CAN,2021,wgi_rule_of_law,RL.EST,1.59289026260376
CAN,2022,wgi_rule_of_law,RL.EST,1.56462013721466
CAN,2023,wgi_rule_of_law,RL.EST,1.47300565242767
CHE,1996,wgi_rule_of_law,RL.EST,1.93155193328857
CHE,1998,wgi_rule_of_law,RL.EST,1.9275484085083
CHE,2000,wgi_rule_of_law,RL.EST,1.94582056999207
CHE,2002,wgi_rule_of_law,RL.EST,1.91821336746216
CHE,2003,wgi_rule_of_law,RL.EST,1.89939785003662
CHE,2004,wgi_rule_of_law,RL.EST,1.88619542121887
CHE,2005,wgi_rule_of_law,RL.EST,1.90166938304901
CHE,2006,wgi_rule_of_law,RL.EST,1.80377161502838
CHE,2007,wgi_rule_of_law,RL.EST,1.82794570922852
CHE,2008,wgi_rule_of_law,RL.EST,1.80470788478851
CHE,2009,wgi_rule_of_law,RL.EST,1.74314093589783
CHE,2010,wgi_rule_of_law,RL.EST,1.74979496002197
CHE,2011,wgi_rule_of_law,RL.EST,1.72214198112488
CHE,2012,wgi_rule_of_law,RL.EST,1.81180202960968
CHE,2013,wgi_rule_of_law,RL.EST,1.79604589939117
CHE,2014,wgi_rule_of_law,RL.EST,1.99025726318359
CHE,2015,wgi_rule_of_law,RL.EST,1.90928101539612
CHE,2016,wgi_rule_of_law,RL.EST,1.90616285800934
CHE,2017,wgi_rule_of_law,RL.EST,1.88867199420929
CHE,2018,wgi_rule_of_law,RL.EST,1.88756000995636
CHE,2019,wgi_rule_of_law,RL.EST,1.86265933513641
CHE,2020,wgi_rule_of_law,RL.EST,1.77689027786255
CHE,2021,wgi_rule_of_law,RL.EST,1.76798534393311
CHE,2022,wgi_rule_of_law,RL.EST,1.75118839740753
CHE,2023,wgi_rule_of_law,RL.EST,1.76172566413879
CHL,1996,wgi_rule_of_law,RL.EST,1.11373817920685
CHL,1998,wgi_rule_of_law,RL.EST,1.09760177135468
CHL,2000,wgi_rule_of_law,RL.EST,1.26092338562012
CHL,2002,wgi_rule_of_law,RL.EST,1.25724005699158
CHL,2003,wgi_rule_of_law,RL.EST,1.17721080780029
CHL,2004,wgi_rule_of_law,RL.EST,1.16569674015045
CHL,2005,wgi_rule_of_law,RL.EST,1.21021103858948
CHL,2006,wgi_rule_of_law,RL.EST,1.18129122257233
CHL,2007,wgi_rule_of_law,RL.EST,1.19518756866455
CHL,2008,wgi_rule_of_law,RL.EST,1.21035730838776
CHL,2009,wgi_rule_of_law,RL.EST,1.19409048557281
CHL,2010,wgi_rule_of_law,RL.EST,1.22541570663452
CHL,2011,wgi_rule_of_law,RL.EST,1.26333856582642
CHL,2012,wgi_rule_of_law,RL.EST,1.28765678405762
CHL,2013,wgi_rule_of_law,RL.EST,1.25513780117035
CHL,2014,wgi_rule_of_law,RL.EST,1.34870362281799
CHL,2015,wgi_rule_of_law,RL.EST,1.21972906589508
CHL,2016,wgi_rule_of_law,RL.EST,0.96039354801178
CHL,2017,wgi_rule_of_law,RL.EST,0.981475472450256
CHL,2018,wgi_rule_of_law,RL.EST,0.940260529518127
CHL,2019,wgi_rule_of_law,RL.EST,0.924216628074646
CHL,2020,wgi_rule_of_law,RL.EST,0.930162131786346
CHL,2021,wgi_rule_of_law,RL.EST,0.889890670776367
CHL,2022,wgi_rule_of_law,RL.EST,0.688454449176788
CHL,2023,wgi_rule_of_law,RL.EST,0.625093758106232
CHN,1996,wgi_rule_of_law,RL.EST,-0.545589983463287
CHN,1998,wgi_rule_of_law,RL.EST,-0.476805359125137
CHN,2000,wgi_rule_of_law,RL.EST,-0.51611715555191
CHN,2002,wgi_rule_of_law,RL.EST,-0.517029762268066
CHN,2003,wgi_rule_of_law,RL.EST,-0.553043842315674
CHN,2004,wgi_rule_of_law,RL.EST,-0.585468709468842
CHN,2005,wgi_rule_of_law,RL.EST,-0.650172889232635
CHN,2006,wgi_rule_of_law,RL.EST,-0.699893414974213
CHN,2007,wgi_rule_of_law,RL.EST,-0.597397744655609
CHN,2008,wgi_rule_of_law,RL.EST,-0.479174673557281
CHN,2009,wgi_rule_of_law,RL.EST,-0.46321377158165
CHN,2010,wgi_rule_of_law,RL.EST,-0.472601860761642
CHN,2011,wgi_rule_of_law,RL.EST,-0.453809976577759
CHN,2012,wgi_rule_of_law,RL.EST,-0.545384466648102
CHN,2013,wgi_rule_of_law,RL.EST,-0.52588939666748
CHN,2014,wgi_rule_of_law,RL.EST,-0.396053194999695
CHN,2015,wgi_rule_of_law,RL.EST,-0.408455699682236
CHN,2016,wgi_rule_of_law,RL.EST,-0.32396873831749
CHN,2017,wgi_rule_of_law,RL.EST,-0.255178093910217
CHN,2018,wgi_rule_of_law,RL.EST,-0.186479195952415
CHN,2019,wgi_rule_of_law,RL.EST,-0.261681526899338
CHN,2020,wgi_rule_of_law,RL.EST,-0.102505102753639
CHN,2021,wgi_rule_of_law,RL.EST,0.0102688856422901
CHN,2022,wgi_rule_of_law,RL.EST,-0.04217629134655
CHN,2023,wgi_rule_of_law,RL.EST,-0.0401299707591534
COL,1996,wgi_rule_of_law,RL.EST,-0.75183779001236
COL,1998,wgi_rule_of_law,RL.EST,-0.662920475006104
COL,2000,wgi_rule_of_law,RL.EST,-0.925037920475006
COL,2002,wgi_rule_of_law,RL.EST,-0.749073088169098
COL,2003,wgi_rule_of_law,RL.EST,-0.739117562770844
COL,2004,wgi_rule_of_law,RL.EST,-0.695200145244598
COL,2005,wgi_rule_of_law,RL.EST,-0.63308185338974
COL,2006,wgi_rule_of_law,RL.EST,-0.508387923240662
COL,2007,wgi_rule_of_law,RL.EST,-0.432980388402939
COL,2008,wgi_rule_of_law,RL.EST,-0.381235986948013
COL,2009,wgi_rule_of_law,RL.EST,-0.367777585983276
COL,2010,wgi_rule_of_law,RL.EST,-0.271385610103607
COL,2011,wgi_rule_of_law,RL.EST,-0.217361465096474
COL,2012,wgi_rule_of_law,RL.EST,-0.32591912150383
COL,2013,wgi_rule_of_law,RL.EST,-0.38826909661293
COL,2014,wgi_rule_of_law,RL.EST,-0.252291530370712
COL,2015,wgi_rule_of_law,RL.EST,-0.24723581969738
COL,2016,wgi_rule_of_law,RL.EST,-0.266068160533905
COL,2017,wgi_rule_of_law,RL.EST,-0.366633266210556
COL,2018,wgi_rule_of_law,RL.EST,-0.383742153644562
COL,2019,wgi_rule_of_law,RL.EST,-0.391183972358704
COL,2020,wgi_rule_of_law,RL.EST,-0.491402626037598
COL,2021,wgi_rule_of_law,RL.EST,-0.470828503370285
COL,2022,wgi_rule_of_law,RL.EST,-0.427760243415833
COL,2023,wgi_rule_of_law,RL.EST,-0.458272933959961
CZE,1996,wgi_rule_of_law,RL.EST,0.915322721004486
CZE,1998,wgi_rule_of_law,RL.EST,0.86627471446991
CZE,2000,wgi_rule_of_law,RL.EST,0.607116281986237
CZE,2002,wgi_rule_of_law,RL.EST,0.859825134277344
CZE,2003,wgi_rule_of_law,RL.EST,0.873709797859192
CZE,2004,wgi_rule_of_law,RL.EST,0.758330762386322
CZE,2005,wgi_rule_of_law,RL.EST,0.857741057872772
CZE,2006,wgi_rule_of_law,RL.EST,0.862385094165802
CZE,2007,wgi_rule_of_law,RL.EST,0.878743946552277
CZE,2008,wgi_rule_of_law,RL.EST,0.900237202644348
CZE,2009,wgi_rule_of_law,RL.EST,0.95621782541275
CZE,2010,wgi_rule_of_law,RL.EST,0.930919170379639
CZE,2011,wgi_rule_of_law,RL.EST,1.0174971818924
CZE,2012,wgi_rule_of_law,RL.EST,1.02260160446167
CZE,2013,wgi_rule_of_law,RL.EST,1.02387058734894
CZE,2014,wgi_rule_of_law,RL.EST,1.13887214660645
CZE,2015,wgi_rule_of_law,RL.EST,1.10708737373352
CZE,2016,wgi_rule_of_law,RL.EST,0.988326966762543
CZE,2017,wgi_rule_of_law,RL.EST,1.08858931064606
CZE,2018,wgi_rule_of_law,RL.EST,1.01980626583099
CZE,2019,wgi_rule_of_law,RL.EST,1.01709353923798
CZE,2020,wgi_rule_of_law,RL.EST,1.01845061779022
CZE,2021,wgi_rule_of_law,RL.EST,1.09040725231171
CZE,2022,wgi_rule_of_law,RL.EST,1.1003965139389
CZE,2023,wgi_rule_of_law,RL.EST,1.14218366146088
DEU,1996,wgi_rule_of_law,RL.EST,1.60952925682068
DEU,1998,wgi_rule_of_law,RL.EST,1.62198948860168
DEU,2000,wgi_rule_of_law,RL.EST,1.60941886901855
DEU,2002,wgi_rule_of_law,RL.EST,1.63438987731934
DEU,2003,wgi_rule_of_law,RL.EST,1.6375846862793
DEU,2004,wgi_rule_of_law,RL.EST,1.62020444869995
DEU,2005,wgi_rule_of_law,RL.EST,1.65219819545746
DEU,2006,wgi_rule_of_law,RL.EST,1.77008616924286
DEU,2007,wgi_rule_of_law,RL.EST,1.75559067726135
DEU,2008,wgi_rule_of_law,RL.EST,1.73402619361877
DEU,2009,wgi_rule_of_law,RL.EST,1.64867222309113
DEU,2010,wgi_rule_of_law,RL.EST,1.63750469684601
DEU,2011,wgi_rule_of_law,RL.EST,1.61821925640106
DEU,2012,wgi_rule_of_law,RL.EST,1.66923201084137
DEU,2013,wgi_rule_of_law,RL.EST,1.64198386669159
DEU,2014,wgi_rule_of_law,RL.EST,1.85020470619202
DEU,2015,wgi_rule_of_law,RL.EST,1.75914001464844
DEU,2016,wgi_rule_of_law,RL.EST,1.58330154418945
DEU,2017,wgi_rule_of_law,RL.EST,1.5740704536438
DEU,2018,wgi_rule_of_law,RL.EST,1.59137535095215
DEU,2019,wgi_rule_of_law,RL.EST,1.5813193321228
DEU,2020,wgi_rule_of_law,RL.EST,1.52012777328491
DEU,2021,wgi_rule_of_law,RL.EST,1.5718047618866
DEU,2022,wgi_rule_of_law,RL.EST,1.53199517726898
DEU,2023,wgi_rule_of_law,RL.EST,1.55120778083801
DNK,1996,wgi_rule_of_law,RL.EST,1.82080864906311
DNK,1998,wgi_rule_of_law,RL.EST,1.83726668357849
DNK,2000,wgi_rule_of_law,RL.EST,1.80873346328735
DNK,2002,wgi_rule_of_law,RL.EST,1.88234078884125
DNK,2003,wgi_rule_of_law,RL.EST,1.92051100730896
DNK,2004,wgi_rule_of_law,RL.EST,1.93052399158478
DNK,2005,wgi_rule_of_law,RL.EST,1.93610906600952
DNK,2006,wgi_rule_of_law,RL.EST,1.98349893093109
DNK,2007,wgi_rule_of_law,RL.EST,1.99517047405243
DNK,2008,wgi_rule_of_law,RL.EST,1.95405626296997
DNK,2009,wgi_rule_of_law,RL.EST,1.91712713241577
DNK,2010,wgi_rule_of_law,RL.EST,1.89844179153442
DNK,2011,wgi_rule_of_law,RL.EST,1.91979134082794
DNK,2012,wgi_rule_of_law,RL.EST,1.87506687641144
DNK,2013,wgi_rule_of_law,RL.EST,1.90228533744812
DNK,2014,wgi_rule_of_law,RL.EST,2.10073828697205
DNK,2015,wgi_rule_of_law,RL.EST,2.01513481140137
DNK,2016,wgi_rule_of_law,RL.EST,1.88294720649719
DNK,2017,wgi_rule_of_law,RL.EST,1.80426836013794
DNK,2018,wgi_rule_of_law,RL.EST,1.77322614192963
DNK,2019,wgi_rule_of_law,RL.EST,1.83337736129761
DNK,2020,wgi_rule_of_law,RL.EST,1.80679368972778
DNK,2021,wgi_rule_of_law,RL.EST,1.89572131633759
DNK,2022,wgi_rule_of_law,RL.EST,1.8995805978775
DNK,2023,wgi_rule_of_law,RL.EST,1.90893590450287
EGY,1996,wgi_rule_of_law,RL.EST,0.00126244104467332
EGY,1998,wgi_rule_of_law,RL.EST,-0.126968279480934
EGY,2000,wgi_rule_of_law,RL.EST,-0.0515826977789402
EGY,2002,wgi_rule_of_law,RL.EST,-0.0114680724218488
EGY,2003,wgi_rule_of_law,RL.EST,-0.00235446891747415
EGY,2004,wgi_rule_of_law,RL.EST,0.0133178951218724
EGY,2005,wgi_rule_of_law,RL.EST,-0.00122323480900377
EGY,2006,wgi_rule_of_law,RL.EST,-0.278967440128326
EGY,2007,wgi_rule_of_law,RL.EST,-0.246213480830193
EGY,2008,wgi_rule_of_law,RL.EST,-0.129783600568771
EGY,2009,wgi_rule_of_law,RL.EST,-0.0833449959754944
EGY,2010,wgi_rule_of_law,RL.EST,-0.174863860011101
EGY,2011,wgi_rule_of_law,RL.EST,-0.483893096446991
EGY,2012,wgi_rule_of_law,RL.EST,-0.536399841308594
EGY,2013,wgi_rule_of_law,RL.EST,-0.73585569858551
EGY,2014,wgi_rule_of_law,RL.EST,-0.698402404785156
EGY,2015,wgi_rule_of_law,RL.EST,-0.601831138134003
EGY,2016,wgi_rule_of_law,RL.EST,-0.477475792169571
EGY,2017,wgi_rule_of_law,RL.EST,-0.448036134243011
EGY,2018,wgi_rule_of_law,RL.EST,-0.301445573568344
EGY,2019,wgi_rule_of_law,RL.EST,-0.332123339176178
EGY,2020,wgi_rule_of_law,RL.EST,-0.317483067512512
EGY,2021,wgi_rule_of_law,RL.EST,-0.260645717382431
EGY,2022,wgi_rule_of_law,RL.EST,-0.26560452580452
EGY,2023,wgi_rule_of_law,RL.EST,-0.184178426861763
ESP,1996,wgi_rule_of_law,RL.EST,1.43508553504944
ESP,1998,wgi_rule_of_law,RL.EST,1.30619204044342
ESP,2000,wgi_rule_of_law,RL.EST,1.4075014591217
ESP,2002,wgi_rule_of_law,RL.EST,1.22893154621124
ESP,2003,wgi_rule_of_law,RL.EST,1.24776077270508
ESP,2004,wgi_rule_of_law,RL.EST,1.12897205352783
ESP,2005,wgi_rule_of_law,RL.EST,1.11754953861237
ESP,2006,wgi_rule_of_law,RL.EST,1.11987686157227
ESP,2007,wgi_rule_of_law,RL.EST,1.1538097858429
ESP,2008,wgi_rule_of_law,RL.EST,1.18374812602997
ESP,2009,wgi_rule_of_law,RL.EST,1.15600228309631
ESP,2010,wgi_rule_of_law,RL.EST,1.15678811073303
ESP,2011,wgi_rule_of_law,RL.EST,1.16937839984894
ESP,2012,wgi_rule_of_law,RL.EST,1.03779828548431
ESP,2013,wgi_rule_of_law,RL.EST,1.02537167072296
ESP,2014,wgi_rule_of_law,RL.EST,0.966455936431885
ESP,2015,wgi_rule_of_law,RL.EST,0.886066854000092
ESP,2016,wgi_rule_of_law,RL.EST,0.965352892875671
ESP,2017,wgi_rule_of_law,RL.EST,1.02435386180878
ESP,2018,wgi_rule_of_law,RL.EST,0.978094100952148
ESP,2019,wgi_rule_of_law,RL.EST,0.990192174911499
ESP,2020,wgi_rule_of_law,RL.EST,0.860964477062225
ESP,2021,wgi_rule_of_law,RL.EST,0.843258261680603
ESP,2022,wgi_rule_of_law,RL.EST,0.799167692661285
ESP,2023,wgi_rule_of_law,RL.EST,0.822885692119598
FIN,1996,wgi_rule_of_law,RL.EST,1.90792155265808
FIN,1998,wgi_rule_of_law,RL.EST,1.95207500457764
FIN,2000,wgi_rule_of_law,RL.EST,1.95340764522552
FIN,2002,wgi_rule_of_law,RL.EST,1.90388894081116
FIN,2003,wgi_rule_of_law,RL.EST,1.95863425731659
FIN,2004,wgi_rule_of_law,RL.EST,1.93988859653473
FIN,2005,wgi_rule_of_law,RL.EST,1.95094156265259
FIN,2006,wgi_rule_of_law,RL.EST,1.95951342582703
FIN,2007,wgi_rule_of_law,RL.EST,1.89684998989105
FIN,2008,wgi_rule_of_law,RL.EST,1.91038119792938
FIN,2009,wgi_rule_of_law,RL.EST,1.9625688791275
FIN,2010,wgi_rule_of_law,RL.EST,1.96125268936157
FIN,2011,wgi_rule_of_law,RL.EST,1.93953800201416
FIN,2012,wgi_rule_of_law,RL.EST,1.94403350353241
FIN,2013,wgi_rule_of_law,RL.EST,1.95568263530731
FIN,2014,wgi_rule_of_law,RL.EST,2.1247615814209
FIN,2015,wgi_rule_of_law,RL.EST,2.05303645133972
FIN,2016,wgi_rule_of_law,RL.EST,2.00771570205688
FIN,2017,wgi_rule_of_law,RL.EST,2.02406764030457
FIN,2018,wgi_rule_of_law,RL.EST,2.03439903259277
FIN,2019,wgi_rule_of_law,RL.EST,2.01262903213501
FIN,2020,wgi_rule_of_law,RL.EST,2.01859211921692
FIN,2021,wgi_rule_of_law,RL.EST,2.01347613334656
FIN,2022,wgi_rule_of_law,RL.EST,1.95789980888367
FIN,2023,wgi_rule_of_law,RL.EST,1.96704590320587
FRA,1996,wgi_rule_of_law,RL.EST,1.48368334770203
FRA,1998,wgi_rule_of_law,RL.EST,1.36451578140259
FRA,2000,wgi_rule_of_law,RL.EST,1.43230748176575
FRA,2002,wgi_rule_of_law,RL.EST,1.21287262439728
FRA,2003,wgi_rule_of_law,RL.EST,1.33328890800476
FRA,2004,wgi_rule_of_law,RL.EST,1.42519283294678
FRA,2005,wgi_rule_of_law,RL.EST,1.40783047676086
FRA,2006,wgi_rule_of_law,RL.EST,1.46217286586761
FRA,2007,wgi_rule_of_law,RL.EST,1.45637440681458
FRA,2008,wgi_rule_of_law,RL.EST,1.49627375602722
FRA,2009,wgi_rule_of_law,RL.EST,1.44575703144073
FRA,2010,wgi_rule_of_law,RL.EST,1.49973154067993
FRA,2011,wgi_rule_of_law,RL.EST,1.42973482608795
FRA,2012,wgi_rule_of_law,RL.EST,1.43693244457245
FRA,2013,wgi_rule_of_law,RL.EST,1.40236282348633
FRA,2014,wgi_rule_of_law,RL.EST,1.45350301265717
FRA,2015,wgi_rule_of_law,RL.EST,1.36679553985596
FRA,2016,wgi_rule_of_law,RL.EST,1.35156190395355
FRA,2017,wgi_rule_of_law,RL.EST,1.39806187152863
FRA,2018,wgi_rule_of_law,RL.EST,1.39622473716736
FRA,2019,wgi_rule_of_law,RL.EST,1.37148487567902
FRA,2020,wgi_rule_of_law,RL.EST,1.29872727394104
FRA,2021,wgi_rule_of_law,RL.EST,1.25916755199432
FRA,2022,wgi_rule_of_law,RL.EST,1.18058335781097
FRA,2023,wgi_rule_of_law,RL.EST,1.18057084083557
GBR,1996,wgi_rule_of_law,RL.EST,1.62873435020447
GBR,1998,wgi_rule_of_law,RL.EST,1.73309910297394
GBR,2000,wgi_rule_of_law,RL.EST,1.66714358329773
GBR,2002,wgi_rule_of_law,RL.EST,1.65189230442047
GBR,2003,wgi_rule_of_law,RL.EST,1.6673995256424
GBR,2004,wgi_rule_of_law,RL.EST,1.60760021209717
GBR,2005,wgi_rule_of_law,RL.EST,1.55816102027893
GBR,2006,wgi_rule_of_law,RL.EST,1.77239453792572
GBR,2007,wgi_rule_of_law,RL.EST,1.72019219398499
GBR,2008,wgi_rule_of_law,RL.EST,1.69664943218231
GBR,2009,wgi_rule_of_law,RL.EST,1.73159778118134
GBR,2010,wgi_rule_of_law,RL.EST,1.77469253540039
GBR,2011,wgi_rule_of_law,RL.EST,1.65874373912811
GBR,2012,wgi_rule_of_law,RL.EST,1.72941386699677
GBR,2013,wgi_rule_of_law,RL.EST,1.68938088417053
GBR,2014,wgi_rule_of_law,RL.EST,1.87468194961548
GBR,2015,wgi_rule_of_law,RL.EST,1.77068817615509
GBR,2016,wgi_rule_of_law,RL.EST,1.63999843597412
GBR,2017,wgi_rule_of_law,RL.EST,1.64506530761719
GBR,2018,wgi_rule_of_law,RL.EST,1.60317921638489
GBR,2019,wgi_rule_of_law,RL.EST,1.56992924213409
GBR,2020,wgi_rule_of_law,RL.EST,1.46396434307098
GBR,2021,wgi_rule_of_law,RL.EST,1.39551365375519
GBR,2022,wgi_rule_of_law,RL.EST,1.41379821300507
GBR,2023,wgi_rule_of_law,RL.EST,1.39836597442627
HKG,1996,wgi_rule_of_law,RL.EST,0.750565767288208
HKG,1998,wgi_rule_of_law,RL.EST,0.984140694141388
HKG,2000,wgi_rule_of_law,RL.EST,0.796505093574524
HKG,2002,wgi_rule_of_law,RL.EST,1.26554250717163
HKG,2003,wgi_rule_of_law,RL.EST,1.53687572479248
HKG,2004,wgi_rule_of_law,RL.EST,1.56783330440521
HKG,2005,wgi_rule_of_law,RL.EST,1.60160768032074
HKG,2006,wgi_rule_of_law,RL.EST,1.53962767124176
HKG,2007,wgi_rule_of_law,RL.EST,1.51000499725342
HKG,2008,wgi_rule_of_law,RL.EST,1.47821688652039
HKG,2009,wgi_rule_of_law,RL.EST,1.48886930942535
HKG,2010,wgi_rule_of_law,RL.EST,1.53603065013885
HKG,2011,wgi_rule_of_law,RL.EST,1.54570031166077
HKG,2012,wgi_rule_of_law,RL.EST,1.57356703281403
HKG,2013,wgi_rule_of_law,RL.EST,1.56558108329773
HKG,2014,wgi_rule_of_law,RL.EST,1.85631024837494
HKG,2015,wgi_rule_of_law,RL.EST,1.79026436805725
HKG,2016,wgi_rule_of_law,RL.EST,1.68411242961884
HKG,2017,wgi_rule_of_law,RL.EST,1.68126904964447
HKG,2018,wgi_rule_of_law,RL.EST,1.72965824604034
HKG,2019,wgi_rule_of_law,RL.EST,1.56565248966217
HKG,2020,wgi_rule_of_law,RL.EST,1.55023634433746
HKG,2021,wgi_rule_of_law,RL.EST,1.41165292263031
HKG,2022,wgi_rule_of_law,RL.EST,1.27816295623779
HKG,2023,wgi_rule_of_law,RL.EST,1.29364585876465
IDN,1996,wgi_rule_of_law,RL.EST,-0.489870309829712
IDN,1998,wgi_rule_of_law,RL.EST,-0.750535488128662
IDN,2000,wgi_rule_of_law,RL.EST,-0.696610867977142
IDN,2002,wgi_rule_of_law,RL.EST,-0.910264730453491
IDN,2003,wgi_rule_of_law,RL.EST,-0.859100699424744
IDN,2004,wgi_rule_of_law,RL.EST,-0.732880175113678
IDN,2005,wgi_rule_of_law,RL.EST,-0.797872185707092
IDN,2006,wgi_rule_of_law,RL.EST,-0.694450855255127
IDN,2007,wgi_rule_of_law,RL.EST,-0.698989927768707
IDN,2008,wgi_rule_of_law,RL.EST,-0.673782587051392
IDN,2009,wgi_rule_of_law,RL.EST,-0.611935317516327
IDN,2010,wgi_rule_of_law,RL.EST,-0.656044900417328
IDN,2011,wgi_rule_of_law,RL.EST,-0.59964394569397
IDN,2012,wgi_rule_of_law,RL.EST,-0.583569049835205
IDN,2013,wgi_rule_of_law,RL.EST,-0.533516585826874
IDN,2014,wgi_rule_of_law,RL.EST,-0.31091845035553
IDN,2015,wgi_rule_of_law,RL.EST,-0.424549460411072
IDN,2016,wgi_rule_of_law,RL.EST,-0.33899450302124
IDN,2017,wgi_rule_of_law,RL.EST,-0.351397454738617
IDN,2018,wgi_rule_of_law,RL.EST,-0.314401388168335
IDN,2019,wgi_rule_of_law,RL.EST,-0.347653895616531
IDN,2020,wgi_rule_of_law,RL.EST,-0.365602731704712
IDN,2021,wgi_rule_of_law,RL.EST,-0.253444284200668
IDN,2022,wgi_rule_of_law,RL.EST,-0.1881303191185
IDN,2023,wgi_rule_of_law,RL.EST,-0.153604462742805
IND,1996,wgi_rule_of_law,RL.EST,0.313456207513809
IND,1998,wgi_rule_of_law,RL.EST,0.335014313459396
IND,2000,wgi_rule_of_law,RL.EST,0.348079591989517
IND,2002,wgi_rule_of_law,RL.EST,-0.0173958707600832
IND,2003,wgi_rule_of_law,RL.EST,0.120161645114422
IND,2004,wgi_rule_of_law,RL.EST,0.0533560588955879
IND,2005,wgi_rule_of_law,RL.EST,0.13313016295433
IND,2006,wgi_rule_of_law,RL.EST,0.178989619016647
IND,2007,wgi_rule_of_law,RL.EST,0.0968981608748436
IND,2008,wgi_rule_of_law,RL.EST,0.0958504602313042
IND,2009,wgi_rule_of_law,RL.EST,0.0179808251559734
IND,2010,wgi_rule_of_law,RL.EST,-0.0358108207583427
IND,2011,wgi_rule_of_law,RL.EST,-0.0862971395254135
IND,2012,wgi_rule_of_law,RL.EST,-0.0628807470202446
IND,2013,wgi_rule_of_law,RL.EST,-0.0458925999701023
IND,2014,wgi_rule_of_law,RL.EST,-0.0691893845796585
IND,2015,wgi_rule_of_law,RL.EST,-0.0707211047410965
IND,2016,wgi_rule_of_law,RL.EST,-0.0561538562178612
IND,2017,wgi_rule_of_law,RL.EST,-0.0297500882297754
IND,2018,wgi_rule_of_law,RL.EST,-0.00142208894249052
IND,2019,wgi_rule_of_law,RL.EST,-0.0672271549701691
IND,2020,wgi_rule_of_law,RL.EST,-0.0584247447550297
IND,2021,wgi_rule_of_law,RL.EST,-0.108451806008816
IND,2022,wgi_rule_of_law,RL.EST,0.113943412899971
IND,2023,wgi_rule_of_law,RL.EST,0.188364565372467
IRL,1996,wgi_rule_of_law,RL.EST,1.50104010105133
IRL,1998,wgi_rule_of_law,RL.EST,1.59148979187012
IRL,2000,wgi_rule_of_law,RL.EST,1.53968262672424
IRL,2002,wgi_rule_of_law,RL.EST,1.5953254699707
IRL,2003,wgi_rule_of_law,RL.EST,1.48246681690216
IRL,2004,wgi_rule_of_law,RL.EST,1.51067984104156
IRL,2005,wgi_rule_of_law,RL.EST,1.58428418636322
IRL,2006,wgi_rule_of_law,RL.EST,1.70889830589294
IRL,2007,wgi_rule_of_law,RL.EST,1.72822141647339
IRL,2008,wgi_rule_of_law,RL.EST,1.70412838459015
IRL,2009,wgi_rule_of_law,RL.EST,1.74309933185577
IRL,2010,wgi_rule_of_law,RL.EST,1.76081323623657
IRL,2011,wgi_rule_of_law,RL.EST,1.74646854400635
IRL,2012,wgi_rule_of_law,RL.EST,1.7272036075592
IRL,2013,wgi_rule_of_law,RL.EST,1.70915448665619
IRL,2014,wgi_rule_of_law,RL.EST,1.76058638095856
IRL,2015,wgi_rule_of_law,RL.EST,1.72836124897003
IRL,2016,wgi_rule_of_law,RL.EST,1.46621227264404
IRL,2017,wgi_rule_of_law,RL.EST,1.38122129440308
IRL,2018,wgi_rule_of_law,RL.EST,1.41250944137573
IRL,2019,wgi_rule_of_law,RL.EST,1.34828162193298
IRL,2020,wgi_rule_of_law,RL.EST,1.45630073547363
IRL,2021,wgi_rule_of_law,RL.EST,1.49300801753998
IRL,2022,wgi_rule_of_law,RL.EST,1.52677750587463
IRL,2023,wgi_rule_of_law,RL.EST,1.63358354568481
IRN,1996,wgi_rule_of_law,RL.EST,-0.940338909626007
IRN,1998,wgi_rule_of_law,RL.EST,-0.683586835861206
IRN,2000,wgi_rule_of_law,RL.EST,-0.519492506980896
IRN,2002,wgi_rule_of_law,RL.EST,-0.821777701377869
IRN,2003,wgi_rule_of_law,RL.EST,-0.680515766143799
IRN,2004,wgi_rule_of_law,RL.EST,-0.673581480979919
IRN,2005,wgi_rule_of_law,RL.EST,-0.865804314613342
IRN,2006,wgi_rule_of_law,RL.EST,-0.994356155395508
IRN,2007,wgi_rule_of_law,RL.EST,-1.02745187282562
IRN,2008,wgi_rule_of_law,RL.EST,-0.97846394777298
IRN,2009,wgi_rule_of_law,RL.EST,-1.05367839336395
IRN,2010,wgi_rule_of_law,RL.EST,-1.02666425704956
IRN,2011,wgi_rule_of_law,RL.EST,-0.967787086963654
IRN,2012,wgi_rule_of_law,RL.EST,-0.918653786182404
IRN,2013,wgi_rule_of_law,RL.EST,-0.997067153453827
IRN,2014,wgi_rule_of_law,RL.EST,-1.05286180973053
IRN,2015,wgi_rule_of_law,RL.EST,-0.940354943275452
IRN,2016,wgi_rule_of_law,RL.EST,-0.695977568626404
IRN,2017,wgi_rule_of_law,RL.EST,-0.7025266289711
IRN,2018,wgi_rule_of_law,RL.EST,-0.712859213352203
IRN,2019,wgi_rule_of_law,RL.EST,-0.771478950977325
IRN,2020,wgi_rule_of_law,RL.EST,-0.88682621717453
IRN,2021,wgi_rule_of_law,RL.EST,-0.966482520103455
IRN,2022,wgi_rule_of_law,RL.EST,-1.01758456230164
IRN,2023,wgi_rule_of_law,RL.EST,-1.06095492839813
IRQ,1996,wgi_rule_of_law,RL.EST,-1.56301152706146
IRQ,1998,wgi_rule_of_law,RL.EST,-1.54818320274353
IRQ,2000,wgi_rule_of_law,RL.EST,-1.39339351654053
IRQ,2002,wgi_rule_of_law,RL.EST,-1.51278352737427
IRQ,2003,wgi_rule_of_law,RL.EST,-1.64462292194366
IRQ,2004,wgi_rule_of_law,RL.EST,-1.82427036762238
IRQ,2005,wgi_rule_of_law,RL.EST,-1.71689701080322
IRQ,2006,wgi_rule_of_law,RL.EST,-1.68082666397095
IRQ,2007,wgi_rule_of_law,RL.EST,-1.83802831172943
IRQ,2008,wgi_rule_of_law,RL.EST,-1.76817429065704
IRQ,2009,wgi_rule_of_law,RL.EST,-1.70071530342102
IRQ,2010,wgi_rule_of_law,RL.EST,-1.70723676681519
IRQ,2011,wgi_rule_of_law,RL.EST,-1.55628681182861
IRQ,2012,wgi_rule_of_law,RL.EST,-1.57004082202911
IRQ,2013,wgi_rule_of_law,RL.EST,-1.56443238258362
IRQ,2014,wgi_rule_of_law,RL.EST,-1.44884276390076
IRQ,2015,wgi_rule_of_law,RL.EST,-1.56235945224762
IRQ,2016,wgi_rule_of_law,RL.EST,-1.76788532733917
IRQ,2017,wgi_rule_of_law,RL.EST,-1.75534462928772
IRQ,2018,wgi_rule_of_law,RL.EST,-1.80134296417236
IRQ,2019,wgi_rule_of_law,RL.EST,-1.77203547954559
IRQ,2020,wgi_rule_of_law,RL.EST,-1.79986429214478
IRQ,2021,wgi_rule_of_law,RL.EST,-1.74884688854218
IRQ,2022,wgi_rule_of_law,RL.EST,-1.74994015693665
IRQ,2023,wgi_rule_of_law,RL.EST,-1.69316685199738
ISR,1996,wgi_rule_of_law,RL.EST,1.27892601490021
ISR,1998,wgi_rule_of_law,RL.EST,0.993849754333496
ISR,2000,wgi_rule_of_law,RL.EST,1.00100183486938
ISR,2002,wgi_rule_of_law,RL.EST,1.06982314586639
ISR,2003,wgi_rule_of_law,RL.EST,0.910984516143799
ISR,2004,wgi_rule_of_law,RL.EST,0.848270535469055
ISR,2005,wgi_rule_of_law,RL.EST,0.807715952396393
ISR,2006,wgi_rule_of_law,RL.EST,0.891168355941772
ISR,2007,wgi_rule_of_law,RL.EST,0.816402733325958
ISR,2008,wgi_rule_of_law,RL.EST,0.837563395500183
ISR,2009,wgi_rule_of_law,RL.EST,0.835133969783783
ISR,2010,wgi_rule_of_law,RL.EST,0.909712016582489
ISR,2011,wgi_rule_of_law,RL.EST,1.00532269477844
ISR,2012,wgi_rule_of_law,RL.EST,0.928755700588226
ISR,2013,wgi_rule_of_law,RL.EST,0.971388220787048
ISR,2014,wgi_rule_of_law,RL.EST,1.1051938533783
ISR,2015,wgi_rule_of_law,RL.EST,1.13097846508026
ISR,2016,wgi_rule_of_law,RL.EST,1.03913819789886
ISR,2017,wgi_rule_of_law,RL.EST,0.989351093769073
ISR,2018,wgi_rule_of_law,RL.EST,0.960164308547974
ISR,2019,wgi_rule_of_law,RL.EST,1.01171886920929
ISR,2020,wgi_rule_of_law,RL.EST,0.935626029968262
ISR,2021,wgi_rule_of_law,RL.EST,0.906789362430573
ISR,2022,wgi_rule_of_law,RL.EST,0.944517552852631
ISR,2023,wgi_rule_of_law,RL.EST,0.783846437931061
ITA,1996,wgi_rule_of_law,RL.EST,1.05642402172089
ITA,1998,wgi_rule_of_law,RL.EST,0.801862299442291
ITA,2000,wgi_rule_of_law,RL.EST,0.83810555934906
ITA,2002,wgi_rule_of_law,RL.EST,0.740141987800598
ITA,2003,wgi_rule_of_law,RL.EST,0.688429892063141
ITA,2004,wgi_rule_of_law,RL.EST,0.590003907680511
ITA,2005,wgi_rule_of_law,RL.EST,0.509243011474609
ITA,2006,wgi_rule_of_law,RL.EST,0.379006385803223
ITA,2007,wgi_rule_of_law,RL.EST,0.467548191547394
ITA,2008,wgi_rule_of_law,RL.EST,0.447921454906464
ITA,2009,wgi_rule_of_law,RL.EST,0.399145483970642
ITA,2010,wgi_rule_of_law,RL.EST,0.454773187637329
ITA,2011,wgi_rule_of_law,RL.EST,0.483442842960358
ITA,2012,wgi_rule_of_law,RL.EST,0.425940155982971
ITA,2013,wgi_rule_of_law,RL.EST,0.436259418725967
ITA,2014,wgi_rule_of_law,RL.EST,0.422147244215012
ITA,2015,wgi_rule_of_law,RL.EST,0.288353830575943
ITA,2016,wgi_rule_of_law,RL.EST,0.366415023803711
ITA,2017,wgi_rule_of_law,RL.EST,0.319133818149567
ITA,2018,wgi_rule_of_law,RL.EST,0.240623876452446
ITA,2019,wgi_rule_of_law,RL.EST,0.272417157888412
ITA,2020,wgi_rule_of_law,RL.EST,0.206682667136192
ITA,2021,wgi_rule_of_law,RL.EST,0.240348026156425
ITA,2022,wgi_rule_of_law,RL.EST,0.296974033117294
ITA,2023,wgi_rule_of_law,RL.EST,0.390358686447144
JPN,1996,wgi_rule_of_law,RL.EST,1.34782886505127
JPN,1998,wgi_rule_of_law,RL.EST,1.34852516651154
JPN,2000,wgi_rule_of_law,RL.EST,1.28975915908813
JPN,2002,wgi_rule_of_law,RL.EST,1.14855170249939
JPN,2003,wgi_rule_of_law,RL.EST,1.16399013996124
JPN,2004,wgi_rule_of_law,RL.EST,1.24947249889374
JPN,2005,wgi_rule_of_law,RL.EST,1.22439658641815
JPN,2006,wgi_rule_of_law,RL.EST,1.35152566432953
JPN,2007,wgi_rule_of_law,RL.EST,1.31983089447021
JPN,2008,wgi_rule_of_law,RL.EST,1.30866920948029
JPN,2009,wgi_rule_of_law,RL.EST,1.28708302974701
JPN,2010,wgi_rule_of_law,RL.EST,1.31965863704681
JPN,2011,wgi_rule_of_law,RL.EST,1.30369925498962
JPN,2012,wgi_rule_of_law,RL.EST,1.35136580467224
JPN,2013,wgi_rule_of_law,RL.EST,1.43588483333588
JPN,2014,wgi_rule_of_law,RL.EST,1.59787368774414
JPN,2015,wgi_rule_of_law,RL.EST,1.48507380485535
JPN,2016,wgi_rule_of_law,RL.EST,1.38373231887817
JPN,2017,wgi_rule_of_law,RL.EST,1.52945506572723
JPN,2018,wgi_rule_of_law,RL.EST,1.49385368824005
JPN,2019,wgi_rule_of_law,RL.EST,1.49643456935883
JPN,2020,wgi_rule_of_law,RL.EST,1.47148048877716
JPN,2021,wgi_rule_of_law,RL.EST,1.54032814502716
JPN,2022,wgi_rule_of_law,RL.EST,1.55796921253204
JPN,2023,wgi_rule_of_law,RL.EST,1.53553938865662
KOR,1996,wgi_rule_of_law,RL.EST,0.798747360706329
KOR,1998,wgi_rule_of_law,RL.EST,0.778700530529022
KOR,2000,wgi_rule_of_law,RL.EST,0.830339729785919
KOR,2002,wgi_rule_of_law,RL.EST,0.920009970664978
KOR,2003,wgi_rule_of_law,RL.EST,0.800298810005188
KOR,2004,wgi_rule_of_law,RL.EST,0.909604072570801
KOR,2005,wgi_rule_of_law,RL.EST,0.974222898483276
KOR,2006,wgi_rule_of_law,RL.EST,0.837951719760895
KOR,2007,wgi_rule_of_law,RL.EST,1.01054978370667
KOR,2008,wgi_rule_of_law,RL.EST,0.860504567623138
KOR,2009,wgi_rule_of_law,RL.EST,0.99423885345459
KOR,2010,wgi_rule_of_law,RL.EST,1.00820755958557
KOR,2011,wgi_rule_of_law,RL.EST,1.02559030056
KOR,2012,wgi_rule_of_law,RL.EST,0.984835565090179
KOR,2013,wgi_rule_of_law,RL.EST,0.945141017436981
KOR,2014,wgi_rule_of_law,RL.EST,1.00596332550049
KOR,2015,wgi_rule_of_law,RL.EST,0.902739524841309
KOR,2016,wgi_rule_of_law,RL.EST,1.1269690990448
KOR,2017,wgi_rule_of_law,RL.EST,1.1309677362442
KOR,2018,wgi_rule_of_law,RL.EST,1.1995415687561
KOR,2019,wgi_rule_of_law,RL.EST,1.15620601177216
KOR,2020,wgi_rule_of_law,RL.EST,1.14742302894592
KOR,2021,wgi_rule_of_law,RL.EST,1.09546947479248
KOR,2022,wgi_rule_of_law,RL.EST,1.1581643819809
KOR,2023,wgi_rule_of_law,RL.EST,1.24850225448608
MEX,1996,wgi_rule_of_law,RL.EST,-0.726646363735199
MEX,1998,wgi_rule_of_law,RL.EST,-0.532132267951965
MEX,2000,wgi_rule_of_law,RL.EST,-0.42650955915451
MEX,2002,wgi_rule_of_law,RL.EST,-0.349208414554596
MEX,2003,wgi_rule_of_law,RL.EST,-0.377902716398239
MEX,2004,wgi_rule_of_law,RL.EST,-0.409910470247269
MEX,2005,wgi_rule_of_law,RL.EST,-0.382989525794983
MEX,2006,wgi_rule_of_law,RL.EST,-0.472546279430389
MEX,2007,wgi_rule_of_law,RL.EST,-0.542932212352753
MEX,2008,wgi_rule_of_law,RL.EST,-0.689283549785614
MEX,2009,wgi_rule_of_law,RL.EST,-0.56286883354187
MEX,2010,wgi_rule_of_law,RL.EST,-0.552031338214874
MEX,2011,wgi_rule_of_law,RL.EST,-0.549887716770172
MEX,2012,wgi_rule_of_law,RL.EST,-0.53518009185791
MEX,2013,wgi_rule_of_law,RL.EST,-0.549416422843933
MEX,2014,wgi_rule_of_law,RL.EST,-0.406688004732132
MEX,2015,wgi_rule_of_law,RL.EST,-0.454765856266022
MEX,2016,wgi_rule_of_law,RL.EST,-0.579800665378571
MEX,2017,wgi_rule_of_law,RL.EST,-0.584648728370667
MEX,2018,wgi_rule_of_law,RL.EST,-0.641221523284912
MEX,2019,wgi_rule_of_law,RL.EST,-0.657918453216553
MEX,2020,wgi_rule_of_law,RL.EST,-0.642182171344757
MEX,2021,wgi_rule_of_law,RL.EST,-0.807996511459351
MEX,2022,wgi_rule_of_law,RL.EST,-0.869425058364868
MEX,2023,wgi_rule_of_law,RL.EST,-0.806393921375275
MYS,1996,wgi_rule_of_law,RL.EST,0.521090984344482
MYS,1998,wgi_rule_of_law,RL.EST,0.282355040311813
MYS,2000,wgi_rule_of_law,RL.EST,0.195348083972931
MYS,2002,wgi_rule_of_law,RL.EST,0.393110811710358
MYS,2003,wgi_rule_of_law,RL.EST,0.466075152158737
MYS,2004,wgi_rule_of_law,RL.EST,0.458940267562866
MYS,2005,wgi_rule_of_law,RL.EST,0.433445394039154
MYS,2006,wgi_rule_of_law,RL.EST,0.449109822511673
MYS,2007,wgi_rule_of_law,RL.EST,0.366876482963562
MYS,2008,wgi_rule_of_law,RL.EST,0.247283861041069
MYS,2009,wgi_rule_of_law,RL.EST,0.373885452747345
MYS,2010,wgi_rule_of_law,RL.EST,0.39389044046402
MYS,2011,wgi_rule_of_law,RL.EST,0.402631521224976
MYS,2012,wgi_rule_of_law,RL.EST,0.379769444465637
MYS,2013,wgi_rule_of_law,RL.EST,0.341337561607361
MYS,2014,wgi_rule_of_law,RL.EST,0.524089753627777
MYS,2015,wgi_rule_of_law,RL.EST,0.402504026889801
MYS,2016,wgi_rule_of_law,RL.EST,0.387877881526947
MYS,2017,wgi_rule_of_law,RL.EST,0.388218402862549
MYS,2018,wgi_rule_of_law,RL.EST,0.529206156730652
MYS,2019,wgi_rule_of_law,RL.EST,0.4915691614151
MYS,2020,wgi_rule_of_law,RL.EST,0.573119819164276
MYS,2021,wgi_rule_of_law,RL.EST,0.532065808773041
MYS,2022,wgi_rule_of_law,RL.EST,0.561419248580933
MYS,2023,wgi_rule_of_law,RL.EST,0.571915447711945
NGA,1996,wgi_rule_of_law,RL.EST,-1.28972291946411
NGA,1998,wgi_rule_of_law,RL.EST,-1.18912124633789
NGA,2000,wgi_rule_of_law,RL.EST,-1.16092002391815
NGA,2002,wgi_rule_of_law,RL.EST,-1.4958997964859
NGA,2003,wgi_rule_of_law,RL.EST,-1.51251006126404
NGA,2004,wgi_rule_of_law,RL.EST,-1.4396630525589
NGA,2005,wgi_rule_of_law,RL.EST,-1.35421597957611
NGA,2006,wgi_rule_of_law,RL.EST,-1.07539594173431
NGA,2007,wgi_rule_of_law,RL.EST,-1.06105268001556
NGA,2008,wgi_rule_of_law,RL.EST,-1.03830480575562
NGA,2009,wgi_rule_of_law,RL.EST,-1.15610778331757
NGA,2010,wgi_rule_of_law,RL.EST,-1.1588362455368
NGA,2011,wgi_rule_of_law,RL.EST,-1.1788387298584
NGA,2012,wgi_rule_of_law,RL.EST,-1.13882875442505
NGA,2013,wgi_rule_of_law,RL.EST,-1.12051975727081
NGA,2014,wgi_rule_of_law,RL.EST,-1.05607903003693
NGA,2015,wgi_rule_of_law,RL.EST,-0.983265340328217
NGA,2016,wgi_rule_of_law,RL.EST,-1.03865242004395
NGA,2017,wgi_rule_of_law,RL.EST,-0.88729989528656
NGA,2018,wgi_rule_of_law,RL.EST,-0.917605757713318
NGA,2019,wgi_rule_of_law,RL.EST,-0.938441932201385
NGA,2020,wgi_rule_of_law,RL.EST,-0.842042088508606
NGA,2021,wgi_rule_of_law,RL.EST,-0.870812594890594
NGA,2022,wgi_rule_of_law,RL.EST,-0.913985073566437
NGA,2023,wgi_rule_of_law,RL.EST,-0.887689292430878
NLD,1996,wgi_rule_of_law,RL.EST,1.69525694847107
NLD,1998,wgi_rule_of_law,RL.EST,1.74252772331238
NLD,2000,wgi_rule_of_law,RL.EST,1.74453032016754
NLD,2002,wgi_rule_of_law,RL.EST,1.7072594165802
NLD,2003,wgi_rule_of_law,RL.EST,1.70947313308716
NLD,2004,wgi_rule_of_law,RL.EST,1.73802030086517
NLD,2005,wgi_rule_of_law,RL.EST,1.7526228427887
NLD,2006,wgi_rule_of_law,RL.EST,1.76974618434906
NLD,2007,wgi_rule_of_law,RL.EST,1.76987528800964
NLD,2008,wgi_rule_of_law,RL.EST,1.74962913990021
NLD,2009,wgi_rule_of_law,RL.EST,1.80702006816864
NLD,2010,wgi_rule_of_law,RL.EST,1.81173205375671
NLD,2011,wgi_rule_of_law,RL.EST,1.81257343292236
NLD,2012,wgi_rule_of_law,RL.EST,1.85268175601959
NLD,2013,wgi_rule_of_law,RL.EST,1.82529842853546
NLD,2014,wgi_rule_of_law,RL.EST,1.973428606987
NLD,2015,wgi_rule_of_law,RL.EST,1.9068900346756
NLD,2016,wgi_rule_of_law,RL.EST,1.84564888477325
NLD,2017,wgi_rule_of_law,RL.EST,1.75830602645874
NLD,2018,wgi_rule_of_law,RL.EST,1.74446511268616
NLD,2019,wgi_rule_of_law,RL.EST,1.73473942279816
NLD,2020,wgi_rule_of_law,RL.EST,1.70633113384247
NLD,2021,wgi_rule_of_law,RL.EST,1.69862735271454
NLD,2022,wgi_rule_of_law,RL.EST,1.65676593780518
NLD,2023,wgi_rule_of_law,RL.EST,1.64250445365906
NOR,1996,wgi_rule_of_law,RL.EST,1.92331528663635
NOR,1998,wgi_rule_of_law,RL.EST,1.94982421398163
NOR,2000,wgi_rule_of_law,RL.EST,1.83087551593781
NOR,2002,wgi_rule_of_law,RL.EST,1.84875297546387
NOR,2003,wgi_rule_of_law,RL.EST,1.88110423088074
NOR,2004,wgi_rule_of_law,RL.EST,1.96196269989014
NOR,2005,wgi_rule_of_law,RL.EST,1.91248178482056
NOR,2006,wgi_rule_of_law,RL.EST,1.96577215194702
NOR,2007,wgi_rule_of_law,RL.EST,1.92829203605652
NOR,2008,wgi_rule_of_law,RL.EST,1.95778656005859
NOR,2009,wgi_rule_of_law,RL.EST,1.87349915504456
NOR,2010,wgi_rule_of_law,RL.EST,1.88987576961517
NOR,2011,wgi_rule_of_law,RL.EST,1.86417806148529
NOR,2012,wgi_rule_of_law,RL.EST,1.95103108882904
NOR,2013,wgi_rule_of_law,RL.EST,1.97096431255341
NOR,2014,wgi_rule_of_law,RL.EST,2.02431488037109
NOR,2015,wgi_rule_of_law,RL.EST,1.97525000572205
NOR,2016,wgi_rule_of_law,RL.EST,1.99445748329163
NOR,2017,wgi_rule_of_law,RL.EST,1.98068571090698
NOR,2018,wgi_rule_of_law,RL.EST,1.92207717895508
NOR,2019,wgi_rule_of_law,RL.EST,1.94084346294403
NOR,2020,wgi_rule_of_law,RL.EST,1.92992174625397
NOR,2021,wgi_rule_of_law,RL.EST,1.90791833400726
NOR,2022,wgi_rule_of_law,RL.EST,1.76085293292999
NOR,2023,wgi_rule_of_law,RL.EST,1.83398151397705
PAK,1996,wgi_rule_of_law,RL.EST,-0.625289618968964
PAK,1998,wgi_rule_of_law,RL.EST,-0.793338298797607
PAK,2000,wgi_rule_of_law,RL.EST,-1.00038921833038
PAK,2002,wgi_rule_of_law,RL.EST,-0.931637406349182
PAK,2003,wgi_rule_of_law,RL.EST,-0.920624613761902
PAK,2004,wgi_rule_of_law,RL.EST,-0.994449377059937
PAK,2005,wgi_rule_of_law,RL.EST,-0.890321433544159
PAK,2006,wgi_rule_of_law,RL.EST,-0.857247531414032
PAK,2007,wgi_rule_of_law,RL.EST,-0.887544631958008
PAK,2008,wgi_rule_of_law,RL.EST,-0.97261369228363
PAK,2009,wgi_rule_of_law,RL.EST,-0.838977217674255
PAK,2010,wgi_rule_of_law,RL.EST,-0.737805545330048
PAK,2011,wgi_rule_of_law,RL.EST,-0.9066281914711
PAK,2012,wgi_rule_of_law,RL.EST,-0.883420169353485
PAK,2013,wgi_rule_of_law,RL.EST,-0.856186628341675
PAK,2014,wgi_rule_of_law,RL.EST,-0.751135647296906
PAK,2015,wgi_rule_of_law,RL.EST,-0.777004957199097
PAK,2016,wgi_rule_of_law,RL.EST,-0.815520167350769
PAK,2017,wgi_rule_of_law,RL.EST,-0.731694102287292
PAK,2018,wgi_rule_of_law,RL.EST,-0.683649957180023
PAK,2019,wgi_rule_of_law,RL.EST,-0.68840104341507
PAK,2020,wgi_rule_of_law,RL.EST,-0.712938487529755
PAK,2021,wgi_rule_of_law,RL.EST,-0.658620655536652
PAK,2022,wgi_rule_of_law,RL.EST,-0.672116339206696
PAK,2023,wgi_rule_of_law,RL.EST,-0.859885513782501
PHL,1996,wgi_rule_of_law,RL.EST,0.0745114460587502
PHL,1998,wgi_rule_of_law,RL.EST,0.0272596124559641
PHL,2000,wgi_rule_of_law,RL.EST,-0.38852921128273
PHL,2002,wgi_rule_of_law,RL.EST,-0.386543154716492
PHL,2003,wgi_rule_of_law,RL.EST,-0.550385236740112
PHL,2004,wgi_rule_of_law,RL.EST,-0.628952264785767
PHL,2005,wgi_rule_of_law,RL.EST,-0.333545029163361
PHL,2006,wgi_rule_of_law,RL.EST,-0.406893372535706
PHL,2007,wgi_rule_of_law,RL.EST,-0.46309170126915
PHL,2008,wgi_rule_of_law,RL.EST,-0.550221860408783
PHL,2009,wgi_rule_of_law,RL.EST,-0.574997305870056
PHL,2010,wgi_rule_of_law,RL.EST,-0.553793609142303
PHL,2011,wgi_rule_of_law,RL.EST,-0.506389260292053
PHL,2012,wgi_rule_of_law,RL.EST,-0.522410273551941
PHL,2013,wgi_rule_of_law,RL.EST,-0.469005644321442
PHL,2014,wgi_rule_of_law,RL.EST,-0.369522929191589
PHL,2015,wgi_rule_of_law,RL.EST,-0.417368292808533
PHL,2016,wgi_rule_of_law,RL.EST,-0.431536346673965
PHL,2017,wgi_rule_of_law,RL.EST,-0.501289486885071
PHL,2018,wgi_rule_of_law,RL.EST,-0.565135478973389
PHL,2019,wgi_rule_of_law,RL.EST,-0.57440197467804
PHL,2020,wgi_rule_of_law,RL.EST,-0.652070105075836
PHL,2021,wgi_rule_of_law,RL.EST,-0.666802585124969
PHL,2022,wgi_rule_of_law,RL.EST,-0.518263161182404
PHL,2023,wgi_rule_of_law,RL.EST,-0.41814711689949
POL,1996,wgi_rule_of_law,RL.EST,0.767495036125183
POL,1998,wgi_rule_of_law,RL.EST,0.798767924308777
POL,2000,wgi_rule_of_law,RL.EST,0.633313119411469
POL,2002,wgi_rule_of_law,RL.EST,0.670436203479767
POL,2003,wgi_rule_of_law,RL.EST,0.510291218757629
POL,2004,wgi_rule_of_law,RL.EST,0.41630694270134
POL,2005,wgi_rule_of_law,RL.EST,0.470091372728348
POL,2006,wgi_rule_of_law,RL.EST,0.382761627435684
POL,2007,wgi_rule_of_law,RL.EST,0.409072279930115
POL,2008,wgi_rule_of_law,RL.EST,0.550622165203094
POL,2009,wgi_rule_of_law,RL.EST,0.645846784114838
POL,2010,wgi_rule_of_law,RL.EST,0.712359011173248
POL,2011,wgi_rule_of_law,RL.EST,0.794908702373505
POL,2012,wgi_rule_of_law,RL.EST,0.817868530750275
POL,2013,wgi_rule_of_law,RL.EST,0.839544832706451
POL,2014,wgi_rule_of_law,RL.EST,0.87160587310791
POL,2015,wgi_rule_of_law,RL.EST,0.803594648838043
POL,2016,wgi_rule_of_law,RL.EST,0.593824148178101
POL,2017,wgi_rule_of_law,RL.EST,0.400895059108734
POL,2018,wgi_rule_of_law,RL.EST,0.376929372549057
POL,2019,wgi_rule_of_law,RL.EST,0.391241818666458
POL,2020,wgi_rule_of_law,RL.EST,0.524749398231506
POL,2021,wgi_rule_of_law,RL.EST,0.425569206476212
POL,2022,wgi_rule_of_law,RL.EST,0.428134799003601
POL,2023,wgi_rule_of_law,RL.EST,0.458741247653961
PRT,1996,wgi_rule_of_law,RL.EST,1.2862948179245
PRT,1998,wgi_rule_of_law,RL.EST,1.24264001846313
PRT,2000,wgi_rule_of_law,RL.EST,1.20019292831421
PRT,2002,wgi_rule_of_law,RL.EST,1.30751407146454
PRT,2003,wgi_rule_of_law,RL.EST,1.27625250816345
PRT,2004,wgi_rule_of_law,RL.EST,1.23305141925812
PRT,2005,wgi_rule_of_law,RL.EST,1.22431552410126
PRT,2006,wgi_rule_of_law,RL.EST,0.975267469882965
PRT,2007,wgi_rule_of_law,RL.EST,1.00311207771301
PRT,2008,wgi_rule_of_law,RL.EST,1.01124441623688
PRT,2009,wgi_rule_of_law,RL.EST,1.05841326713562
PRT,2010,wgi_rule_of_law,RL.EST,1.02578413486481
PRT,2011,wgi_rule_of_law,RL.EST,0.996393918991089
PRT,2012,wgi_rule_of_law,RL.EST,1.03611195087433
PRT,2013,wgi_rule_of_law,RL.EST,1.03864598274231
PRT,2014,wgi_rule_of_law,RL.EST,1.11946487426758
PRT,2015,wgi_rule_of_law,RL.EST,1.10189425945282
PRT,2016,wgi_rule_of_law,RL.EST,1.04333281517029
PRT,2017,wgi_rule_of_law,RL.EST,1.10397756099701
PRT,2018,wgi_rule_of_law,RL.EST,1.1079808473587
PRT,2019,wgi_rule_of_law,RL.EST,1.10635912418365
PRT,2020,wgi_rule_of_law,RL.EST,1.15668058395386
PRT,2021,wgi_rule_of_law,RL.EST,1.10502743721008
PRT,2022,wgi_rule_of_law,RL.EST,1.11221826076508
PRT,2023,wgi_rule_of_law,RL.EST,1.06766510009766
ROU,1996,wgi_rule_of_law,RL.EST,-0.0219424981623888
ROU,1998,wgi_rule_of_law,RL.EST,-0.110562637448311
ROU,2000,wgi_rule_of_law,RL.EST,-0.18183496594429
ROU,2002,wgi_rule_of_law,RL.EST,-0.265604585409164
ROU,2003,wgi_rule_of_law,RL.EST,-0.210054367780685
ROU,2004,wgi_rule_of_law,RL.EST,-0.186782702803612
ROU,2005,wgi_rule_of_law,RL.EST,-0.154217436909676
ROU,2006,wgi_rule_of_law,RL.EST,-0.134708419442177
ROU,2007,wgi_rule_of_law,RL.EST,-0.105703733861446
ROU,2008,wgi_rule_of_law,RL.EST,-0.0155702503398061
ROU,2009,wgi_rule_of_law,RL.EST,0.053940374404192
ROU,2010,wgi_rule_of_law,RL.EST,0.106409564614296
ROU,2011,wgi_rule_of_law,RL.EST,0.104707606136799
ROU,2012,wgi_rule_of_law,RL.EST,0.0929005369544029
ROU,2013,wgi_rule_of_law,RL.EST,0.190215259790421
ROU,2014,wgi_rule_of_law,RL.EST,0.242155745625496
ROU,2015,wgi_rule_of_law,RL.EST,0.204882144927979
ROU,2016,wgi_rule_of_law,RL.EST,0.45245349407196
ROU,2017,wgi_rule_of_law,RL.EST,0.436648339033127
ROU,2018,wgi_rule_of_law,RL.EST,0.367548227310181
ROU,2019,wgi_rule_of_law,RL.EST,0.415343642234802
ROU,2020,wgi_rule_of_law,RL.EST,0.368689924478531
ROU,2021,wgi_rule_of_law,RL.EST,0.38048443198204
ROU,2022,wgi_rule_of_law,RL.EST,0.403401881456375
ROU,2023,wgi_rule_of_law,RL.EST,0.437425792217255
RUS,1996,wgi_rule_of_law,RL.EST,-0.794187605381012
RUS,1998,wgi_rule_of_law,RL.EST,-0.855796992778778
RUS,2000,wgi_rule_of_law,RL.EST,-1.08369505405426
RUS,2002,wgi_rule_of_law,RL.EST,-0.874504148960114
RUS,2003,wgi_rule_of_law,RL.EST,-0.957668244838715
RUS,2004,wgi_rule_of_law,RL.EST,-0.915175259113312
RUS,2005,wgi_rule_of_law,RL.EST,-0.963954508304596
RUS,2006,wgi_rule_of_law,RL.EST,-0.987496435642242
RUS,2007,wgi_rule_of_law,RL.EST,-1.00755798816681
RUS,2008,wgi_rule_of_law,RL.EST,-1.01145589351654
RUS,2009,wgi_rule_of_law,RL.EST,-0.806498229503632
RUS,2010,wgi_rule_of_law,RL.EST,-0.79579108953476
RUS,2011,wgi_rule_of_law,RL.EST,-0.747264206409454
RUS,2012,wgi_rule_of_law,RL.EST,-0.857621252536774
RUS,2013,wgi_rule_of_law,RL.EST,-0.821814119815826
RUS,2014,wgi_rule_of_law,RL.EST,-0.773192346096039
RUS,2015,wgi_rule_of_law,RL.EST,-0.815131187438965
RUS,2016,wgi_rule_of_law,RL.EST,-0.845054090023041
RUS,2017,wgi_rule_of_law,RL.EST,-0.845929563045502
RUS,2018,wgi_rule_of_law,RL.EST,-0.832721412181854
RUS,2019,wgi_rule_of_law,RL.EST,-0.771243870258331
RUS,2020,wgi_rule_of_law,RL.EST,-0.80521035194397
RUS,2021,wgi_rule_of_law,RL.EST,-0.886179327964783
RUS,2022,wgi_rule_of_law,RL.EST,-1.19659042358398
RUS,2023,wgi_rule_of_law,RL.EST,-1.18764269351959
SAU,1996,wgi_rule_of_law,RL.EST,0.114562630653381
SAU,1998,wgi_rule_of_law,RL.EST,0.0467006266117096
SAU,2000,wgi_rule_of_law,RL.EST,-0.165411278605461
SAU,2002,wgi_rule_of_law,RL.EST,-0.0178285911679268
SAU,2003,wgi_rule_of_law,RL.EST,0.108946494758129
SAU,2004,wgi_rule_of_law,RL.EST,0.0121128251776099
SAU,2005,wgi_rule_of_law,RL.EST,-0.022657472640276
SAU,2006,wgi_rule_of_law,RL.EST,0.011266702786088
SAU,2007,wgi_rule_of_law,RL.EST,0.067988209426403
SAU,2008,wgi_rule_of_law,RL.EST,0.0687283277511597
SAU,2009,wgi_rule_of_law,RL.EST,0.0451107770204544
SAU,2010,wgi_rule_of_law,RL.EST,0.149531841278076
SAU,2011,wgi_rule_of_law,RL.EST,0.0465363264083862
SAU,2012,wgi_rule_of_law,RL.EST,0.14434976875782
SAU,2013,wgi_rule_of_law,RL.EST,0.153234601020813
SAU,2014,wgi_rule_of_law,RL.EST,0.13271252810955
SAU,2015,wgi_rule_of_law,RL.EST,0.0975649878382683
SAU,2016,wgi_rule_of_law,RL.EST,0.315819621086121
SAU,2017,wgi_rule_of_law,RL.EST,0.0772835165262222
SAU,2018,wgi_rule_of_law,RL.EST,0.117757342755795
SAU,2019,wgi_rule_of_law,RL.EST,0.145257651805878
SAU,2020,wgi_rule_of_law,RL.EST,0.215450674295425
SAU,2021,wgi_rule_of_law,RL.EST,0.205605715513229
SAU,2022,wgi_rule_of_law,RL.EST,0.289913713932037
SAU,2023,wgi_rule_of_law,RL.EST,0.414570838212967
SGP,1996,wgi_rule_of_law,RL.EST,1.23934519290924
SGP,1998,wgi_rule_of_law,RL.EST,1.23770523071289
SGP,2000,wgi_rule_of_law,RL.EST,1.27266025543213
SGP,2002,wgi_rule_of_law,RL.EST,1.37723803520203
SGP,2003,wgi_rule_of_law,RL.EST,1.53715085983276
SGP,2004,wgi_rule_of_law,RL.EST,1.63809645175934
SGP,2005,wgi_rule_of_law,RL.EST,1.69587361812592
SGP,2006,wgi_rule_of_law,RL.EST,1.57389867305756
SGP,2007,wgi_rule_of_law,RL.EST,1.59572398662567
SGP,2008,wgi_rule_of_law,RL.EST,1.59489285945892
SGP,2009,wgi_rule_of_law,RL.EST,1.55884337425232
SGP,2010,wgi_rule_of_law,RL.EST,1.61884760856628
SGP,2011,wgi_rule_of_law,RL.EST,1.66075348854065
SGP,2012,wgi_rule_of_law,RL.EST,1.72407805919647
SGP,2013,wgi_rule_of_law,RL.EST,1.69725751876831
SGP,2014,wgi_rule_of_law,RL.EST,1.82067048549652
SGP,2015,wgi_rule_of_law,RL.EST,1.77914321422577
SGP,2016,wgi_rule_of_law,RL.EST,1.78623282909393
SGP,2017,wgi_rule_of_law,RL.EST,1.78575432300568
SGP,2018,wgi_rule_of_law,RL.EST,1.80290043354034
SGP,2019,wgi_rule_of_law,RL.EST,1.83805370330811
SGP,2020,wgi_rule_of_law,RL.EST,1.83543491363525
SGP,2021,wgi_rule_of_law,RL.EST,1.81946074962616
SGP,2022,wgi_rule_of_law,RL.EST,1.77819037437439
SGP,2023,wgi_rule_of_law,RL.EST,1.75317537784576
SWE,1996,wgi_rule_of_law,RL.EST,1.79586124420166
SWE,1998,wgi_rule_of_law,RL.EST,1.75143575668335
SWE,2000,wgi_rule_of_law,RL.EST,1.8001868724823
SWE,2002,wgi_rule_of_law,RL.EST,1.84246826171875
SWE,2003,wgi_rule_of_law,RL.EST,1.88671100139618
SWE,2004,wgi_rule_of_law,RL.EST,1.87256228923798
SWE,2005,wgi_rule_of_law,RL.EST,1.79775130748749
SWE,2006,wgi_rule_of_law,RL.EST,1.85117638111115
SWE,2007,wgi_rule_of_law,RL.EST,1.89182782173157
SWE,2008,wgi_rule_of_law,RL.EST,1.91915678977966
SWE,2009,wgi_rule_of_law,RL.EST,1.9582816362381
SWE,2010,wgi_rule_of_law,RL.EST,1.93030881881714
SWE,2011,wgi_rule_of_law,RL.EST,1.91803658008575
SWE,2012,wgi_rule_of_law,RL.EST,1.92827761173248
SWE,2013,wgi_rule_of_law,RL.EST,1.95059812068939
SWE,2014,wgi_rule_of_law,RL.EST,1.97514510154724
SWE,2015,wgi_rule_of_law,RL.EST,1.99032938480377
SWE,2016,wgi_rule_of_law,RL.EST,1.95228481292725
SWE,2017,wgi_rule_of_law,RL.EST,1.81969857215881
SWE,2018,wgi_rule_of_law,RL.EST,1.78407502174377
SWE,2019,wgi_rule_of_law,RL.EST,1.79216158390045
SWE,2020,wgi_rule_of_law,RL.EST,1.76741015911102
SWE,2021,wgi_rule_of_law,RL.EST,1.69935715198517
SWE,2022,wgi_rule_of_law,RL.EST,1.68850898742676
SWE,2023,wgi_rule_of_law,RL.EST,1.60402345657349
THA,1996,wgi_rule_of_law,RL.EST,0.539628803730011
THA,1998,wgi_rule_of_law,RL.EST,0.509335398674011
THA,2000,wgi_rule_of_law,RL.EST,0.57901805639267
THA,2002,wgi_rule_of_law,RL.EST,0.386922985315323
THA,2003,wgi_rule_of_law,RL.EST,0.153711155056953
THA,2004,wgi_rule_of_law,RL.EST,0.06238729134202
THA,2005,wgi_rule_of_law,RL.EST,-0.00755707500502467
THA,2006,wgi_rule_of_law,RL.EST,-0.0693550705909729
THA,2007,wgi_rule_of_law,RL.EST,-0.137440487742424
THA,2008,wgi_rule_of_law,RL.EST,-0.159740418195724
THA,2009,wgi_rule_of_law,RL.EST,-0.260052651166916
THA,2010,wgi_rule_of_law,RL.EST,-0.233622625470161
THA,2011,wgi_rule_of_law,RL.EST,-0.229752525687218
THA,2012,wgi_rule_of_law,RL.EST,-0.172369107604027
THA,2013,wgi_rule_of_law,RL.EST,-0.139277547597885
THA,2014,wgi_rule_of_law,RL.EST,-0.220402136445045
THA,2015,wgi_rule_of_law,RL.EST,-0.188114643096924
THA,2016,wgi_rule_of_law,RL.EST,-0.0282307099550962
THA,2017,wgi_rule_of_law,RL.EST,0.013869789429009
THA,2018,wgi_rule_of_law,RL.EST,-0.00403118878602982
THA,2019,wgi_rule_of_law,RL.EST,0.0887417942285538
THA,2020,wgi_rule_of_law,RL.EST,0.111505389213562
THA,2021,wgi_rule_of_law,RL.EST,0.0937988311052322
THA,2022,wgi_rule_of_law,RL.EST,0.0657474175095558
THA,2023,wgi_rule_of_law,RL.EST,0.244872748851776
TUR,1996,wgi_rule_of_law,RL.EST,-0.138794779777527
TUR,1998,wgi_rule_of_law,RL.EST,-0.0995105654001236
TUR,2000,wgi_rule_of_law,RL.EST,-0.0709462091326714
TUR,2002,wgi_rule_of_law,RL.EST,-0.0821832045912743
TUR,2003,wgi_rule_of_law,RL.EST,0.103039585053921
TUR,2004,wgi_rule_of_law,RL.EST,0.0846992805600166
TUR,2005,wgi_rule_of_law,RL.EST,0.117468550801277
TUR,2006,wgi_rule_of_law,RL.EST,-0.00337432185187936
TUR,2007,wgi_rule_of_law,RL.EST,-0.0358059145510197
TUR,2008,wgi_rule_of_law,RL.EST,0.0228446871042252
TUR,2009,wgi_rule_of_law,RL.EST,0.0489085502922535
TUR,2010,wgi_rule_of_law,RL.EST,0.0499801225960255
TUR,2011,wgi_rule_of_law,RL.EST,0.0154577177017927
TUR,2012,wgi_rule_of_law,RL.EST,-0.0366085544228554
TUR,2013,wgi_rule_of_law,RL.EST,-0.00469276774674654
TUR,2014,wgi_rule_of_law,RL.EST,-0.0760362073779106
TUR,2015,wgi_rule_of_law,RL.EST,-0.23225000500679
TUR,2016,wgi_rule_of_law,RL.EST,-0.341492354869843
TUR,2017,wgi_rule_of_law,RL.EST,-0.317272514104843
TUR,2018,wgi_rule_of_law,RL.EST,-0.390099376440048
TUR,2019,wgi_rule_of_law,RL.EST,-0.346833646297455
TUR,2020,wgi_rule_of_law,RL.EST,-0.418659001588821
TUR,2021,wgi_rule_of_law,RL.EST,-0.433712124824524
TUR,2022,wgi_rule_of_law,RL.EST,-0.459680616855621
TUR,2023,wgi_rule_of_law,RL.EST,-0.511972904205322
USA,1996,wgi_rule_of_law,RL.EST,1.5002189874649
USA,1998,wgi_rule_of_law,RL.EST,1.56696021556854
USA,2000,wgi_rule_of_law,RL.EST,1.56463289260864
USA,2002,wgi_rule_of_law,RL.EST,1.51690554618835
USA,2003,wgi_rule_of_law,RL.EST,1.55444955825806
USA,2004,wgi_rule_of_law,RL.EST,1.41830444335938
USA,2005,wgi_rule_of_law,RL.EST,1.5282701253891
USA,2006,wgi_rule_of_law,RL.EST,1.59266018867493
USA,2007,wgi_rule_of_law,RL.EST,1.61114573478699
USA,2008,wgi_rule_of_law,RL.EST,1.62871420383453
USA,2009,wgi_rule_of_law,RL.EST,1.59132015705109
USA,2010,wgi_rule_of_law,RL.EST,1.63102221488953
USA,2011,wgi_rule_of_law,RL.EST,1.59098601341248
USA,2012,wgi_rule_of_law,RL.EST,1.62034177780151
USA,2013,wgi_rule_of_law,RL.EST,1.54942762851715
USA,2014,wgi_rule_of_law,RL.EST,1.60697412490845
USA,2015,wgi_rule_of_law,RL.EST,1.56301236152649
USA,2016,wgi_rule_of_law,RL.EST,1.58059740066528
USA,2017,wgi_rule_of_law,RL.EST,1.60897934436798
USA,2018,wgi_rule_of_law,RL.EST,1.47568726539612
USA,2019,wgi_rule_of_law,RL.EST,1.4241726398468
USA,2020,wgi_rule_of_law,RL.EST,1.33649373054504
USA,2021,wgi_rule_of_law,RL.EST,1.38915693759918
USA,2022,wgi_rule_of_law,RL.EST,1.36920201778412
USA,2023,wgi_rule_of_law,RL.EST,1.3276778459549
VNM,1996,wgi_rule_of_law,RL.EST,-0.48242661356926
VNM,1998,wgi_rule_of_law,RL.EST,-0.402721375226974
VNM,2000,wgi_rule_of_law,RL.EST,-0.345562547445297
VNM,2002,wgi_rule_of_law,RL.EST,-0.67900162935257
VNM,2003,wgi_rule_of_law,RL.EST,-0.636823534965515
VNM,2004,wgi_rule_of_law,RL.EST,-0.604071080684662
VNM,2005,wgi_rule_of_law,RL.EST,-0.317553699016571
VNM,2006,wgi_rule_of_law,RL.EST,-0.518898844718933
VNM,2007,wgi_rule_of_law,RL.EST,-0.490206182003021
VNM,2008,wgi_rule_of_law,RL.EST,-0.464453905820847
VNM,2009,wgi_rule_of_law,RL.EST,-0.531529664993286
VNM,2010,wgi_rule_of_law,RL.EST,-0.581304907798767
VNM,2011,wgi_rule_of_law,RL.EST,-0.541880786418915
VNM,2012,wgi_rule_of_law,RL.EST,-0.55492377281189
VNM,2013,wgi_rule_of_law,RL.EST,-0.515209794044495
VNM,2014,wgi_rule_of_law,RL.EST,-0.360228449106216
VNM,2015,wgi_rule_of_law,RL.EST,-0.355004519224167
VNM,2016,wgi_rule_of_law,RL.EST,0.0653154402971268
VNM,2017,wgi_rule_of_law,RL.EST,0.0403859280049801
VNM,2018,wgi_rule_of_law,RL.EST,-0.0354671441018581
VNM,2019,wgi_rule_of_law,RL.EST,-0.050392884761095
VNM,2020,wgi_rule_of_law,RL.EST,-0.189501881599426
VNM,2021,wgi_rule_of_law,RL.EST,-0.172221630811691
VNM,2022,wgi_rule_of_law,RL.EST,-0.158469453454018
VNM,2023,wgi_rule_of_law,RL.EST,-0.0854718759655952
ZAF,1996,wgi_rule_of_law,RL.EST,0.0879291966557503
ZAF,1998,wgi_rule_of_law,RL.EST,0.157686293125153
ZAF,2000,wgi_rule_of_law,RL.EST,0.148772299289703
ZAF,2002,wgi_rule_of_law,RL.EST,0.0273917205631733
ZAF,2003,wgi_rule_of_law,RL.EST,0.0375992655754089
ZAF,2004,wgi_rule_of_law,RL.EST,0.00451626582071185
ZAF,2005,wgi_rule_of_law,RL.EST,-0.0119512537494302
ZAF,2006,wgi_rule_of_law,RL.EST,0.181309819221497
ZAF,2007,wgi_rule_of_law,RL.EST,0.000255581398960203
ZAF,2008,wgi_rule_of_law,RL.EST,0.00541776139289141
ZAF,2009,wgi_rule_of_law,RL.EST,0.0724230706691742
ZAF,2010,wgi_rule_of_law,RL.EST,0.0977494567632675
ZAF,2011,wgi_rule_of_law,RL.EST,0.129662588238716
ZAF,2012,wgi_rule_of_law,RL.EST,0.0844441577792168
ZAF,2013,wgi_rule_of_law,RL.EST,0.135300785303116
ZAF,2014,wgi_rule_of_law,RL.EST,0.155199274420738
ZAF,2015,wgi_rule_of_law,RL.EST,0.0157780386507511
ZAF,2016,wgi_rule_of_law,RL.EST,0.0435598641633987
ZAF,2017,wgi_rule_of_law,RL.EST,-0.15624788403511
ZAF,2018,wgi_rule_of_law,RL.EST,-0.22182808816433
ZAF,2019,wgi_rule_of_law,RL.EST,-0.188336730003357
ZAF,2020,wgi_rule_of_law,RL.EST,-0.243993982672691
ZAF,2021,wgi_rule_of_law,RL.EST,0.0649796947836876
ZAF,2022,wgi_rule_of_law,RL.EST,0.0407747849822044
ZAF,2023,wgi_rule_of_law,RL.EST,0.0862350836396217
ARE,1996,wgi_voice_accountability,VA.EST,-0.409403622150421
ARE,1998,wgi_voice_accountability,VA.EST,-0.519163191318512
ARE,2000,wgi_voice_accountability,VA.EST,-0.516841351985931
ARE,2002,wgi_voice_accountability,VA.EST,-0.631543517112732
ARE,2003,wgi_voice_accountability,VA.EST,-0.912192344665527
ARE,2004,wgi_voice_accountability,VA.EST,-0.687912881374359
ARE,2005,wgi_voice_accountability,VA.EST,-0.708473205566406
ARE,2006,wgi_voice_accountability,VA.EST,-0.999829351902008
ARE,2007,wgi_voice_accountability,VA.EST,-0.906883299350739
ARE,2008,wgi_voice_accountability,VA.EST,-0.9123814702034
ARE,2009,wgi_voice_accountability,VA.EST,-0.838367760181427
ARE,2010,wgi_voice_accountability,VA.EST,-0.903547346591949
ARE,2011,wgi_voice_accountability,VA.EST,-0.89624410867691
ARE,2012,wgi_voice_accountability,VA.EST,-1.00081920623779
ARE,2013,wgi_voice_accountability,VA.EST,-1.01959705352783
ARE,2014,wgi_voice_accountability,VA.EST,-1.06146609783173
ARE,2015,wgi_voice_accountability,VA.EST,-1.11243331432343
ARE,2016,wgi_voice_accountability,VA.EST,-1.05007648468018
ARE,2017,wgi_voice_accountability,VA.EST,-1.0966237783432
ARE,2018,wgi_voice_accountability,VA.EST,-1.1226601600647
ARE,2019,wgi_voice_accountability,VA.EST,-1.139524102211
ARE,2020,wgi_voice_accountability,VA.EST,-1.17806625366211
ARE,2021,wgi_voice_accountability,VA.EST,-1.19142639636993
ARE,2022,wgi_voice_accountability,VA.EST,-1.12749147415161
ARE,2023,wgi_voice_accountability,VA.EST,-1.0949410200119
ARG,1996,wgi_voice_accountability,VA.EST,0.39190337061882
ARG,1998,wgi_voice_accountability,VA.EST,0.308850228786469
ARG,2000,wgi_voice_accountability,VA.EST,0.418346971273422
ARG,2002,wgi_voice_accountability,VA.EST,0.260062754154205
ARG,2003,wgi_voice_accountability,VA.EST,0.349125266075134
ARG,2004,wgi_voice_accountability,VA.EST,0.362040877342224
ARG,2005,wgi_voice_accountability,VA.EST,0.269231617450714
ARG,2006,wgi_voice_accountability,VA.EST,0.403436541557312
ARG,2007,wgi_voice_accountability,VA.EST,0.448621332645416
ARG,2008,wgi_voice_accountability,VA.EST,0.358895927667618
ARG,2009,wgi_voice_accountability,VA.EST,0.280091494321823
ARG,2010,wgi_voice_accountability,VA.EST,0.361670136451721
ARG,2011,wgi_voice_accountability,VA.EST,0.344941824674606
ARG,2012,wgi_voice_accountability,VA.EST,0.295209914445877
ARG,2013,wgi_voice_accountability,VA.EST,0.276933550834656
ARG,2014,wgi_voice_accountability,VA.EST,0.34527176618576
ARG,2015,wgi_voice_accountability,VA.EST,0.411758154630661
ARG,2016,wgi_voice_accountability,VA.EST,0.49326366186142
ARG,2017,wgi_voice_accountability,VA.EST,0.528708100318909
ARG,2018,wgi_voice_accountability,VA.EST,0.539252579212189
ARG,2019,wgi_voice_accountability,VA.EST,0.570874631404877
ARG,2020,wgi_voice_accountability,VA.EST,0.584501206874847
ARG,2021,wgi_voice_accountability,VA.EST,0.610777020454407
ARG,2022,wgi_voice_accountability,VA.EST,0.546316981315613
ARG,2023,wgi_voice_accountability,VA.EST,0.533921837806702
AUS,1996,wgi_voice_accountability,VA.EST,1.44020295143127
AUS,1998,wgi_voice_accountability,VA.EST,1.4074912071228
AUS,2000,wgi_voice_accountability,VA.EST,1.47130513191223
AUS,2002,wgi_voice_accountability,VA.EST,1.40723323822021
AUS,2003,wgi_voice_accountability,VA.EST,1.44212782382965
AUS,2004,wgi_voice_accountability,VA.EST,1.50154197216034
AUS,2005,wgi_voice_accountability,VA.EST,1.50705575942993
AUS,2006,wgi_voice_accountability,VA.EST,1.38279473781586
AUS,2007,wgi_voice_accountability,VA.EST,1.3691999912262
AUS,2008,wgi_voice_accountability,VA.EST,1.36807608604431
AUS,2009,wgi_voice_accountability,VA.EST,1.38379085063934
AUS,2010,wgi_voice_accountability,VA.EST,1.41976547241211
AUS,2011,wgi_voice_accountability,VA.EST,1.45372104644775
AUS,2012,wgi_voice_accountability,VA.EST,1.49919033050537
AUS,2013,wgi_voice_accountability,VA.EST,1.43636846542358
AUS,2014,wgi_voice_accountability,VA.EST,1.36167418956757
AUS,2015,wgi_voice_accountability,VA.EST,1.35573124885559
AUS,2016,wgi_voice_accountability,VA.EST,1.35410094261169
AUS,2017,wgi_voice_accountability,VA.EST,1.37863683700562
AUS,2018,wgi_voice_accountability,VA.EST,1.39378583431244
AUS,2019,wgi_voice_accountability,VA.EST,1.27036511898041
AUS,2020,wgi_voice_accountability,VA.EST,1.29898488521576
AUS,2021,wgi_voice_accountability,VA.EST,1.35812592506409
AUS,2022,wgi_voice_accountability,VA.EST,1.32390677928925
AUS,2023,wgi_voice_accountability,VA.EST,1.50660192966461
AUT,1996,wgi_voice_accountability,VA.EST,1.44895005226135
AUT,1998,wgi_voice_accountability,VA.EST,1.35477888584137
AUT,2000,wgi_voice_accountability,VA.EST,1.31755948066711
AUT,2002,wgi_voice_accountability,VA.EST,1.30749690532684
AUT,2003,wgi_voice_accountability,VA.EST,1.34388208389282
AUT,2004,wgi_voice_accountability,VA.EST,1.47565114498138
AUT,2005,wgi_voice_accountability,VA.EST,1.37865650653839
AUT,2006,wgi_voice_accountability,VA.EST,1.37268495559692
AUT,2007,wgi_voice_accountability,VA.EST,1.36926245689392
AUT,2008,wgi_voice_accountability,VA.EST,1.35846436023712
AUT,2009,wgi_voice_accountability,VA.EST,1.39284467697144
AUT,2010,wgi_voice_accountability,VA.EST,1.43029069900513
AUT,2011,wgi_voice_accountability,VA.EST,1.40244364738464
AUT,2012,wgi_voice_accountability,VA.EST,1.44877302646637
AUT,2013,wgi_voice_accountability,VA.EST,1.45652639865875
AUT,2014,wgi_voice_accountability,VA.EST,1.39129602909088
AUT,2015,wgi_voice_accountability,VA.EST,1.38369190692902
AUT,2016,wgi_voice_accountability,VA.EST,1.33784782886505
AUT,2017,wgi_voice_accountability,VA.EST,1.38622164726257
AUT,2018,wgi_voice_accountability,VA.EST,1.39954924583435
AUT,2019,wgi_voice_accountability,VA.EST,1.33715832233429
AUT,2020,wgi_voice_accountability,VA.EST,1.39462888240814
AUT,2021,wgi_voice_accountability,VA.EST,1.38638341426849
AUT,2022,wgi_voice_accountability,VA.EST,1.41365766525269
AUT,2023,wgi_voice_accountability,VA.EST,1.41124832630157
BEL,1996,wgi_voice_accountability,VA.EST,1.43329954147339
BEL,1998,wgi_voice_accountability,VA.EST,1.34284746646881
BEL,2000,wgi_voice_accountability,VA.EST,1.36650443077087
BEL,2002,wgi_voice_accountability,VA.EST,1.37745249271393
BEL,2003,wgi_voice_accountability,VA.EST,1.47829031944275
BEL,2004,wgi_voice_accountability,VA.EST,1.44026613235474
BEL,2005,wgi_voice_accountability,VA.EST,1.42076218128204
BEL,2006,wgi_voice_accountability,VA.EST,1.34239435195923
BEL,2007,wgi_voice_accountability,VA.EST,1.36077105998993
BEL,2008,wgi_voice_accountability,VA.EST,1.32498848438263
BEL,2009,wgi_voice_accountability,VA.EST,1.3466922044754
BEL,2010,wgi_voice_accountability,VA.EST,1.36068689823151
BEL,2011,wgi_voice_accountability,VA.EST,1.32516324520111
BEL,2012,wgi_voice_accountability,VA.EST,1.34942185878754
BEL,2013,wgi_voice_accountability,VA.EST,1.37298619747162
BEL,2014,wgi_voice_accountability,VA.EST,1.36629962921143
BEL,2015,wgi_voice_accountability,VA.EST,1.38754844665527
BEL,2016,wgi_voice_accountability,VA.EST,1.37725067138672
BEL,2017,wgi_voice_accountability,VA.EST,1.33863842487335
BEL,2018,wgi_voice_accountability,VA.EST,1.33044385910034
BEL,2019,wgi_voice_accountability,VA.EST,1.30838358402252
BEL,2020,wgi_voice_accountability,VA.EST,1.27814042568207
BEL,2021,wgi_voice_accountability,VA.EST,1.27089965343475
BEL,2022,wgi_voice_accountability,VA.EST,1.29709255695343
BEL,2023,wgi_voice_accountability,VA.EST,1.32572901248932
BGD,1996,wgi_voice_accountability,VA.EST,-0.0584283582866192
BGD,1998,wgi_voice_accountability,VA.EST,-0.0855698809027672
BGD,2000,wgi_voice_accountability,VA.EST,-0.22792449593544
BGD,2002,wgi_voice_accountability,VA.EST,-0.43222051858902
BGD,2003,wgi_voice_accountability,VA.EST,-0.551806807518005
BGD,2004,wgi_voice_accountability,VA.EST,-0.672145783901215
BGD,2005,wgi_voice_accountability,VA.EST,-0.569969236850739
BGD,2006,wgi_voice_accountability,VA.EST,-0.451236516237259
BGD,2007,wgi_voice_accountability,VA.EST,-0.573499917984009
BGD,2008,wgi_voice_accountability,VA.EST,-0.442116975784302
BGD,2009,wgi_voice_accountability,VA.EST,-0.289043039083481
BGD,2010,wgi_voice_accountability,VA.EST,-0.268090695142746
BGD,2011,wgi_voice_accountability,VA.EST,-0.315068930387497
BGD,2012,wgi_voice_accountability,VA.EST,-0.401940673589706
BGD,2013,wgi_voice_accountability,VA.EST,-0.405487447977066
BGD,2014,wgi_voice_accountability,VA.EST,-0.474044501781464
BGD,2015,wgi_voice_accountability,VA.EST,-0.512201607227325
BGD,2016,wgi_voice_accountability,VA.EST,-0.584256231784821
BGD,2017,wgi_voice_accountability,VA.EST,-0.615438640117645
BGD,2018,wgi_voice_accountability,VA.EST,-0.742033064365387
BGD,2019,wgi_voice_accountability,VA.EST,-0.741862595081329
BGD,2020,wgi_voice_accountability,VA.EST,-0.769459009170532
BGD,2021,wgi_voice_accountability,VA.EST,-0.774502336978912
BGD,2022,wgi_voice_accountability,VA.EST,-0.753301620483398
BGD,2023,wgi_voice_accountability,VA.EST,-0.753886342048645
BRA,1996,wgi_voice_accountability,VA.EST,0.242076978087425
BRA,1998,wgi_voice_accountability,VA.EST,0.332852572202682
BRA,2000,wgi_voice_accountability,VA.EST,0.301593601703644
BRA,2002,wgi_voice_accountability,VA.EST,0.472238034009933
BRA,2003,wgi_voice_accountability,VA.EST,0.442828863859177
BRA,2004,wgi_voice_accountability,VA.EST,0.38860946893692
BRA,2005,wgi_voice_accountability,VA.EST,0.457679510116577
BRA,2006,wgi_voice_accountability,VA.EST,0.500075697898865
BRA,2007,wgi_voice_accountability,VA.EST,0.537074029445648
BRA,2008,wgi_voice_accountability,VA.EST,0.5689857006073
BRA,2009,wgi_voice_accountability,VA.EST,0.521999180316925
BRA,2010,wgi_voice_accountability,VA.EST,0.571348905563354
BRA,2011,wgi_voice_accountability,VA.EST,0.513676166534424
BRA,2012,wgi_voice_accountability,VA.EST,0.477906197309494
BRA,2013,wgi_voice_accountability,VA.EST,0.417397052049637
BRA,2014,wgi_voice_accountability,VA.EST,0.471930146217346
BRA,2015,wgi_voice_accountability,VA.EST,0.458871006965637
BRA,2016,wgi_voice_accountability,VA.EST,0.451975852251053
BRA,2017,wgi_voice_accountability,VA.EST,0.449531525373459
BRA,2018,wgi_voice_accountability,VA.EST,0.376852065324783
BRA,2019,wgi_voice_accountability,VA.EST,0.301444828510284
BRA,2020,wgi_voice_accountability,VA.EST,0.287395060062408
BRA,2021,wgi_voice_accountability,VA.EST,0.254508823156357
BRA,2022,wgi_voice_accountability,VA.EST,0.225268334150314
BRA,2023,wgi_voice_accountability,VA.EST,0.382853865623474
CAN,1996,wgi_voice_accountability,VA.EST,1.56633579730988
CAN,1998,wgi_voice_accountability,VA.EST,1.55141294002533
CAN,2000,wgi_voice_accountability,VA.EST,1.53196537494659
CAN,2002,wgi_voice_accountability,VA.EST,1.49905383586884
CAN,2003,wgi_voice_accountability,VA.EST,1.54755675792694
CAN,2004,wgi_voice_accountability,VA.EST,1.66845452785492
CAN,2005,wgi_voice_accountability,VA.EST,1.50687944889069
CAN,2006,wgi_voice_accountability,VA.EST,1.41559481620789
CAN,2007,wgi_voice_accountability,VA.EST,1.38467156887054
CAN,2008,wgi_voice_accountability,VA.EST,1.40752851963043
CAN,2009,wgi_voice_accountability,VA.EST,1.40189552307129
CAN,2010,wgi_voice_accountability,VA.EST,1.35265874862671
CAN,2011,wgi_voice_accountability,VA.EST,1.38014459609985
CAN,2012,wgi_voice_accountability,VA.EST,1.43750536441803
CAN,2013,wgi_voice_accountability,VA.EST,1.45344030857086
CAN,2014,wgi_voice_accountability,VA.EST,1.41233158111572
CAN,2015,wgi_voice_accountability,VA.EST,1.46729922294617
CAN,2016,wgi_voice_accountability,VA.EST,1.44561123847961
CAN,2017,wgi_voice_accountability,VA.EST,1.47808432579041
CAN,2018,wgi_voice_accountability,VA.EST,1.50241100788116
CAN,2019,wgi_voice_accountability,VA.EST,1.43030834197998
CAN,2020,wgi_voice_accountability,VA.EST,1.47166883945465
CAN,2021,wgi_voice_accountability,VA.EST,1.44535887241364
CAN,2022,wgi_voice_accountability,VA.EST,1.44002974033356
CAN,2023,wgi_voice_accountability,VA.EST,1.4796462059021
CHE,1996,wgi_voice_accountability,VA.EST,1.42448508739471
CHE,1998,wgi_voice_accountability,VA.EST,1.41288626194
CHE,2000,wgi_voice_accountability,VA.EST,1.41334688663483
CHE,2002,wgi_voice_accountability,VA.EST,1.42574501037598
CHE,2003,wgi_voice_accountability,VA.EST,1.45393228530884
CHE,2004,wgi_voice_accountability,VA.EST,1.69253361225128
CHE,2005,wgi_voice_accountability,VA.EST,1.58643817901611
CHE,2006,wgi_voice_accountability,VA.EST,1.51800584793091
CHE,2007,wgi_voice_accountability,VA.EST,1.50381481647491
CHE,2008,wgi_voice_accountability,VA.EST,1.51682984828949
CHE,2009,wgi_voice_accountability,VA.EST,1.55331099033356
CHE,2010,wgi_voice_accountability,VA.EST,1.58491122722626
CHE,2011,wgi_voice_accountability,VA.EST,1.58480751514435
CHE,2012,wgi_voice_accountability,VA.EST,1.64012205600739
CHE,2013,wgi_voice_accountability,VA.EST,1.6280300617218
CHE,2014,wgi_voice_accountability,VA.EST,1.55940091609955
CHE,2015,wgi_voice_accountability,VA.EST,1.55868053436279
CHE,2016,wgi_voice_accountability,VA.EST,1.53236222267151
CHE,2017,wgi_voice_accountability,VA.EST,1.5572851896286
CHE,2018,wgi_voice_accountability,VA.EST,1.59282386302948
CHE,2019,wgi_voice_accountability,VA.EST,1.49553549289703
CHE,2020,wgi_voice_accountability,VA.EST,1.53616297245026
CHE,2021,wgi_voice_accountability,VA.EST,1.54166948795319
CHE,2022,wgi_voice_accountability,VA.EST,1.62134683132172
CHE,2023,wgi_voice_accountability,VA.EST,1.66502690315247
CHL,1996,wgi_voice_accountability,VA.EST,0.722760617733002
CHL,1998,wgi_voice_accountability,VA.EST,0.619043707847595
CHL,2000,wgi_voice_accountability,VA.EST,0.888868987560272
CHL,2002,wgi_voice_accountability,VA.EST,1.08718740940094
CHL,2003,wgi_voice_accountability,VA.EST,1.05612015724182
CHL,2004,wgi_voice_accountability,VA.EST,1.22528505325317
CHL,2005,wgi_voice_accountability,VA.EST,1.29252052307129
CHL,2006,wgi_voice_accountability,VA.EST,1.08234477043152
CHL,2007,wgi_voice_accountability,VA.EST,1.10488200187683
CHL,2008,wgi_voice_accountability,VA.EST,1.01350831985474
CHL,2009,wgi_voice_accountability,VA.EST,1.01689624786377
CHL,2010,wgi_voice_accountability,VA.EST,1.09564626216888
CHL,2011,wgi_voice_accountability,VA.EST,1.07390916347504
CHL,2012,wgi_voice_accountability,VA.EST,1.07694518566132
CHL,2013,wgi_voice_accountability,VA.EST,1.10628616809845
CHL,2014,wgi_voice_accountability,VA.EST,1.05589711666107
CHL,2015,wgi_voice_accountability,VA.EST,1.00456619262695
CHL,2016,wgi_voice_accountability,VA.EST,0.995819568634033
CHL,2017,wgi_voice_accountability,VA.EST,1.00058126449585
CHL,2018,wgi_voice_accountability,VA.EST,1.02594089508057
CHL,2019,wgi_voice_accountability,VA.EST,0.981485605239868
CHL,2020,wgi_voice_accountability,VA.EST,0.99194073677063
CHL,2021,wgi_voice_accountability,VA.EST,0.957422435283661
CHL,2022,wgi_voice_accountability,VA.EST,0.976769387722015
CHL,2023,wgi_voice_accountability,VA.EST,1.01794922351837
CHN,1996,wgi_voice_accountability,VA.EST,-1.36154520511627
CHN,1998,wgi_voice_accountability,VA.EST,-1.43743777275085
CHN,2000,wgi_voice_accountability,VA.EST,-1.38408052921295
CHN,2002,wgi_voice_accountability,VA.EST,-1.59419310092926
CHN,2003,wgi_voice_accountability,VA.EST,-1.51242911815643
CHN,2004,wgi_voice_accountability,VA.EST,-1.4624639749527
CHN,2005,wgi_voice_accountability,VA.EST,-1.50078511238098
CHN,2006,wgi_voice_accountability,VA.EST,-1.74897027015686
CHN,2007,wgi_voice_accountability,VA.EST,-1.72125017642975
CHN,2008,wgi_voice_accountability,VA.EST,-1.69949722290039
CHN,2009,wgi_voice_accountability,VA.EST,-1.7011684179306
CHN,2010,wgi_voice_accountability,VA.EST,-1.68054747581482
CHN,2011,wgi_voice_accountability,VA.EST,-1.63760912418365
CHN,2012,wgi_voice_accountability,VA.EST,-1.63794147968292
CHN,2013,wgi_voice_accountability,VA.EST,-1.63152050971985
CHN,2014,wgi_voice_accountability,VA.EST,-1.61678075790405
CHN,2015,wgi_voice_accountability,VA.EST,-1.66078317165375
CHN,2016,wgi_voice_accountability,VA.EST,-1.5593478679657
CHN,2017,wgi_voice_accountability,VA.EST,-1.50353038311005
CHN,2018,wgi_voice_accountability,VA.EST,-1.45938873291016
CHN,2019,wgi_voice_accountability,VA.EST,-1.62690627574921
CHN,2020,wgi_voice_accountability,VA.EST,-1.65635871887207
CHN,2021,wgi_voice_accountability,VA.EST,-1.64127457141876
CHN,2022,wgi_voice_accountability,VA.EST,-1.60137104988098
CHN,2023,wgi_voice_accountability,VA.EST,-1.50455415248871
COL,1996,wgi_voice_accountability,VA.EST,-0.510942339897156
COL,1998,wgi_voice_accountability,VA.EST,-0.344189405441284
COL,2000,wgi_voice_accountability,VA.EST,-0.438140958547592
COL,2002,wgi_voice_accountability,VA.EST,-0.416357487440109
COL,2003,wgi_voice_accountability,VA.EST,-0.429242461919785
COL,2004,wgi_voice_accountability,VA.EST,-0.318785130977631
COL,2005,wgi_voice_accountability,VA.EST,-0.322521358728409
COL,2006,wgi_voice_accountability,VA.EST,-0.172736719250679
COL,2007,wgi_voice_accountability,VA.EST,-0.165321603417397
COL,2008,wgi_voice_accountability,VA.EST,-0.165922626852989
COL,2009,wgi_voice_accountability,VA.EST,-0.149577632546425
COL,2010,wgi_voice_accountability,VA.EST,-0.132357180118561
COL,2011,wgi_voice_accountability,VA.EST,-0.0597142279148102
COL,2012,wgi_voice_accountability,VA.EST,-0.0639913454651833
COL,2013,wgi_voice_accountability,VA.EST,-0.0813083127140999
COL,2014,wgi_voice_accountability,VA.EST,-0.043343797326088
COL,2015,wgi_voice_accountability,VA.EST,0.00404631532728672
COL,2016,wgi_voice_accountability,VA.EST,0.122125923633575
COL,2017,wgi_voice_accountability,VA.EST,0.112731605768204
COL,2018,wgi_voice_accountability,VA.EST,0.172213315963745
COL,2019,wgi_voice_accountability,VA.EST,0.204583406448364
COL,2020,wgi_voice_accountability,VA.EST,0.143006011843681
COL,2021,wgi_voice_accountability,VA.EST,0.0940301716327667
COL,2022,wgi_voice_accountability,VA.EST,0.168687179684639
COL,2023,wgi_voice_accountability,VA.EST,0.205213740468025
CZE,1996,wgi_voice_accountability,VA.EST,1.03485572338104
CZE,1998,wgi_voice_accountability,VA.EST,0.967962324619293
CZE,2000,wgi_voice_accountability,VA.EST,0.762775123119354
CZE,2002,wgi_voice_accountability,VA.EST,1.01640355587006
CZE,2003,wgi_voice_accountability,VA.EST,1.01417517662048
CZE,2004,wgi_voice_accountability,VA.EST,0.954461276531219
CZE,2005,wgi_voice_accountability,VA.EST,0.905672550201416
CZE,2006,wgi_voice_accountability,VA.EST,0.962292671203613
CZE,2007,wgi_voice_accountability,VA.EST,0.995283782482147
CZE,2008,wgi_voice_accountability,VA.EST,1.03275871276855
CZE,2009,wgi_voice_accountability,VA.EST,1.03304421901703
CZE,2010,wgi_voice_accountability,VA.EST,1.01486504077911
CZE,2011,wgi_voice_accountability,VA.EST,1.02266430854797
CZE,2012,wgi_voice_accountability,VA.EST,0.970379710197449
CZE,2013,wgi_voice_accountability,VA.EST,0.98448371887207
CZE,2014,wgi_voice_accountability,VA.EST,1.0266318321228
CZE,2015,wgi_voice_accountability,VA.EST,1.04274165630341
CZE,2016,wgi_voice_accountability,VA.EST,1.02528142929077
CZE,2017,wgi_voice_accountability,VA.EST,0.880147039890289
CZE,2018,wgi_voice_accountability,VA.EST,0.822354137897491
CZE,2019,wgi_voice_accountability,VA.EST,0.834152519702911
CZE,2020,wgi_voice_accountability,VA.EST,0.978554964065552
CZE,2021,wgi_voice_accountability,VA.EST,1.00824761390686
CZE,2022,wgi_voice_accountability,VA.EST,1.04114127159119
CZE,2023,wgi_voice_accountability,VA.EST,1.07654917240143
DEU,1996,wgi_voice_accountability,VA.EST,1.32889533042908
DEU,1998,wgi_voice_accountability,VA.EST,1.29188847541809
DEU,2000,wgi_voice_accountability,VA.EST,1.31480205059052
DEU,2002,wgi_voice_accountability,VA.EST,1.41403138637543
DEU,2003,wgi_voice_accountability,VA.EST,1.41355431079865
DEU,2004,wgi_voice_accountability,VA.EST,1.4960401058197
DEU,2005,wgi_voice_accountability,VA.EST,1.48583388328552
DEU,2006,wgi_voice_accountability,VA.EST,1.3652309179306
DEU,2007,wgi_voice_accountability,VA.EST,1.33647847175598
DEU,2008,wgi_voice_accountability,VA.EST,1.33677780628204
DEU,2009,wgi_voice_accountability,VA.EST,1.33496069908142
DEU,2010,wgi_voice_accountability,VA.EST,1.29778325557709
DEU,2011,wgi_voice_accountability,VA.EST,1.34921073913574
DEU,2012,wgi_voice_accountability,VA.EST,1.39373803138733
DEU,2013,wgi_voice_accountability,VA.EST,1.40613043308258
DEU,2014,wgi_voice_accountability,VA.EST,1.43629622459412
DEU,2015,wgi_voice_accountability,VA.EST,1.42213714122772
DEU,2016,wgi_voice_accountability,VA.EST,1.3646674156189
DEU,2017,wgi_voice_accountability,VA.EST,1.43248081207275
DEU,2018,wgi_voice_accountability,VA.EST,1.44311714172363
DEU,2019,wgi_voice_accountability,VA.EST,1.35402822494507
DEU,2020,wgi_voice_accountability,VA.EST,1.37390911579132
DEU,2021,wgi_voice_accountability,VA.EST,1.41956698894501
DEU,2022,wgi_voice_accountability,VA.EST,1.41448700428009
DEU,2023,wgi_voice_accountability,VA.EST,1.46138572692871
DNK,1996,wgi_voice_accountability,VA.EST,1.53897178173065
DNK,1998,wgi_voice_accountability,VA.EST,1.46734094619751
DNK,2000,wgi_voice_accountability,VA.EST,1.53596532344818
DNK,2002,wgi_voice_accountability,VA.EST,1.53286790847778
DNK,2003,wgi_voice_accountability,VA.EST,1.60145223140717
DNK,2004,wgi_voice_accountability,VA.EST,1.80099177360535
DNK,2005,wgi_voice_accountability,VA.EST,1.73960888385773
DNK,2006,wgi_voice_accountability,VA.EST,1.57163619995117
DNK,2007,wgi_voice_accountability,VA.EST,1.47770440578461
DNK,2008,wgi_voice_accountability,VA.EST,1.53830599784851
DNK,2009,wgi_voice_accountability,VA.EST,1.53825998306274
DNK,2010,wgi_voice_accountability,VA.EST,1.54195690155029
DNK,2011,wgi_voice_accountability,VA.EST,1.55170702934265
DNK,2012,wgi_voice_accountability,VA.EST,1.67411422729492
DNK,2013,wgi_voice_accountability,VA.EST,1.66623783111572
DNK,2014,wgi_voice_accountability,VA.EST,1.5245566368103
DNK,2015,wgi_voice_accountability,VA.EST,1.55306839942932
DNK,2016,wgi_voice_accountability,VA.EST,1.54204452037811
DNK,2017,wgi_voice_accountability,VA.EST,1.51810312271118
DNK,2018,wgi_voice_accountability,VA.EST,1.57402217388153
DNK,2019,wgi_voice_accountability,VA.EST,1.54343402385712
DNK,2020,wgi_voice_accountability,VA.EST,1.5147852897644
DNK,2021,wgi_voice_accountability,VA.EST,1.5449755191803
DNK,2022,wgi_voice_accountability,VA.EST,1.59125435352325
DNK,2023,wgi_voice_accountability,VA.EST,1.66469931602478
EGY,1996,wgi_voice_accountability,VA.EST,-0.844184160232544
EGY,1998,wgi_voice_accountability,VA.EST,-0.911786079406738
EGY,2000,wgi_voice_accountability,VA.EST,-0.89450615644455
EGY,2002,wgi_voice_accountability,VA.EST,-1.10229003429413
EGY,2003,wgi_voice_accountability,VA.EST,-1.08318543434143
EGY,2004,wgi_voice_accountability,VA.EST,-0.947557926177979
EGY,2005,wgi_voice_accountability,VA.EST,-0.964780926704407
EGY,2006,wgi_voice_accountability,VA.EST,-1.19926512241364
EGY,2007,wgi_voice_accountability,VA.EST,-1.16774547100067
EGY,2008,wgi_voice_accountability,VA.EST,-1.21223938465118
EGY,2009,wgi_voice_accountability,VA.EST,-1.15747153759003
EGY,2010,wgi_voice_accountability,VA.EST,-1.18803703784943
EGY,2011,wgi_voice_accountability,VA.EST,-1.13998341560364
EGY,2012,wgi_voice_accountability,VA.EST,-0.765063405036926
EGY,2013,wgi_voice_accountability,VA.EST,-1.05164992809296
EGY,2014,wgi_voice_accountability,VA.EST,-1.18009531497955
EGY,2015,wgi_voice_accountability,VA.EST,-1.19008219242096
EGY,2016,wgi_voice_accountability,VA.EST,-1.20482385158539
EGY,2017,wgi_voice_accountability,VA.EST,-1.25143277645111
EGY,2018,wgi_voice_accountability,VA.EST,-1.32450354099274
EGY,2019,wgi_voice_accountability,VA.EST,-1.44394659996033
EGY,2020,wgi_voice_accountability,VA.EST,-1.48189222812653
EGY,2021,wgi_voice_accountability,VA.EST,-1.50513410568237
EGY,2022,wgi_voice_accountability,VA.EST,-1.45044994354248
EGY,2023,wgi_voice_accountability,VA.EST,-1.37938976287842
ESP,1996,wgi_voice_accountability,VA.EST,1.31952691078186
ESP,1998,wgi_voice_accountability,VA.EST,1.29959452152252
ESP,2000,wgi_voice_accountability,VA.EST,1.27701985836029
ESP,2002,wgi_voice_accountability,VA.EST,1.27498733997345
ESP,2003,wgi_voice_accountability,VA.EST,1.27055943012238
ESP,2004,wgi_voice_accountability,VA.EST,1.3236118555069
ESP,2005,wgi_voice_accountability,VA.EST,1.13140439987183
ESP,2006,wgi_voice_accountability,VA.EST,1.07872498035431
ESP,2007,wgi_voice_accountability,VA.EST,1.12308669090271
ESP,2008,wgi_voice_accountability,VA.EST,1.18532562255859
ESP,2009,wgi_voice_accountability,VA.EST,1.17698621749878
ESP,2010,wgi_voice_accountability,VA.EST,1.12254285812378
ESP,2011,wgi_voice_accountability,VA.EST,1.08586597442627
ESP,2012,wgi_voice_accountability,VA.EST,1.06417882442474
ESP,2013,wgi_voice_accountability,VA.EST,0.988832354545593
ESP,2014,wgi_voice_accountability,VA.EST,0.993711829185486
ESP,2015,wgi_voice_accountability,VA.EST,1.04487037658691
ESP,2016,wgi_voice_accountability,VA.EST,1.04160034656525
ESP,2017,wgi_voice_accountability,VA.EST,1.02150094509125
ESP,2018,wgi_voice_accountability,VA.EST,1.02963280677795
ESP,2019,wgi_voice_accountability,VA.EST,1.03599870204926
ESP,2020,wgi_voice_accountability,VA.EST,1.00401437282562
ESP,2021,wgi_voice_accountability,VA.EST,0.99951308965683
ESP,2022,wgi_voice_accountability,VA.EST,1.01683568954468
ESP,2023,wgi_voice_accountability,VA.EST,1.19472968578339
FIN,1996,wgi_voice_accountability,VA.EST,1.517697930336
FIN,1998,wgi_voice_accountability,VA.EST,1.46729826927185
FIN,2000,wgi_voice_accountability,VA.EST,1.59303331375122
FIN,2002,wgi_voice_accountability,VA.EST,1.55290365219116
FIN,2003,wgi_voice_accountability,VA.EST,1.57245707511902
FIN,2004,wgi_voice_accountability,VA.EST,1.78360843658447
FIN,2005,wgi_voice_accountability,VA.EST,1.68709695339203
FIN,2006,wgi_voice_accountability,VA.EST,1.4940721988678
FIN,2007,wgi_voice_accountability,VA.EST,1.4602267742157
FIN,2008,wgi_voice_accountability,VA.EST,1.46308124065399
FIN,2009,wgi_voice_accountability,VA.EST,1.46526706218719
FIN,2010,wgi_voice_accountability,VA.EST,1.48671269416809
FIN,2011,wgi_voice_accountability,VA.EST,1.50755143165588
FIN,2012,wgi_voice_accountability,VA.EST,1.60069715976715
FIN,2013,wgi_voice_accountability,VA.EST,1.5736231803894
FIN,2014,wgi_voice_accountability,VA.EST,1.54184234142303
FIN,2015,wgi_voice_accountability,VA.EST,1.54369699954987
FIN,2016,wgi_voice_accountability,VA.EST,1.53210496902466
FIN,2017,wgi_voice_accountability,VA.EST,1.5595486164093
FIN,2018,wgi_voice_accountability,VA.EST,1.58935248851776
FIN,2019,wgi_voice_accountability,VA.EST,1.56299781799316
FIN,2020,wgi_voice_accountability,VA.EST,1.6095118522644
FIN,2021,wgi_voice_accountability,VA.EST,1.60936939716339
FIN,2022,wgi_voice_accountability,VA.EST,1.60676980018616
FIN,2023,wgi_voice_accountability,VA.EST,1.63263607025146
FRA,1996,wgi_voice_accountability,VA.EST,1.3111584186554
FRA,1998,wgi_voice_accountability,VA.EST,1.17178165912628
FRA,2000,wgi_voice_accountability,VA.EST,1.18298661708832
FRA,2002,wgi_voice_accountability,VA.EST,1.15434229373932
FRA,2003,wgi_voice_accountability,VA.EST,1.12266278266907
FRA,2004,wgi_voice_accountability,VA.EST,1.45645833015442
FRA,2005,wgi_voice_accountability,VA.EST,1.476771235466
FRA,2006,wgi_voice_accountability,VA.EST,1.29872286319733
FRA,2007,wgi_voice_accountability,VA.EST,1.2597668170929
FRA,2008,wgi_voice_accountability,VA.EST,1.30479431152344
FRA,2009,wgi_voice_accountability,VA.EST,1.24453508853912
FRA,2010,wgi_voice_accountability,VA.EST,1.20285654067993
FRA,2011,wgi_voice_accountability,VA.EST,1.17066836357117
FRA,2012,wgi_voice_accountability,VA.EST,1.23810577392578
FRA,2013,wgi_voice_accountability,VA.EST,1.21920275688171
FRA,2014,wgi_voice_accountability,VA.EST,1.21813237667084
FRA,2015,wgi_voice_accountability,VA.EST,1.20674192905426
FRA,2016,wgi_voice_accountability,VA.EST,1.13691318035126
FRA,2017,wgi_voice_accountability,VA.EST,1.15271818637848
FRA,2018,wgi_voice_accountability,VA.EST,1.1575254201889
FRA,2019,wgi_voice_accountability,VA.EST,1.11500012874603
FRA,2020,wgi_voice_accountability,VA.EST,1.06575298309326
FRA,2021,wgi_voice_accountability,VA.EST,1.10422718524933
FRA,2022,wgi_voice_accountability,VA.EST,1.11015677452087
FRA,2023,wgi_voice_accountability,VA.EST,1.15460133552551
GBR,1996,wgi_voice_accountability,VA.EST,1.2723194360733
GBR,1998,wgi_voice_accountability,VA.EST,1.19527661800385
GBR,2000,wgi_voice_accountability,VA.EST,1.32326984405518
GBR,2002,wgi_voice_accountability,VA.EST,1.28342258930206
GBR,2003,wgi_voice_accountability,VA.EST,1.33304226398468
GBR,2004,wgi_voice_accountability,VA.EST,1.59744584560394
GBR,2005,wgi_voice_accountability,VA.EST,1.44395637512207
GBR,2006,wgi_voice_accountability,VA.EST,1.37877368927002
GBR,2007,wgi_voice_accountability,VA.EST,1.3355964422226
GBR,2008,wgi_voice_accountability,VA.EST,1.32102286815643
GBR,2009,wgi_voice_accountability,VA.EST,1.30330049991608
GBR,2010,wgi_voice_accountability,VA.EST,1.28999388217926
GBR,2011,wgi_voice_accountability,VA.EST,1.29741168022156
GBR,2012,wgi_voice_accountability,VA.EST,1.33913254737854
GBR,2013,wgi_voice_accountability,VA.EST,1.32898461818695
GBR,2014,wgi_voice_accountability,VA.EST,1.27575755119324
GBR,2015,wgi_voice_accountability,VA.EST,1.29794430732727
GBR,2016,wgi_voice_accountability,VA.EST,1.29570603370667
GBR,2017,wgi_voice_accountability,VA.EST,1.36429786682129
GBR,2018,wgi_voice_accountability,VA.EST,1.3817093372345
GBR,2019,wgi_voice_accountability,VA.EST,1.26395773887634
GBR,2020,wgi_voice_accountability,VA.EST,1.23157048225403
GBR,2021,wgi_voice_accountability,VA.EST,1.26462173461914
GBR,2022,wgi_voice_accountability,VA.EST,1.25854110717773
GBR,2023,wgi_voice_accountability,VA.EST,1.26162397861481
HKG,1996,wgi_voice_accountability,VA.EST,0.33362603187561
HKG,1998,wgi_voice_accountability,VA.EST,-0.106265157461166
HKG,2000,wgi_voice_accountability,VA.EST,-0.0119737386703491
HKG,2002,wgi_voice_accountability,VA.EST,0.190888628363609
HKG,2003,wgi_voice_accountability,VA.EST,0.449889957904816
HKG,2004,wgi_voice_accountability,VA.EST,0.562140464782715
HKG,2005,wgi_voice_accountability,VA.EST,0.620391666889191
HKG,2006,wgi_voice_accountability,VA.EST,0.508110165596008
HKG,2007,wgi_voice_accountability,VA.EST,0.476365208625793
HKG,2008,wgi_voice_accountability,VA.EST,0.447788029909134
HKG,2009,wgi_voice_accountability,VA.EST,0.479499638080597
HKG,2010,wgi_voice_accountability,VA.EST,0.51484227180481
HKG,2011,wgi_voice_accountability,VA.EST,0.574967980384827
HKG,2012,wgi_voice_accountability,VA.EST,0.63970947265625
HKG,2013,wgi_voice_accountability,VA.EST,0.725121140480042
HKG,2014,wgi_voice_accountability,VA.EST,0.535635888576508
HKG,2015,wgi_voice_accountability,VA.EST,0.515059173107147
HKG,2016,wgi_voice_accountability,VA.EST,0.378015637397766
HKG,2017,wgi_voice_accountability,VA.EST,0.42886358499527
HKG,2018,wgi_voice_accountability,VA.EST,0.449582636356354
HKG,2019,wgi_voice_accountability,VA.EST,0.128821641206741
HKG,2020,wgi_voice_accountability,VA.EST,0.0248016472905874
HKG,2021,wgi_voice_accountability,VA.EST,-0.253374367952347
HKG,2022,wgi_voice_accountability,VA.EST,-0.400526106357574
HKG,2023,wgi_voice_accountability,VA.EST,-0.320146769285202
IDN,1996,wgi_voice_accountability,VA.EST,-0.923689842224121
IDN,1998,wgi_voice_accountability,VA.EST,-1.02446973323822
IDN,2000,wgi_voice_accountability,VA.EST,-0.270175904035568
IDN,2002,wgi_voice_accountability,VA.EST,-0.271903306245804
IDN,2003,wgi_voice_accountability,VA.EST,-0.29938605427742
IDN,2004,wgi_voice_accountability,VA.EST,-0.255447417497635
IDN,2005,wgi_voice_accountability,VA.EST,-0.121925517916679
IDN,2006,wgi_voice_accountability,VA.EST,-0.0842525288462639
IDN,2007,wgi_voice_accountability,VA.EST,-0.0198048055171967
IDN,2008,wgi_voice_accountability,VA.EST,-0.0112615153193474
IDN,2009,wgi_voice_accountability,VA.EST,-0.000997999450191855
IDN,2010,wgi_voice_accountability,VA.EST,-0.0377484634518623
IDN,2011,wgi_voice_accountability,VA.EST,-0.00853101350367069
IDN,2012,wgi_voice_accountability,VA.EST,0.0676126480102539
IDN,2013,wgi_voice_accountability,VA.EST,0.0360430479049683
IDN,2014,wgi_voice_accountability,VA.EST,0.153843909502029
IDN,2015,wgi_voice_accountability,VA.EST,0.184877097606659
IDN,2016,wgi_voice_accountability,VA.EST,0.16793267428875
IDN,2017,wgi_voice_accountability,VA.EST,0.131470382213593
IDN,2018,wgi_voice_accountability,VA.EST,0.162210986018181
IDN,2019,wgi_voice_accountability,VA.EST,0.131386235356331
IDN,2020,wgi_voice_accountability,VA.EST,0.0993008315563202
IDN,2021,wgi_voice_accountability,VA.EST,0.149332702159882
IDN,2022,wgi_voice_accountability,VA.EST,0.14396958053112
IDN,2023,wgi_voice_accountability,VA.EST,0.138982817530632
IND,1996,wgi_voice_accountability,VA.EST,0.476563721895218
IND,1998,wgi_voice_accountability,VA.EST,0.391242563724518
IND,2000,wgi_voice_accountability,VA.EST,0.35206338763237
IND,2002,wgi_voice_accountability,VA.EST,0.426245898008347
IND,2003,wgi_voice_accountability,VA.EST,0.454564899206161
IND,2004,wgi_voice_accountability,VA.EST,0.39996737241745
IND,2005,wgi_voice_accountability,VA.EST,0.413685649633408
IND,2006,wgi_voice_accountability,VA.EST,0.437193721532822
IND,2007,wgi_voice_accountability,VA.EST,0.453963935375214
IND,2008,wgi_voice_accountability,VA.EST,0.462193101644516
IND,2009,wgi_voice_accountability,VA.EST,0.460749089717865
IND,2010,wgi_voice_accountability,VA.EST,0.443312972784042
IND,2011,wgi_voice_accountability,VA.EST,0.435818582773209
IND,2012,wgi_voice_accountability,VA.EST,0.399454206228256
IND,2013,wgi_voice_accountability,VA.EST,0.432717055082321
IND,2014,wgi_voice_accountability,VA.EST,0.413222134113312
IND,2015,wgi_voice_accountability,VA.EST,0.427862852811813
IND,2016,wgi_voice_accountability,VA.EST,0.441010862588882
IND,2017,wgi_voice_accountability,VA.EST,0.386967867612839
IND,2018,wgi_voice_accountability,VA.EST,0.360422104597092
IND,2019,wgi_voice_accountability,VA.EST,0.268077671527863
IND,2020,wgi_voice_accountability,VA.EST,0.127332791686058
IND,2021,wgi_voice_accountability,VA.EST,0.0905434712767601
IND,2022,wgi_voice_accountability,VA.EST,0.0458774901926517
IND,2023,wgi_voice_accountability,VA.EST,0.0944044888019562
IRL,1996,wgi_voice_accountability,VA.EST,1.38243699073792
IRL,1998,wgi_voice_accountability,VA.EST,1.3557049036026
IRL,2000,wgi_voice_accountability,VA.EST,1.4082487821579
IRL,2002,wgi_voice_accountability,VA.EST,1.27081513404846
IRL,2003,wgi_voice_accountability,VA.EST,1.27646601200104
IRL,2004,wgi_voice_accountability,VA.EST,1.47755229473114
IRL,2005,wgi_voice_accountability,VA.EST,1.62385451793671
IRL,2006,wgi_voice_accountability,VA.EST,1.39654088020325
IRL,2007,wgi_voice_accountability,VA.EST,1.39714181423187
IRL,2008,wgi_voice_accountability,VA.EST,1.42259049415588
IRL,2009,wgi_voice_accountability,VA.EST,1.35357344150543
IRL,2010,wgi_voice_accountability,VA.EST,1.32443165779114
IRL,2011,wgi_voice_accountability,VA.EST,1.3053605556488
IRL,2012,wgi_voice_accountability,VA.EST,1.32252132892609
IRL,2013,wgi_voice_accountability,VA.EST,1.31168913841248
IRL,2014,wgi_voice_accountability,VA.EST,1.31748867034912
IRL,2015,wgi_voice_accountability,VA.EST,1.33476042747498
IRL,2016,wgi_voice_accountability,VA.EST,1.2911810874939
IRL,2017,wgi_voice_accountability,VA.EST,1.29467368125916
IRL,2018,wgi_voice_accountability,VA.EST,1.29576563835144
IRL,2019,wgi_voice_accountability,VA.EST,1.3032408952713
IRL,2020,wgi_voice_accountability,VA.EST,1.38936042785645
IRL,2021,wgi_voice_accountability,VA.EST,1.41767168045044
IRL,2022,wgi_voice_accountability,VA.EST,1.45429503917694
IRL,2023,wgi_voice_accountability,VA.EST,1.48345601558685
IRN,1996,wgi_voice_accountability,VA.EST,-0.951336085796356
IRN,1998,wgi_voice_accountability,VA.EST,-0.857599556446075
IRN,2000,wgi_voice_accountability,VA.EST,-0.932390332221985
IRN,2002,wgi_voice_accountability,VA.EST,-1.07524108886719
IRN,2003,wgi_voice_accountability,VA.EST,-1.25318002700806
IRN,2004,wgi_voice_accountability,VA.EST,-1.23303318023682
IRN,2005,wgi_voice_accountability,VA.EST,-1.28215098381042
IRN,2006,wgi_voice_accountability,VA.EST,-1.50055873394012
IRN,2007,wgi_voice_accountability,VA.EST,-1.55446839332581
IRN,2008,wgi_voice_accountability,VA.EST,-1.56973898410797
IRN,2009,wgi_voice_accountability,VA.EST,-1.58175098896027
IRN,2010,wgi_voice_accountability,VA.EST,-1.60616195201874
IRN,2011,wgi_voice_accountability,VA.EST,-1.5831161737442
IRN,2012,wgi_voice_accountability,VA.EST,-1.60021269321442
IRN,2013,wgi_voice_accountability,VA.EST,-1.6085216999054
IRN,2014,wgi_voice_accountability,VA.EST,-1.58091175556183
IRN,2015,wgi_voice_accountability,VA.EST,-1.51370465755463
IRN,2016,wgi_voice_accountability,VA.EST,-1.34287345409393
IRN,2017,wgi_voice_accountability,VA.EST,-1.29983973503113
IRN,2018,wgi_voice_accountability,VA.EST,-1.33061933517456
IRN,2019,wgi_voice_accountability,VA.EST,-1.38629341125488
IRN,2020,wgi_voice_accountability,VA.EST,-1.47596311569214
IRN,2021,wgi_voice_accountability,VA.EST,-1.46799623966217
IRN,2022,wgi_voice_accountability,VA.EST,-1.4606020450592
IRN,2023,wgi_voice_accountability,VA.EST,-1.45358419418335
IRQ,1996,wgi_voice_accountability,VA.EST,-1.95664024353027
IRQ,1998,wgi_voice_accountability,VA.EST,-1.94254302978516
IRQ,2000,wgi_voice_accountability,VA.EST,-2.01298880577087
IRQ,2002,wgi_voice_accountability,VA.EST,-2.05034351348877
IRQ,2003,wgi_voice_accountability,VA.EST,-1.50118041038513
IRQ,2004,wgi_voice_accountability,VA.EST,-1.64300525188446
IRQ,2005,wgi_voice_accountability,VA.EST,-1.30099940299988
IRQ,2006,wgi_voice_accountability,VA.EST,-1.28219759464264
IRQ,2007,wgi_voice_accountability,VA.EST,-1.12617206573486
IRQ,2008,wgi_voice_accountability,VA.EST,-1.10468685626984
IRQ,2009,wgi_voice_accountability,VA.EST,-1.02345550060272
IRQ,2010,wgi_voice_accountability,VA.EST,-0.991843640804291
IRQ,2011,wgi_voice_accountability,VA.EST,-1.06950151920319
IRQ,2012,wgi_voice_accountability,VA.EST,-1.07618057727814
IRQ,2013,wgi_voice_accountability,VA.EST,-1.0572851896286
IRQ,2014,wgi_voice_accountability,VA.EST,-1.14439046382904
IRQ,2015,wgi_voice_accountability,VA.EST,-1.12806236743927
IRQ,2016,wgi_voice_accountability,VA.EST,-1.01559019088745
IRQ,2017,wgi_voice_accountability,VA.EST,-1.0472719669342
IRQ,2018,wgi_voice_accountability,VA.EST,-0.999539613723755
IRQ,2019,wgi_voice_accountability,VA.EST,-0.964343070983887
IRQ,2020,wgi_voice_accountability,VA.EST,-1.00754952430725
IRQ,2021,wgi_voice_accountability,VA.EST,-0.963369071483612
IRQ,2022,wgi_voice_accountability,VA.EST,-0.948578834533691
IRQ,2023,wgi_voice_accountability,VA.EST,-0.958918929100037
ISR,1996,wgi_voice_accountability,VA.EST,0.704071819782257
ISR,1998,wgi_voice_accountability,VA.EST,0.619312763214111
ISR,2000,wgi_voice_accountability,VA.EST,0.694345474243164
ISR,2002,wgi_voice_accountability,VA.EST,0.589134454727173
ISR,2003,wgi_voice_accountability,VA.EST,0.644292593002319
ISR,2004,wgi_voice_accountability,VA.EST,0.662250339984894
ISR,2005,wgi_voice_accountability,VA.EST,0.646124362945557
ISR,2006,wgi_voice_accountability,VA.EST,0.774156391620636
ISR,2007,wgi_voice_accountability,VA.EST,0.740543842315674
ISR,2008,wgi_voice_accountability,VA.EST,0.723265171051025
ISR,2009,wgi_voice_accountability,VA.EST,0.570473194122314
ISR,2010,wgi_voice_accountability,VA.EST,0.583845376968384
ISR,2011,wgi_voice_accountability,VA.EST,0.653309524059296
ISR,2012,wgi_voice_accountability,VA.EST,0.644344866275787
ISR,2013,wgi_voice_accountability,VA.EST,0.649326622486115
ISR,2014,wgi_voice_accountability,VA.EST,0.727531671524048
ISR,2015,wgi_voice_accountability,VA.EST,0.744895875453949
ISR,2016,wgi_voice_accountability,VA.EST,0.786591827869415
ISR,2017,wgi_voice_accountability,VA.EST,0.697401881217957
ISR,2018,wgi_voice_accountability,VA.EST,0.631082773208618
ISR,2019,wgi_voice_accountability,VA.EST,0.658972680568695
ISR,2020,wgi_voice_accountability,VA.EST,0.651662647724152
ISR,2021,wgi_voice_accountability,VA.EST,0.674106597900391
ISR,2022,wgi_voice_accountability,VA.EST,0.677817583084106
ISR,2023,wgi_voice_accountability,VA.EST,0.64426463842392
ITA,1996,wgi_voice_accountability,VA.EST,1.12929081916809
ITA,1998,wgi_voice_accountability,VA.EST,1.06397449970245
ITA,2000,wgi_voice_accountability,VA.EST,1.04071915149689
ITA,2002,wgi_voice_accountability,VA.EST,1.03865301609039
ITA,2003,wgi_voice_accountability,VA.EST,0.985716998577118
ITA,2004,wgi_voice_accountability,VA.EST,1.17716777324677
ITA,2005,wgi_voice_accountability,VA.EST,1.05702924728394
ITA,2006,wgi_voice_accountability,VA.EST,1.06452357769012
ITA,2007,wgi_voice_accountability,VA.EST,1.11190748214722
ITA,2008,wgi_voice_accountability,VA.EST,1.03202378749847
ITA,2009,wgi_voice_accountability,VA.EST,1.03421604633331
ITA,2010,wgi_voice_accountability,VA.EST,0.962826371192932
ITA,2011,wgi_voice_accountability,VA.EST,0.911823928356171
ITA,2012,wgi_voice_accountability,VA.EST,0.916809260845184
ITA,2013,wgi_voice_accountability,VA.EST,0.954193353652954
ITA,2014,wgi_voice_accountability,VA.EST,0.999258756637573
ITA,2015,wgi_voice_accountability,VA.EST,1.03490507602692
ITA,2016,wgi_voice_accountability,VA.EST,1.03519976139069
ITA,2017,wgi_voice_accountability,VA.EST,0.990754127502441
ITA,2018,wgi_voice_accountability,VA.EST,0.963442385196686
ITA,2019,wgi_voice_accountability,VA.EST,0.905108034610748
ITA,2020,wgi_voice_accountability,VA.EST,1.05461311340332
ITA,2021,wgi_voice_accountability,VA.EST,1.08431649208069
ITA,2022,wgi_voice_accountability,VA.EST,1.07431793212891
ITA,2023,wgi_voice_accountability,VA.EST,1.11553084850311
JPN,1996,wgi_voice_accountability,VA.EST,1.07292950153351
JPN,1998,wgi_voice_accountability,VA.EST,0.946786463260651
JPN,2000,wgi_voice_accountability,VA.EST,0.958087980747223
JPN,2002,wgi_voice_accountability,VA.EST,1.01447093486786
JPN,2003,wgi_voice_accountability,VA.EST,1.08260369300842
JPN,2004,wgi_voice_accountability,VA.EST,1.04349458217621
JPN,2005,wgi_voice_accountability,VA.EST,1.0062769651413
JPN,2006,wgi_voice_accountability,VA.EST,0.954123318195343
JPN,2007,wgi_voice_accountability,VA.EST,0.969946265220642
JPN,2008,wgi_voice_accountability,VA.EST,0.948859214782715
JPN,2009,wgi_voice_accountability,VA.EST,1.02105367183685
JPN,2010,wgi_voice_accountability,VA.EST,1.04070508480072
JPN,2011,wgi_voice_accountability,VA.EST,1.07113337516785
JPN,2012,wgi_voice_accountability,VA.EST,1.10129523277283
JPN,2013,wgi_voice_accountability,VA.EST,1.10958802700043
JPN,2014,wgi_voice_accountability,VA.EST,1.03605246543884
JPN,2015,wgi_voice_accountability,VA.EST,0.988048911094666
JPN,2016,wgi_voice_accountability,VA.EST,0.983571171760559
JPN,2017,wgi_voice_accountability,VA.EST,1.00365543365479
JPN,2018,wgi_voice_accountability,VA.EST,0.994713246822357
JPN,2019,wgi_voice_accountability,VA.EST,0.929692089557648
JPN,2020,wgi_voice_accountability,VA.EST,0.982900321483612
JPN,2021,wgi_voice_accountability,VA.EST,1.06584024429321
JPN,2022,wgi_voice_accountability,VA.EST,1.02100276947021
JPN,2023,wgi_voice_accountability,VA.EST,1.10550534725189
KOR,1996,wgi_voice_accountability,VA.EST,0.668098986148834
KOR,1998,wgi_voice_accountability,VA.EST,0.638672411441803
KOR,2000,wgi_voice_accountability,VA.EST,0.637169182300568
KOR,2002,wgi_voice_accountability,VA.EST,0.74562805891037
KOR,2003,wgi_voice_accountability,VA.EST,0.723233759403229
KOR,2004,wgi_voice_accountability,VA.EST,0.728531181812286
KOR,2005,wgi_voice_accountability,VA.EST,0.745595574378967
KOR,2006,wgi_voice_accountability,VA.EST,0.690555095672607
KOR,2007,wgi_voice_accountability,VA.EST,0.699741125106812
KOR,2008,wgi_voice_accountability,VA.EST,0.657143592834473
KOR,2009,wgi_voice_accountability,VA.EST,0.707632899284363
KOR,2010,wgi_voice_accountability,VA.EST,0.741072177886963
KOR,2011,wgi_voice_accountability,VA.EST,0.726919293403625
KOR,2012,wgi_voice_accountability,VA.EST,0.725595772266388
KOR,2013,wgi_voice_accountability,VA.EST,0.705780982971191
KOR,2014,wgi_voice_accountability,VA.EST,0.680197238922119
KOR,2015,wgi_voice_accountability,VA.EST,0.631044268608093
KOR,2016,wgi_voice_accountability,VA.EST,0.641615033149719
KOR,2017,wgi_voice_accountability,VA.EST,0.758165240287781
KOR,2018,wgi_voice_accountability,VA.EST,0.799720466136932
KOR,2019,wgi_voice_accountability,VA.EST,0.751629054546356
KOR,2020,wgi_voice_accountability,VA.EST,0.822828948497772
KOR,2021,wgi_voice_accountability,VA.EST,0.932394802570343
KOR,2022,wgi_voice_accountability,VA.EST,0.878113925457001
KOR,2023,wgi_voice_accountability,VA.EST,0.8595951795578
MEX,1996,wgi_voice_accountability,VA.EST,-0.0423130206763744
MEX,1998,wgi_voice_accountability,VA.EST,0.0627863109111786
MEX,2000,wgi_voice_accountability,VA.EST,0.258450001478195
MEX,2002,wgi_voice_accountability,VA.EST,0.346043467521667
MEX,2003,wgi_voice_accountability,VA.EST,0.346937119960785
MEX,2004,wgi_voice_accountability,VA.EST,0.319827616214752
MEX,2005,wgi_voice_accountability,VA.EST,0.198065519332886
MEX,2006,wgi_voice_accountability,VA.EST,0.150474414229393
MEX,2007,wgi_voice_accountability,VA.EST,0.121899016201496
MEX,2008,wgi_voice_accountability,VA.EST,0.134927570819855
MEX,2009,wgi_voice_accountability,VA.EST,0.200032845139503
MEX,2010,wgi_voice_accountability,VA.EST,0.178501576185226
MEX,2011,wgi_voice_accountability,VA.EST,0.12169187515974
MEX,2012,wgi_voice_accountability,VA.EST,0.112745344638824
MEX,2013,wgi_voice_accountability,VA.EST,0.108349166810513
MEX,2014,wgi_voice_accountability,VA.EST,0.000275321624940261
MEX,2015,wgi_voice_accountability,VA.EST,-0.0753404349088669
MEX,2016,wgi_voice_accountability,VA.EST,-0.0674507692456245
MEX,2017,wgi_voice_accountability,VA.EST,-0.0890548452734947
MEX,2018,wgi_voice_accountability,VA.EST,-0.00868499930948019
MEX,2019,wgi_voice_accountability,VA.EST,0.00857096444815397
MEX,2020,wgi_voice_accountability,VA.EST,-0.0273882187902927
MEX,2021,wgi_voice_accountability,VA.EST,-0.0774139538407326
MEX,2022,wgi_voice_accountability,VA.EST,-0.119756743311882
MEX,2023,wgi_voice_accountability,VA.EST,-0.115086063742638
MYS,1996,wgi_voice_accountability,VA.EST,-0.181069865822792
MYS,1998,wgi_voice_accountability,VA.EST,-0.421954840421677
MYS,2000,wgi_voice_accountability,VA.EST,-0.42108216881752
MYS,2002,wgi_voice_accountability,VA.EST,-0.492929816246033
MYS,2003,wgi_voice_accountability,VA.EST,-0.457673877477646
MYS,2004,wgi_voice_accountability,VA.EST,-0.235716462135315
MYS,2005,wgi_voice_accountability,VA.EST,-0.146773517131805
MYS,2006,wgi_voice_accountability,VA.EST,-0.54314786195755
MYS,2007,wgi_voice_accountability,VA.EST,-0.523537278175354
MYS,2008,wgi_voice_accountability,VA.EST,-0.563192903995514
MYS,2009,wgi_voice_accountability,VA.EST,-0.503894746303558
MYS,2010,wgi_voice_accountability,VA.EST,-0.49994820356369
MYS,2011,wgi_voice_accountability,VA.EST,-0.474874913692474
MYS,2012,wgi_voice_accountability,VA.EST,-0.346539199352264
MYS,2013,wgi_voice_accountability,VA.EST,-0.339791119098663
MYS,2014,wgi_voice_accountability,VA.EST,-0.360449194908142
MYS,2015,wgi_voice_accountability,VA.EST,-0.391403198242188
MYS,2016,wgi_voice_accountability,VA.EST,-0.416713893413544
MYS,2017,wgi_voice_accountability,VA.EST,-0.398660808801651
MYS,2018,wgi_voice_accountability,VA.EST,-0.099500760436058
MYS,2019,wgi_voice_accountability,VA.EST,-0.0477054789662361
MYS,2020,wgi_voice_accountability,VA.EST,-0.154460147023201
MYS,2021,wgi_voice_accountability,VA.EST,-0.164951831102371
MYS,2022,wgi_voice_accountability,VA.EST,0.000423186487751082
MYS,2023,wgi_voice_accountability,VA.EST,0.0876194089651108
NGA,1996,wgi_voice_accountability,VA.EST,-1.55370151996613
NGA,1998,wgi_voice_accountability,VA.EST,-1.08058178424835
NGA,2000,wgi_voice_accountability,VA.EST,-0.481231272220612
NGA,2002,wgi_voice_accountability,VA.EST,-0.634268760681152
NGA,2003,wgi_voice_accountability,VA.EST,-0.6622274518013
NGA,2004,wgi_voice_accountability,VA.EST,-0.796761572360992
NGA,2005,wgi_voice_accountability,VA.EST,-0.868943333625793
NGA,2006,wgi_voice_accountability,VA.EST,-0.623297810554504
NGA,2007,wgi_voice_accountability,VA.EST,-0.760439932346344
NGA,2008,wgi_voice_accountability,VA.EST,-0.735603809356689
NGA,2009,wgi_voice_accountability,VA.EST,-0.848863244056702
NGA,2010,wgi_voice_accountability,VA.EST,-0.777081429958344
NGA,2011,wgi_voice_accountability,VA.EST,-0.713411033153534
NGA,2012,wgi_voice_accountability,VA.EST,-0.700219869613647
NGA,2013,wgi_voice_accountability,VA.EST,-0.693110644817352
NGA,2014,wgi_voice_accountability,VA.EST,-0.587217092514038
NGA,2015,wgi_voice_accountability,VA.EST,-0.372785717248917
NGA,2016,wgi_voice_accountability,VA.EST,-0.3197340965271
NGA,2017,wgi_voice_accountability,VA.EST,-0.340378314256668
NGA,2018,wgi_voice_accountability,VA.EST,-0.425071567296982
NGA,2019,wgi_voice_accountability,VA.EST,-0.434048444032669
NGA,2020,wgi_voice_accountability,VA.EST,-0.581086993217468
NGA,2021,wgi_voice_accountability,VA.EST,-0.636560559272766
NGA,2022,wgi_voice_accountability,VA.EST,-0.598563253879547
NGA,2023,wgi_voice_accountability,VA.EST,-0.548258185386658
NLD,1996,wgi_voice_accountability,VA.EST,1.55714535713196
NLD,1998,wgi_voice_accountability,VA.EST,1.56213402748108
NLD,2000,wgi_voice_accountability,VA.EST,1.5439612865448
NLD,2002,wgi_voice_accountability,VA.EST,1.4694139957428
NLD,2003,wgi_voice_accountability,VA.EST,1.52679491043091
NLD,2004,wgi_voice_accountability,VA.EST,1.69660830497742
NLD,2005,wgi_voice_accountability,VA.EST,1.66602003574371
NLD,2006,wgi_voice_accountability,VA.EST,1.53982102870941
NLD,2007,wgi_voice_accountability,VA.EST,1.52343332767487
NLD,2008,wgi_voice_accountability,VA.EST,1.48308551311493
NLD,2009,wgi_voice_accountability,VA.EST,1.46438777446747
NLD,2010,wgi_voice_accountability,VA.EST,1.45056891441345
NLD,2011,wgi_voice_accountability,VA.EST,1.5370477437973
NLD,2012,wgi_voice_accountability,VA.EST,1.60558545589447
NLD,2013,wgi_voice_accountability,VA.EST,1.56690323352814
NLD,2014,wgi_voice_accountability,VA.EST,1.54720866680145
NLD,2015,wgi_voice_accountability,VA.EST,1.56130266189575
NLD,2016,wgi_voice_accountability,VA.EST,1.54080605506897
NLD,2017,wgi_voice_accountability,VA.EST,1.49619734287262
NLD,2018,wgi_voice_accountability,VA.EST,1.49981355667114
NLD,2019,wgi_voice_accountability,VA.EST,1.48359453678131
NLD,2020,wgi_voice_accountability,VA.EST,1.52000570297241
NLD,2021,wgi_voice_accountability,VA.EST,1.48990213871002
NLD,2022,wgi_voice_accountability,VA.EST,1.54713273048401
NLD,2023,wgi_voice_accountability,VA.EST,1.55626440048218
NOR,1996,wgi_voice_accountability,VA.EST,1.56270956993103
NOR,1998,wgi_voice_accountability,VA.EST,1.49381899833679
NOR,2000,wgi_voice_accountability,VA.EST,1.52600920200348
NOR,2002,wgi_voice_accountability,VA.EST,1.48717486858368
NOR,2003,wgi_voice_accountability,VA.EST,1.52924609184265
NOR,2004,wgi_voice_accountability,VA.EST,1.70420897006989
NOR,2005,wgi_voice_accountability,VA.EST,1.6405930519104
NOR,2006,wgi_voice_accountability,VA.EST,1.54217982292175
NOR,2007,wgi_voice_accountability,VA.EST,1.54985499382019
NOR,2008,wgi_voice_accountability,VA.EST,1.54803907871246
NOR,2009,wgi_voice_accountability,VA.EST,1.54887938499451
NOR,2010,wgi_voice_accountability,VA.EST,1.59508776664734
NOR,2011,wgi_voice_accountability,VA.EST,1.62635803222656
NOR,2012,wgi_voice_accountability,VA.EST,1.72816324234009
NOR,2013,wgi_voice_accountability,VA.EST,1.73790335655212
NOR,2014,wgi_voice_accountability,VA.EST,1.68400382995605
NOR,2015,wgi_voice_accountability,VA.EST,1.68808364868164
NOR,2016,wgi_voice_accountability,VA.EST,1.66545379161835
NOR,2017,wgi_voice_accountability,VA.EST,1.69478344917297
NOR,2018,wgi_voice_accountability,VA.EST,1.70934963226318
NOR,2019,wgi_voice_accountability,VA.EST,1.65354299545288
NOR,2020,wgi_voice_accountability,VA.EST,1.72022712230682
NOR,2021,wgi_voice_accountability,VA.EST,1.73803555965424
NOR,2022,wgi_voice_accountability,VA.EST,1.78067529201508
NOR,2023,wgi_voice_accountability,VA.EST,1.77725434303284
PAK,1996,wgi_voice_accountability,VA.EST,-0.596835911273956
PAK,1998,wgi_voice_accountability,VA.EST,-0.544719040393829
PAK,2000,wgi_voice_accountability,VA.EST,-1.2202535867691
PAK,2002,wgi_voice_accountability,VA.EST,-1.10900616645813
PAK,2003,wgi_voice_accountability,VA.EST,-1.17076420783997
PAK,2004,wgi_voice_accountability,VA.EST,-1.14213120937347
PAK,2005,wgi_voice_accountability,VA.EST,-0.976286172866821
PAK,2006,wgi_voice_accountability,VA.EST,-0.886475443840027
PAK,2007,wgi_voice_accountability,VA.EST,-0.94987416267395
PAK,2008,wgi_voice_accountability,VA.EST,-0.838403463363647
PAK,2009,wgi_voice_accountability,VA.EST,-0.855763971805573
PAK,2010,wgi_voice_accountability,VA.EST,-0.798651278018951
PAK,2011,wgi_voice_accountability,VA.EST,-0.829199433326721
PAK,2012,wgi_voice_accountability,VA.EST,-0.843582153320312
PAK,2013,wgi_voice_accountability,VA.EST,-0.799566090106964
PAK,2014,wgi_voice_accountability,VA.EST,-0.716101288795471
PAK,2015,wgi_voice_accountability,VA.EST,-0.722120881080627
PAK,2016,wgi_voice_accountability,VA.EST,-0.699556410312653
PAK,2017,wgi_voice_accountability,VA.EST,-0.693545937538147
PAK,2018,wgi_voice_accountability,VA.EST,-0.81427401304245
PAK,2019,wgi_voice_accountability,VA.EST,-0.862777709960938
PAK,2020,wgi_voice_accountability,VA.EST,-0.877737641334534
PAK,2021,wgi_voice_accountability,VA.EST,-0.841518759727478
PAK,2022,wgi_voice_accountability,VA.EST,-0.862116992473602
PAK,2023,wgi_voice_accountability,VA.EST,-0.959140300750732
PHL,1996,wgi_voice_accountability,VA.EST,0.257727921009064
PHL,1998,wgi_voice_accountability,VA.EST,0.419711261987686
PHL,2000,wgi_voice_accountability,VA.EST,0.232365354895592
PHL,2002,wgi_voice_accountability,VA.EST,0.164603292942047
PHL,2003,wgi_voice_accountability,VA.EST,0.153800815343857
PHL,2004,wgi_voice_accountability,VA.EST,0.0255536306649446
PHL,2005,wgi_voice_accountability,VA.EST,-0.00725506478920579
PHL,2006,wgi_voice_accountability,VA.EST,-0.0911425054073334
PHL,2007,wgi_voice_accountability,VA.EST,-0.110541515052319
PHL,2008,wgi_voice_accountability,VA.EST,-0.138752609491348
PHL,2009,wgi_voice_accountability,VA.EST,-0.0277492720633745
PHL,2010,wgi_voice_accountability,VA.EST,-0.039045549929142
PHL,2011,wgi_voice_accountability,VA.EST,-0.0199026539921761
PHL,2012,wgi_voice_accountability,VA.EST,-0.0296867359429598
PHL,2013,wgi_voice_accountability,VA.EST,0.00626141391694546
PHL,2014,wgi_voice_accountability,VA.EST,0.159192964434624
PHL,2015,wgi_voice_accountability,VA.EST,0.14704766869545
PHL,2016,wgi_voice_accountability,VA.EST,0.163373067975044
PHL,2017,wgi_voice_accountability,VA.EST,0.0839975401759148
PHL,2018,wgi_voice_accountability,VA.EST,0.0210947003215551
PHL,2019,wgi_voice_accountability,VA.EST,0.00574713759124279
PHL,2020,wgi_voice_accountability,VA.EST,-0.106204241514206
PHL,2021,wgi_voice_accountability,VA.EST,-0.154726296663284
PHL,2022,wgi_voice_accountability,VA.EST,-0.0548803359270096
PHL,2023,wgi_voice_accountability,VA.EST,-0.0168379731476307
POL,1996,wgi_voice_accountability,VA.EST,1.04270124435425
POL,1998,wgi_voice_accountability,VA.EST,1.08761632442474
POL,2000,wgi_voice_accountability,VA.EST,1.07567167282104
POL,2002,wgi_voice_accountability,VA.EST,1.08781957626343
POL,2003,wgi_voice_accountability,VA.EST,1.01259672641754
POL,2004,wgi_voice_accountability,VA.EST,1.01662766933441
POL,2005,wgi_voice_accountability,VA.EST,0.944372296333313
POL,2006,wgi_voice_accountability,VA.EST,0.803532481193542
POL,2007,wgi_voice_accountability,VA.EST,0.879502356052399
POL,2008,wgi_voice_accountability,VA.EST,0.953482151031494
POL,2009,wgi_voice_accountability,VA.EST,1.02687239646912
POL,2010,wgi_voice_accountability,VA.EST,1.03761112689972
POL,2011,wgi_voice_accountability,VA.EST,1.02762770652771
POL,2012,wgi_voice_accountability,VA.EST,1.06427574157715
POL,2013,wgi_voice_accountability,VA.EST,0.998090982437134
POL,2014,wgi_voice_accountability,VA.EST,1.10508847236633
POL,2015,wgi_voice_accountability,VA.EST,1.03975915908813
POL,2016,wgi_voice_accountability,VA.EST,0.844245731830597
POL,2017,wgi_voice_accountability,VA.EST,0.776027858257294
POL,2018,wgi_voice_accountability,VA.EST,0.710338830947876
POL,2019,wgi_voice_accountability,VA.EST,0.671802282333374
POL,2020,wgi_voice_accountability,VA.EST,0.615374743938446
POL,2021,wgi_voice_accountability,VA.EST,0.579096436500549
POL,2022,wgi_voice_accountability,VA.EST,0.603501915931702
POL,2023,wgi_voice_accountability,VA.EST,0.626450896263123
PRT,1996,wgi_voice_accountability,VA.EST,1.49763286113739
PRT,1998,wgi_voice_accountability,VA.EST,1.43456733226776
PRT,2000,wgi_voice_accountability,VA.EST,1.35786831378937
PRT,2002,wgi_voice_accountability,VA.EST,1.30454540252686
PRT,2003,wgi_voice_accountability,VA.EST,1.40957999229431
PRT,2004,wgi_voice_accountability,VA.EST,1.46491122245789
PRT,2005,wgi_voice_accountability,VA.EST,1.43030512332916
PRT,2006,wgi_voice_accountability,VA.EST,1.23266172409058
PRT,2007,wgi_voice_accountability,VA.EST,1.23142063617706
PRT,2008,wgi_voice_accountability,VA.EST,1.20186388492584
PRT,2009,wgi_voice_accountability,VA.EST,1.12824237346649
PRT,2010,wgi_voice_accountability,VA.EST,1.10720300674438
PRT,2011,wgi_voice_accountability,VA.EST,1.10791051387787
PRT,2012,wgi_voice_accountability,VA.EST,1.02852833271027
PRT,2013,wgi_voice_accountability,VA.EST,1.06688857078552
PRT,2014,wgi_voice_accountability,VA.EST,1.10743820667267
PRT,2015,wgi_voice_accountability,VA.EST,1.12872004508972
PRT,2016,wgi_voice_accountability,VA.EST,1.15758585929871
PRT,2017,wgi_voice_accountability,VA.EST,1.19824862480164
PRT,2018,wgi_voice_accountability,VA.EST,1.17852699756622
PRT,2019,wgi_voice_accountability,VA.EST,1.19454848766327
PRT,2020,wgi_voice_accountability,VA.EST,1.25530016422272
PRT,2021,wgi_voice_accountability,VA.EST,1.24631035327911
PRT,2022,wgi_voice_accountability,VA.EST,1.25769352912903
PRT,2023,wgi_voice_accountability,VA.EST,1.21128296852112
ROU,1996,wgi_voice_accountability,VA.EST,0.286023378372192
ROU,1998,wgi_voice_accountability,VA.EST,0.389990568161011
ROU,2000,wgi_voice_accountability,VA.EST,0.469307065010071
ROU,2002,wgi_voice_accountability,VA.EST,0.386146128177643
ROU,2003,wgi_voice_accountability,VA.EST,0.29921892285347
ROU,2004,wgi_voice_accountability,VA.EST,0.367766201496124
ROU,2005,wgi_voice_accountability,VA.EST,0.408908843994141
ROU,2006,wgi_voice_accountability,VA.EST,0.51797342300415
ROU,2007,wgi_voice_accountability,VA.EST,0.498997658491135
ROU,2008,wgi_voice_accountability,VA.EST,0.514151155948639
ROU,2009,wgi_voice_accountability,VA.EST,0.464297264814377
ROU,2010,wgi_voice_accountability,VA.EST,0.432130426168442
ROU,2011,wgi_voice_accountability,VA.EST,0.376137167215347
ROU,2012,wgi_voice_accountability,VA.EST,0.318529605865479
ROU,2013,wgi_voice_accountability,VA.EST,0.311483293771744
ROU,2014,wgi_voice_accountability,VA.EST,0.428103059530258
ROU,2015,wgi_voice_accountability,VA.EST,0.486170291900635
ROU,2016,wgi_voice_accountability,VA.EST,0.541079998016357
ROU,2017,wgi_voice_accountability,VA.EST,0.598848581314087
ROU,2018,wgi_voice_accountability,VA.EST,0.533204734325409
ROU,2019,wgi_voice_accountability,VA.EST,0.515233874320984
ROU,2020,wgi_voice_accountability,VA.EST,0.585118234157562
ROU,2021,wgi_voice_accountability,VA.EST,0.593723952770233
ROU,2022,wgi_voice_accountability,VA.EST,0.566261529922485
ROU,2023,wgi_voice_accountability,VA.EST,0.503180325031281
RUS,1996,wgi_voice_accountability,VA.EST,-0.219651892781258
RUS,1998,wgi_voice_accountability,VA.EST,-0.406413346529007
RUS,2000,wgi_voice_accountability,VA.EST,-0.346270352602005
RUS,2002,wgi_voice_accountability,VA.EST,-0.444490075111389
RUS,2003,wgi_voice_accountability,VA.EST,-0.535602867603302
RUS,2004,wgi_voice_accountability,VA.EST,-0.571611404418945
RUS,2005,wgi_voice_accountability,VA.EST,-0.651503562927246
RUS,2006,wgi_voice_accountability,VA.EST,-0.920553743839264
RUS,2007,wgi_voice_accountability,VA.EST,-0.916404008865356
RUS,2008,wgi_voice_accountability,VA.EST,-0.870993554592133
RUS,2009,wgi_voice_accountability,VA.EST,-0.89992368221283
RUS,2010,wgi_voice_accountability,VA.EST,-0.889000535011292
RUS,2011,wgi_voice_accountability,VA.EST,-0.883593857288361
RUS,2012,wgi_voice_accountability,VA.EST,-0.97881817817688
RUS,2013,wgi_voice_accountability,VA.EST,-1.02226948738098
RUS,2014,wgi_voice_accountability,VA.EST,-1.0445214509964
RUS,2015,wgi_voice_accountability,VA.EST,-1.08769965171814
RUS,2016,wgi_voice_accountability,VA.EST,-1.13120901584625
RUS,2017,wgi_voice_accountability,VA.EST,-1.08964121341705
RUS,2018,wgi_voice_accountability,VA.EST,-1.07006502151489
RUS,2019,wgi_voice_accountability,VA.EST,-1.11707234382629
RUS,2020,wgi_voice_accountability,VA.EST,-1.07110822200775
RUS,2021,wgi_voice_accountability,VA.EST,-1.10062623023987
RUS,2022,wgi_voice_accountability,VA.EST,-1.26177060604095
RUS,2023,wgi_voice_accountability,VA.EST,-1.2855396270752
SAU,1996,wgi_voice_accountability,VA.EST,-1.49902832508087
SAU,1998,wgi_voice_accountability,VA.EST,-1.61756873130798
SAU,2000,wgi_voice_accountability,VA.EST,-1.60267579555511
SAU,2002,wgi_voice_accountability,VA.EST,-1.7028511762619
SAU,2003,wgi_voice_accountability,VA.EST,-1.64427065849304
SAU,2004,wgi_voice_accountability,VA.EST,-1.32374036312103
SAU,2005,wgi_voice_accountability,VA.EST,-1.53631925582886
SAU,2006,wgi_voice_accountability,VA.EST,-1.78146910667419
SAU,2007,wgi_voice_accountability,VA.EST,-1.70514690876007
SAU,2008,wgi_voice_accountability,VA.EST,-1.72997355461121
SAU,2009,wgi_voice_accountability,VA.EST,-1.82226276397705
SAU,2010,wgi_voice_accountability,VA.EST,-1.78806269168854
SAU,2011,wgi_voice_accountability,VA.EST,-1.90719747543335
SAU,2012,wgi_voice_accountability,VA.EST,-1.86564028263092
SAU,2013,wgi_voice_accountability,VA.EST,-1.87657868862152
SAU,2014,wgi_voice_accountability,VA.EST,-1.88217794895172
SAU,2015,wgi_voice_accountability,VA.EST,-1.84278297424316
SAU,2016,wgi_voice_accountability,VA.EST,-1.72739458084106
SAU,2017,wgi_voice_accountability,VA.EST,-1.68651461601257
SAU,2018,wgi_voice_accountability,VA.EST,-1.69039928913116
SAU,2019,wgi_voice_accountability,VA.EST,-1.65836346149445
SAU,2020,wgi_voice_accountability,VA.EST,-1.60906326770782
SAU,2021,wgi_voice_accountability,VA.EST,-1.60110425949097
SAU,2022,wgi_voice_accountability,VA.EST,-1.48439347743988
SAU,2023,wgi_voice_accountability,VA.EST,-1.41669249534607
SGP,1996,wgi_voice_accountability,VA.EST,0.139815583825111
SGP,1998,wgi_voice_accountability,VA.EST,0.11250077188015
SGP,2000,wgi_voice_accountability,VA.EST,0.130497083067894
SGP,2002,wgi_voice_accountability,VA.EST,0.0586192682385445
SGP,2003,wgi_voice_accountability,VA.EST,-0.0210195183753967
SGP,2004,wgi_voice_accountability,VA.EST,0.0775112137198448
SGP,2005,wgi_voice_accountability,VA.EST,0.132438689470291
SGP,2006,wgi_voice_accountability,VA.EST,-0.387192517518997
SGP,2007,wgi_voice_accountability,VA.EST,-0.363209664821625
SGP,2008,wgi_voice_accountability,VA.EST,-0.33483549952507
SGP,2009,wgi_voice_accountability,VA.EST,-0.234220430254936
SGP,2010,wgi_voice_accountability,VA.EST,-0.208965808153152
SGP,2011,wgi_voice_accountability,VA.EST,-0.10202718526125
SGP,2012,wgi_voice_accountability,VA.EST,0.0530913695693016
SGP,2013,wgi_voice_accountability,VA.EST,0.0366793386638165
SGP,2014,wgi_voice_accountability,VA.EST,-0.0988200157880783
SGP,2015,wgi_voice_accountability,VA.EST,-0.161713510751724
SGP,2016,wgi_voice_accountability,VA.EST,-0.149904429912567
SGP,2017,wgi_voice_accountability,VA.EST,-0.168806582689285
SGP,2018,wgi_voice_accountability,VA.EST,-0.0758845582604408
SGP,2019,wgi_voice_accountability,VA.EST,-0.206006988883018
SGP,2020,wgi_voice_accountability,VA.EST,-0.203881621360779
SGP,2021,wgi_voice_accountability,VA.EST,-0.13955394923687
SGP,2022,wgi_voice_accountability,VA.EST,-0.0601325668394566
SGP,2023,wgi_voice_accountability,VA.EST,-0.0654119327664375
SWE,1996,wgi_voice_accountability,VA.EST,1.51839065551758
SWE,1998,wgi_voice_accountability,VA.EST,1.53684067726135
SWE,2000,wgi_voice_accountability,VA.EST,1.57328855991364
SWE,2002,wgi_voice_accountability,VA.EST,1.50778388977051
SWE,2003,wgi_voice_accountability,VA.EST,1.54860532283783
SWE,2004,wgi_voice_accountability,VA.EST,1.73924720287323
SWE,2005,wgi_voice_accountability,VA.EST,1.58447277545929
SWE,2006,wgi_voice_accountability,VA.EST,1.48571825027466
SWE,2007,wgi_voice_accountability,VA.EST,1.51013612747192
SWE,2008,wgi_voice_accountability,VA.EST,1.52016663551331
SWE,2009,wgi_voice_accountability,VA.EST,1.54603838920593
SWE,2010,wgi_voice_accountability,VA.EST,1.54272592067719
SWE,2011,wgi_voice_accountability,VA.EST,1.61295545101166
SWE,2012,wgi_voice_accountability,VA.EST,1.69035804271698
SWE,2013,wgi_voice_accountability,VA.EST,1.65803611278534
SWE,2014,wgi_voice_accountability,VA.EST,1.61101567745209
SWE,2015,wgi_voice_accountability,VA.EST,1.56545448303223
SWE,2016,wgi_voice_accountability,VA.EST,1.56508469581604
SWE,2017,wgi_voice_accountability,VA.EST,1.56944692134857
SWE,2018,wgi_voice_accountability,VA.EST,1.58079731464386
SWE,2019,wgi_voice_accountability,VA.EST,1.5590580701828
SWE,2020,wgi_voice_accountability,VA.EST,1.49804127216339
SWE,2021,wgi_voice_accountability,VA.EST,1.49274754524231
SWE,2022,wgi_voice_accountability,VA.EST,1.52612793445587
SWE,2023,wgi_voice_accountability,VA.EST,1.57483160495758
THA,1996,wgi_voice_accountability,VA.EST,0.310659021139145
THA,1998,wgi_voice_accountability,VA.EST,0.382473677396774
THA,2000,wgi_voice_accountability,VA.EST,0.467802941799164
THA,2002,wgi_voice_accountability,VA.EST,0.321516633033752
THA,2003,wgi_voice_accountability,VA.EST,0.218241095542908
THA,2004,wgi_voice_accountability,VA.EST,0.126583278179169
THA,2005,wgi_voice_accountability,VA.EST,-0.0982957854866982
THA,2006,wgi_voice_accountability,VA.EST,-0.739193975925446
THA,2007,wgi_voice_accountability,VA.EST,-0.562502324581146
THA,2008,wgi_voice_accountability,VA.EST,-0.529666900634766
THA,2009,wgi_voice_accountability,VA.EST,-0.455878525972366
THA,2010,wgi_voice_accountability,VA.EST,-0.495821505784988
THA,2011,wgi_voice_accountability,VA.EST,-0.405181705951691
THA,2012,wgi_voice_accountability,VA.EST,-0.32114115357399
THA,2013,wgi_voice_accountability,VA.EST,-0.429994702339172
THA,2014,wgi_voice_accountability,VA.EST,-0.874908924102783
THA,2015,wgi_voice_accountability,VA.EST,-0.969038724899292
THA,2016,wgi_voice_accountability,VA.EST,-1.022944688797
THA,2017,wgi_voice_accountability,VA.EST,-1.04547691345215
THA,2018,wgi_voice_accountability,VA.EST,-1.017458319664
THA,2019,wgi_voice_accountability,VA.EST,-0.846085667610168
THA,2020,wgi_voice_accountability,VA.EST,-0.809261918067932
THA,2021,wgi_voice_accountability,VA.EST,-0.789397776126862
THA,2022,wgi_voice_accountability,VA.EST,-0.620351493358612
THA,2023,wgi_voice_accountability,VA.EST,-0.450371354818344
TUR,1996,wgi_voice_accountability,VA.EST,-0.129760310053825
TUR,1998,wgi_voice_accountability,VA.EST,-0.615934073925018
TUR,2000,wgi_voice_accountability,VA.EST,-0.289199769496918
TUR,2002,wgi_voice_accountability,VA.EST,-0.219570532441139
TUR,2003,wgi_voice_accountability,VA.EST,-0.0332707948982716
TUR,2004,wgi_voice_accountability,VA.EST,0.0132019305601716
TUR,2005,wgi_voice_accountability,VA.EST,0.000233756712987088
TUR,2006,wgi_voice_accountability,VA.EST,-0.0640953183174133
TUR,2007,wgi_voice_accountability,VA.EST,-0.0533245801925659
TUR,2008,wgi_voice_accountability,VA.EST,-0.0412864089012146
TUR,2009,wgi_voice_accountability,VA.EST,-0.0555260591208935
TUR,2010,wgi_voice_accountability,VA.EST,-0.0848165079951286
TUR,2011,wgi_voice_accountability,VA.EST,-0.136850699782372
TUR,2012,wgi_voice_accountability,VA.EST,-0.206933528184891
TUR,2013,wgi_voice_accountability,VA.EST,-0.251418113708496
TUR,2014,wgi_voice_accountability,VA.EST,-0.338507890701294
TUR,2015,wgi_voice_accountability,VA.EST,-0.367835342884064
TUR,2016,wgi_voice_accountability,VA.EST,-0.607129514217377
TUR,2017,wgi_voice_accountability,VA.EST,-0.705634355545044
TUR,2018,wgi_voice_accountability,VA.EST,-0.84590607881546
TUR,2019,wgi_voice_accountability,VA.EST,-0.834213256835938
TUR,2020,wgi_voice_accountability,VA.EST,-0.860594511032104
TUR,2021,wgi_voice_accountability,VA.EST,-0.85993480682373
TUR,2022,wgi_voice_accountability,VA.EST,-0.926404356956482
TUR,2023,wgi_voice_accountability,VA.EST,-0.860576987266541
USA,1996,wgi_voice_accountability,VA.EST,1.34866082668304
USA,1998,wgi_voice_accountability,VA.EST,1.33687722682953
USA,2000,wgi_voice_accountability,VA.EST,1.31016671657562
USA,2002,wgi_voice_accountability,VA.EST,1.34456813335419
USA,2003,wgi_voice_accountability,VA.EST,1.33822762966156
USA,2004,wgi_voice_accountability,VA.EST,1.327751994133
USA,2005,wgi_voice_accountability,VA.EST,1.29452359676361
USA,2006,wgi_voice_accountability,VA.EST,1.1016218662262
USA,2007,wgi_voice_accountability,VA.EST,1.10981047153473
USA,2008,wgi_voice_accountability,VA.EST,1.14426684379578
USA,2009,wgi_voice_accountability,VA.EST,1.09722805023193
USA,2010,wgi_voice_accountability,VA.EST,1.1336270570755
USA,2011,wgi_voice_accountability,VA.EST,1.12696576118469
USA,2012,wgi_voice_accountability,VA.EST,1.16158699989319
USA,2013,wgi_voice_accountability,VA.EST,1.10298919677734
USA,2014,wgi_voice_accountability,VA.EST,1.0712331533432
USA,2015,wgi_voice_accountability,VA.EST,1.10990250110626
USA,2016,wgi_voice_accountability,VA.EST,1.11048436164856
USA,2017,wgi_voice_accountability,VA.EST,1.0074782371521
USA,2018,wgi_voice_accountability,VA.EST,0.995457410812378
USA,2019,wgi_voice_accountability,VA.EST,0.905181586742401
USA,2020,wgi_voice_accountability,VA.EST,0.856265664100647
USA,2021,wgi_voice_accountability,VA.EST,0.87688934803009
USA,2022,wgi_voice_accountability,VA.EST,0.860348105430603
USA,2023,wgi_voice_accountability,VA.EST,0.877519071102142
VNM,1996,wgi_voice_accountability,VA.EST,-1.08749449253082
VNM,1998,wgi_voice_accountability,VA.EST,-1.34771287441254
VNM,2000,wgi_voice_accountability,VA.EST,-1.23829925060272
VNM,2002,wgi_voice_accountability,VA.EST,-1.44881856441498
VNM,2003,wgi_voice_accountability,VA.EST,-1.47438275814056
VNM,2004,wgi_voice_accountability,VA.EST,-1.33793187141418
VNM,2005,wgi_voice_accountability,VA.EST,-1.40304481983185
VNM,2006,wgi_voice_accountability,VA.EST,-1.53845131397247
VNM,2007,wgi_voice_accountability,VA.EST,-1.52694940567017
VNM,2008,wgi_voice_accountability,VA.EST,-1.49671363830566
VNM,2009,wgi_voice_accountability,VA.EST,-1.4826385974884
VNM,2010,wgi_voice_accountability,VA.EST,-1.49696779251099
VNM,2011,wgi_voice_accountability,VA.EST,-1.45916306972504
VNM,2012,wgi_voice_accountability,VA.EST,-1.42006897926331
VNM,2013,wgi_voice_accountability,VA.EST,-1.36654543876648
VNM,2014,wgi_voice_accountability,VA.EST,-1.37489593029022
VNM,2015,wgi_voice_accountability,VA.EST,-1.35883224010468
VNM,2016,wgi_voice_accountability,VA.EST,-1.37323105335236
VNM,2017,wgi_voice_accountability,VA.EST,-1.41349077224731
VNM,2018,wgi_voice_accountability,VA.EST,-1.47091710567474
VNM,2019,wgi_voice_accountability,VA.EST,-1.40485322475433
VNM,2020,wgi_voice_accountability,VA.EST,-1.37661600112915
VNM,2021,wgi_voice_accountability,VA.EST,-1.30874562263489
VNM,2022,wgi_voice_accountability,VA.EST,-1.28640735149384
VNM,2023,wgi_voice_accountability,VA.EST,-1.24185371398926
ZAF,1996,wgi_voice_accountability,VA.EST,0.841138541698456
ZAF,1998,wgi_voice_accountability,VA.EST,0.846977770328522
ZAF,2000,wgi_voice_accountability,VA.EST,0.746240437030792
ZAF,2002,wgi_voice_accountability,VA.EST,0.659822225570679
ZAF,2003,wgi_voice_accountability,VA.EST,0.700217008590698
ZAF,2004,wgi_voice_accountability,VA.EST,0.715736925601959
ZAF,2005,wgi_voice_accountability,VA.EST,0.649010360240936
ZAF,2006,wgi_voice_accountability,VA.EST,0.651613116264343
ZAF,2007,wgi_voice_accountability,VA.EST,0.578765213489532
ZAF,2008,wgi_voice_accountability,VA.EST,0.575648128986359
ZAF,2009,wgi_voice_accountability,VA.EST,0.570525586605072
ZAF,2010,wgi_voice_accountability,VA.EST,0.602090120315552
ZAF,2011,wgi_voice_accountability,VA.EST,0.590838611125946
ZAF,2012,wgi_voice_accountability,VA.EST,0.5821533203125
ZAF,2013,wgi_voice_accountability,VA.EST,0.600654542446136
ZAF,2014,wgi_voice_accountability,VA.EST,0.640296518802643
ZAF,2015,wgi_voice_accountability,VA.EST,0.648553431034088
ZAF,2016,wgi_voice_accountability,VA.EST,0.648330509662628
ZAF,2017,wgi_voice_accountability,VA.EST,0.630274713039398
ZAF,2018,wgi_voice_accountability,VA.EST,0.63723361492157
ZAF,2019,wgi_voice_accountability,VA.EST,0.643925607204437
ZAF,2020,wgi_voice_accountability,VA.EST,0.690293967723846
ZAF,2021,wgi_voice_accountability,VA.EST,0.783295750617981
ZAF,2022,wgi_voice_accountability,VA.EST,0.723274409770966
ZAF,2023,wgi_voice_accountability,VA.EST,0.744892179965973
