iso3,year,variable,wb_code,value
ARE,1990,energy_use_pc_kgoe,EG.USE.PCAP.KG.OE,10740.8429217188
ARE,1991,energy_use_pc_kgoe,EG.USE.PCAP.KG.OE,11690.0970198374
ARE,1992,energy_use_pc_kgoe,EG.USE.PCAP.KG.OE,10562.8994380617
ARE,1993,energy_use_pc_kgoe,EG.USE.PCAP.KG.OE,10572.6698308454
ARE,1994,energy_use_pc_kgoe,EG.USE.PCAP.KG.OE,11178.3984813089
ARE,1995,energy_use_pc_kgoe,EG.USE.PCAP.KG.OE,11360.9014709113
ARE,1996,energy_use_pc_kgoe,EG.USE.PCAP.KG.OE,11250.1691193254
ARE,1997,energy_use_pc_kgoe,EG.USE.PCAP.KG.OE,10941.7465226956
ARE,1998,energy_use_pc_kgoe,EG.USE.PCAP.KG.OE,10375.285992572
ARE,1999,energy_use_pc_kgoe,EG.USE.PCAP.KG.OE,9839.14403490257
ARE,2000,energy_use_pc_kgoe,EG.USE.PCAP.KG.OE,8956.94929901911
ARE,2001,energy_use_pc_kgoe,EG.USE.PCAP.KG.OE,11703.2751045514
ARE,2002,energy_use_pc_kgoe,EG.USE.PCAP.KG.OE,10866.2518811768
ARE,2003,energy_use_pc_kgoe,EG.USE.PCAP.KG.OE,10102.2168560285
ARE,2004,energy_use_pc_kgoe,EG.USE.PCAP.KG.OE,9441.12715739602
ARE,2005,energy_use_pc_kgoe,EG.USE.PCAP.KG.OE,9535.07550578601
ARE,2006,energy_use_pc_kgoe,EG.USE.PCAP.KG.OE,9239.04144595382
ARE,2007,energy_use_pc_kgoe,EG.USE.PCAP.KG.OE,8929.1273242532
ARE,2008,energy_use_pc_kgoe,EG.USE.PCAP.KG.OE,9425.05532774732
ARE,2009,energy_use_pc_kgoe,EG.USE.PCAP.KG.OE,9445.23902000287
ARE,2010,energy_use_pc_kgoe,EG.USE.PCAP.KG.OE,8849.86287819387
ARE,2011,energy_use_pc_kgoe,EG.USE.PCAP.KG.OE,8498.19879197847
ARE,2012,energy_use_pc_kgoe,EG.USE.PCAP.KG.OE,8466.34602792332
ARE,2013,energy_use_pc_kgoe,EG.USE.PCAP.KG.OE,8654.48549263775
ARE,2014,energy_use_pc_kgoe,EG.USE.PCAP.KG.OE,9398.40039523838
ARE,2015,energy_use_pc_kgoe,EG.USE.PCAP.KG.OE,9973.9828745403
ARE,2016,energy_use_pc_kgoe,EG.USE.PCAP.KG.OE,10191.6184664294
ARE,2017,energy_use_pc_kgoe,EG.USE.PCAP.KG.OE,8378.97733971587
ARE,2018,energy_use_pc_kgoe,EG.USE.PCAP.KG.OE,8363.00928463633
ARE,2019,energy_use_pc_kgoe,EG.USE.PCAP.KG.OE,8736.63609388178
ARE,2020,energy_use_pc_kgoe,EG.USE.PCAP.KG.OE,8105.43812949633
ARE,2021,energy_use_pc_kgoe,EG.USE.PCAP.KG.OE,8500.46410586578
ARE,2022,energy_use_pc_kgoe,EG.USE.PCAP.KG.OE,8303.27667116047
ARE,2023,energy_use_pc_kgoe,EG.USE.PCAP.KG.OE,9139.5423044996
ARG,1990,energy_use_pc_kgoe,EG.USE.PCAP.KG.OE,1351.48277612519
ARG,1991,energy_use_pc_kgoe,EG.USE.PCAP.KG.OE,1385.38307033103
ARG,1992,energy_use_pc_kgoe,EG.USE.PCAP.KG.OE,1407.27675440761
ARG,1993,energy_use_pc_kgoe,EG.USE.PCAP.KG.OE,1432.607502841
ARG,1994,energy_use_pc_kgoe,EG.USE.PCAP.KG.OE,1530.52760849222
ARG,1995,energy_use_pc_kgoe,EG.USE.PCAP.KG.OE,1507.19847475089
ARG,1996,energy_use_pc_kgoe,EG.USE.PCAP.KG.OE,1534.09177637667
ARG,1997,energy_use_pc_kgoe,EG.USE.PCAP.KG.OE,1567.39444751302
ARG,1998,energy_use_pc_kgoe,EG.USE.PCAP.KG.OE,1648.11263598533
ARG,1999,energy_use_pc_kgoe,EG.USE.PCAP.KG.OE,1666.81862190168
ARG,2000,energy_use_pc_kgoe,EG.USE.PCAP.KG.OE,1643.32131961789
ARG,2001,energy_use_pc_kgoe,EG.USE.PCAP.KG.OE,1518.56737304195
ARG,2002,energy_use_pc_kgoe,EG.USE.PCAP.KG.OE,1484.25701881625
ARG,2003,energy_use_pc_kgoe,EG.USE.PCAP.KG.OE,1590.61721067918
ARG,2004,energy_use_pc_kgoe,EG.USE.PCAP.KG.OE,1740.90890259945
ARG,2005,energy_use_pc_kgoe,EG.USE.PCAP.KG.OE,1712.4320350003
ARG,2006,energy_use_pc_kgoe,EG.USE.PCAP.KG.OE,1784.01669776279
ARG,2007,energy_use_pc_kgoe,EG.USE.PCAP.KG.OE,1845.91422802344
ARG,2008,energy_use_pc_kgoe,EG.USE.PCAP.KG.OE,1889.40923801554
ARG,2009,energy_use_pc_kgoe,EG.USE.PCAP.KG.OE,1722.74402909882
ARG,2010,energy_use_pc_kgoe,EG.USE.PCAP.KG.OE,1826.05112368849
ARG,2011,energy_use_pc_kgoe,EG.USE.PCAP.KG.OE,1865.25736115683
ARG,2012,energy_use_pc_kgoe,EG.USE.PCAP.KG.OE,1897.60983922809
ARG,2013,energy_use_pc_kgoe,EG.USE.PCAP.KG.OE,1928.54922885127
ARG,2014,energy_use_pc_kgoe,EG.USE.PCAP.KG.OE,1911.61727736839
ARG,2015,energy_use_pc_kgoe,EG.USE.PCAP.KG.OE,1919.75859208058
ARG,2016,energy_use_pc_kgoe,EG.USE.PCAP.KG.OE,1889.87018853289
ARG,2017,energy_use_pc_kgoe,EG.USE.PCAP.KG.OE,1874.82963739464
ARG,2018,energy_use_pc_kgoe,EG.USE.PCAP.KG.OE,1806.77623499039
ARG,2019,energy_use_pc_kgoe,EG.USE.PCAP.KG.OE,1777.41507710553
ARG,2020,energy_use_pc_kgoe,EG.USE.PCAP.KG.OE,1623.92450833523
ARG,2021,energy_use_pc_kgoe,EG.USE.PCAP.KG.OE,1741.51377200597
ARG,2022,energy_use_pc_kgoe,EG.USE.PCAP.KG.OE,1808.76021335553
ARG,2023,energy_use_pc_kgoe,EG.USE.PCAP.KG.OE,1763.50879742948
ARG,2024,energy_use_pc_kgoe,EG.USE.PCAP.KG.OE,1736.70249657787
AUS,1990,energy_use_pc_kgoe,EG.USE.PCAP.KG.OE,5047.63880316716
AUS,1991,energy_use_pc_kgoe,EG.USE.PCAP.KG.OE,4925.05735551339
AUS,1992,energy_use_pc_kgoe,EG.USE.PCAP.KG.OE,4960.57443467868
AUS,1993,energy_use_pc_kgoe,EG.USE.PCAP.KG.OE,5171.29276055127
AUS,1994,energy_use_pc_kgoe,EG.USE.PCAP.KG.OE,5127.43388651941
AUS,1995,energy_use_pc_kgoe,EG.USE.PCAP.KG.OE,5138.24234027092
AUS,1996,energy_use_pc_kgoe,EG.USE.PCAP.KG.OE,5429.944199086
AUS,1997,energy_use_pc_kgoe,EG.USE.PCAP.KG.OE,5497.64639169812
AUS,1998,energy_use_pc_kgoe,EG.USE.PCAP.KG.OE,5584.82787538452
AUS,1999,energy_use_pc_kgoe,EG.USE.PCAP.KG.OE,5644.57987814369
AUS,2000,energy_use_pc_kgoe,EG.USE.PCAP.KG.OE,5681.22885913159
AUS,2001,energy_use_pc_kgoe,EG.USE.PCAP.KG.OE,5486.39455905443
AUS,2002,energy_use_pc_kgoe,EG.USE.PCAP.KG.OE,5480.23464289818
AUS,2003,energy_use_pc_kgoe,EG.USE.PCAP.KG.OE,5615.57675632995
AUS,2004,energy_use_pc_kgoe,EG.USE.PCAP.KG.OE,5652.13037917952
AUS,2005,energy_use_pc_kgoe,EG.USE.PCAP.KG.OE,5624.49561264785
AUS,2006,energy_use_pc_kgoe,EG.USE.PCAP.KG.OE,5775.11675226564
AUS,2007,energy_use_pc_kgoe,EG.USE.PCAP.KG.OE,5853.76413229662
AUS,2008,energy_use_pc_kgoe,EG.USE.PCAP.KG.OE,5951.19291532561
AUS,2009,energy_use_pc_kgoe,EG.USE.PCAP.KG.OE,5843.93312947132
AUS,2010,energy_use_pc_kgoe,EG.USE.PCAP.KG.OE,5762.9435664152
AUS,2011,energy_use_pc_kgoe,EG.USE.PCAP.KG.OE,5698.65597309349
AUS,2012,energy_use_pc_kgoe,EG.USE.PCAP.KG.OE,5533.72233837943
AUS,2013,energy_use_pc_kgoe,EG.USE.PCAP.KG.OE,5533.38146350965
AUS,2014,energy_use_pc_kgoe,EG.USE.PCAP.KG.OE,5407.4382264583
AUS,2015,energy_use_pc_kgoe,EG.USE.PCAP.KG.OE,5318.66679266228
AUS,2016,energy_use_pc_kgoe,EG.USE.PCAP.KG.OE,5216.98867184459
AUS,2017,energy_use_pc_kgoe,EG.USE.PCAP.KG.OE,5162.45894302308
AUS,2018,energy_use_pc_kgoe,EG.USE.PCAP.KG.OE,5086.37378454852
AUS,2019,energy_use_pc_kgoe,EG.USE.PCAP.KG.OE,5231.57466031316
AUS,2020,energy_use_pc_kgoe,EG.USE.PCAP.KG.OE,5159.03638381788
AUS,2021,energy_use_pc_kgoe,EG.USE.PCAP.KG.OE,5006.44306522882
AUS,2022,energy_use_pc_kgoe,EG.USE.PCAP.KG.OE,4942.16372202842
AUS,2023,energy_use_pc_kgoe,EG.USE.PCAP.KG.OE,4927.64894813822
AUS,2024,energy_use_pc_kgoe,EG.USE.PCAP.KG.OE,4750.15843585384
AUT,1990,energy_use_pc_kgoe,EG.USE.PCAP.KG.OE,3240.45366951149
AUT,1991,energy_use_pc_kgoe,EG.USE.PCAP.KG.OE,3415.50428957491
AUT,1992,energy_use_pc_kgoe,EG.USE.PCAP.KG.OE,3245.8963821747
AUT,1993,energy_use_pc_kgoe,EG.USE.PCAP.KG.OE,3256.11678131379
AUT,1994,energy_use_pc_kgoe,EG.USE.PCAP.KG.OE,3234.79392759607
AUT,1995,energy_use_pc_kgoe,EG.USE.PCAP.KG.OE,3374.07611625172
AUT,1996,energy_use_pc_kgoe,EG.USE.PCAP.KG.OE,3580.79320121771
AUT,1997,energy_use_pc_kgoe,EG.USE.PCAP.KG.OE,3550.91398526082
AUT,1998,energy_use_pc_kgoe,EG.USE.PCAP.KG.OE,3607.0067907444
AUT,1999,energy_use_pc_kgoe,EG.USE.PCAP.KG.OE,3592.17196845349
AUT,2000,energy_use_pc_kgoe,EG.USE.PCAP.KG.OE,3570.94853169443
AUT,2001,energy_use_pc_kgoe,EG.USE.PCAP.KG.OE,3758.79316326234
AUT,2002,energy_use_pc_kgoe,EG.USE.PCAP.KG.OE,3771.71949185232
AUT,2003,energy_use_pc_kgoe,EG.USE.PCAP.KG.OE,3956.93894640762
AUT,2004,energy_use_pc_kgoe,EG.USE.PCAP.KG.OE,3974.50636807099
AUT,2005,energy_use_pc_kgoe,EG.USE.PCAP.KG.OE,4084.35261902051
AUT,2006,energy_use_pc_kgoe,EG.USE.PCAP.KG.OE,4105.07525027388
AUT,2007,energy_use_pc_kgoe,EG.USE.PCAP.KG.OE,4010.09514877294
AUT,2008,energy_use_pc_kgoe,EG.USE.PCAP.KG.OE,4027.90556617748
AUT,2009,energy_use_pc_kgoe,EG.USE.PCAP.KG.OE,3819.49986886808
AUT,2010,energy_use_pc_kgoe,EG.USE.PCAP.KG.OE,4065.04189639106
AUT,2011,energy_use_pc_kgoe,EG.USE.PCAP.KG.OE,3927.58256477323
AUT,2012,energy_use_pc_kgoe,EG.USE.PCAP.KG.OE,3899.1648418957
AUT,2013,energy_use_pc_kgoe,EG.USE.PCAP.KG.OE,3924.82135403554
AUT,2014,energy_use_pc_kgoe,EG.USE.PCAP.KG.OE,3750.34480080041
AUT,2015,energy_use_pc_kgoe,EG.USE.PCAP.KG.OE,3795.51037374619
AUT,2016,energy_use_pc_kgoe,EG.USE.PCAP.KG.OE,3797.16802222945
AUT,2017,energy_use_pc_kgoe,EG.USE.PCAP.KG.OE,3839.94805232106
AUT,2018,energy_use_pc_kgoe,EG.USE.PCAP.KG.OE,3717.62532112148
AUT,2019,energy_use_pc_kgoe,EG.USE.PCAP.KG.OE,3765.98011899602
AUT,2020,energy_use_pc_kgoe,EG.USE.PCAP.KG.OE,3546.50449865153
AUT,2021,energy_use_pc_kgoe,EG.USE.PCAP.KG.OE,3728.13398931398
AUT,2022,energy_use_pc_kgoe,EG.USE.PCAP.KG.OE,3486.72943293763
AUT,2023,energy_use_pc_kgoe,EG.USE.PCAP.KG.OE,3308.71167042411
AUT,2024,energy_use_pc_kgoe,EG.USE.PCAP.KG.OE,3242.2079854812
BEL,1990,energy_use_pc_kgoe,EG.USE.PCAP.KG.OE,4804.34618527299
BEL,1991,energy_use_pc_kgoe,EG.USE.PCAP.KG.OE,5002.44922314732
BEL,1992,energy_use_pc_kgoe,EG.USE.PCAP.KG.OE,5042.29401936772
BEL,1993,energy_use_pc_kgoe,EG.USE.PCAP.KG.OE,4897.97659266192
BEL,1994,energy_use_pc_kgoe,EG.USE.PCAP.KG.OE,5185.9337354394
BEL,1995,energy_use_pc_kgoe,EG.USE.PCAP.KG.OE,5261.8093544142
BEL,1996,energy_use_pc_kgoe,EG.USE.PCAP.KG.OE,5527.62586906518
BEL,1997,energy_use_pc_kgoe,EG.USE.PCAP.KG.OE,5533.73928264128
BEL,1998,energy_use_pc_kgoe,EG.USE.PCAP.KG.OE,5620.64607760812
BEL,1999,energy_use_pc_kgoe,EG.USE.PCAP.KG.OE,5610.79882111599
BEL,2000,energy_use_pc_kgoe,EG.USE.PCAP.KG.OE,5662.98174716427
BEL,2001,energy_use_pc_kgoe,EG.USE.PCAP.KG.OE,5606.17298271092
BEL,2002,energy_use_pc_kgoe,EG.USE.PCAP.KG.OE,5397.64817804299
BEL,2003,energy_use_pc_kgoe,EG.USE.PCAP.KG.OE,5609.48271408916
BEL,2004,energy_use_pc_kgoe,EG.USE.PCAP.KG.OE,5615.40613034968
BEL,2005,energy_use_pc_kgoe,EG.USE.PCAP.KG.OE,5549.63760862596
BEL,2006,energy_use_pc_kgoe,EG.USE.PCAP.KG.OE,5445.56547084695
BEL,2007,energy_use_pc_kgoe,EG.USE.PCAP.KG.OE,5302.04532963844
BEL,2008,energy_use_pc_kgoe,EG.USE.PCAP.KG.OE,5425.00683224834
BEL,2009,energy_use_pc_kgoe,EG.USE.PCAP.KG.OE,5161.34227289199
BEL,2010,energy_use_pc_kgoe,EG.USE.PCAP.KG.OE,5510.36842215322
BEL,2011,energy_use_pc_kgoe,EG.USE.PCAP.KG.OE,5063.16739563614
BEL,2012,energy_use_pc_kgoe,EG.USE.PCAP.KG.OE,4822.68880223172
BEL,2013,energy_use_pc_kgoe,EG.USE.PCAP.KG.OE,5000.34617077523
BEL,2014,energy_use_pc_kgoe,EG.USE.PCAP.KG.OE,4701.25771608477
BEL,2015,energy_use_pc_kgoe,EG.USE.PCAP.KG.OE,4661.66376202285
BEL,2016,energy_use_pc_kgoe,EG.USE.PCAP.KG.OE,4904.15770755315
BEL,2017,energy_use_pc_kgoe,EG.USE.PCAP.KG.OE,4863.63280171736
BEL,2018,energy_use_pc_kgoe,EG.USE.PCAP.KG.OE,4660.20692893781
BEL,2019,energy_use_pc_kgoe,EG.USE.PCAP.KG.OE,4775.95747475268
BEL,2020,energy_use_pc_kgoe,EG.USE.PCAP.KG.OE,4386.43050829817
BEL,2021,energy_use_pc_kgoe,EG.USE.PCAP.KG.OE,4823.5834216252
BEL,2022,energy_use_pc_kgoe,EG.USE.PCAP.KG.OE,4368.44562567427
BEL,2023,energy_use_pc_kgoe,EG.USE.PCAP.KG.OE,4051.07409072709
BEL,2024,energy_use_pc_kgoe,EG.USE.PCAP.KG.OE,4077.82911446826
BGD,1990,energy_use_pc_kgoe,EG.USE.PCAP.KG.OE,114.331978361362
BGD,1991,energy_use_pc_kgoe,EG.USE.PCAP.KG.OE,110.553888291038
BGD,1992,energy_use_pc_kgoe,EG.USE.PCAP.KG.OE,114.428195176536
BGD,1993,energy_use_pc_kgoe,EG.USE.PCAP.KG.OE,117.094222071274
BGD,1994,energy_use_pc_kgoe,EG.USE.PCAP.KG.OE,121.577169651724
BGD,1995,energy_use_pc_kgoe,EG.USE.PCAP.KG.OE,128.922041098335
BGD,1996,energy_use_pc_kgoe,EG.USE.PCAP.KG.OE,127.651205584714
BGD,1997,energy_use_pc_kgoe,EG.USE.PCAP.KG.OE,130.76316593387
BGD,1998,energy_use_pc_kgoe,EG.USE.PCAP.KG.OE,132.276086830776
BGD,1999,energy_use_pc_kgoe,EG.USE.PCAP.KG.OE,134.852007238559
BGD,2000,energy_use_pc_kgoe,EG.USE.PCAP.KG.OE,135.982829155033
BGD,2001,energy_use_pc_kgoe,EG.USE.PCAP.KG.OE,148.299543915937
BGD,2002,energy_use_pc_kgoe,EG.USE.PCAP.KG.OE,148.023137823788
BGD,2003,energy_use_pc_kgoe,EG.USE.PCAP.KG.OE,153.205274750611
BGD,2004,energy_use_pc_kgoe,EG.USE.PCAP.KG.OE,154.277994461916
BGD,2005,energy_use_pc_kgoe,EG.USE.PCAP.KG.OE,159.86025911281
BGD,2006,energy_use_pc_kgoe,EG.USE.PCAP.KG.OE,168.358931806833
BGD,2007,energy_use_pc_kgoe,EG.USE.PCAP.KG.OE,174.04541210907
BGD,2008,energy_use_pc_kgoe,EG.USE.PCAP.KG.OE,180.593953454978
BGD,2009,energy_use_pc_kgoe,EG.USE.PCAP.KG.OE,187.6926023298
BGD,2010,energy_use_pc_kgoe,EG.USE.PCAP.KG.OE,195.623071252394
BGD,2011,energy_use_pc_kgoe,EG.USE.PCAP.KG.OE,200.332283493272
BGD,2012,energy_use_pc_kgoe,EG.USE.PCAP.KG.OE,208.079815841876
BGD,2013,energy_use_pc_kgoe,EG.USE.PCAP.KG.OE,216.73767037563
BGD,2014,energy_use_pc_kgoe,EG.USE.PCAP.KG.OE,223.001864414998
BGD,2015,energy_use_pc_kgoe,EG.USE.PCAP.KG.OE,237.200804521803
BGD,2016,energy_use_pc_kgoe,EG.USE.PCAP.KG.OE,256.237827701744
BGD,2017,energy_use_pc_kgoe,EG.USE.PCAP.KG.OE,264.090549017021
BGD,2018,energy_use_pc_kgoe,EG.USE.PCAP.KG.OE,261.271156644512
BGD,2019,energy_use_pc_kgoe,EG.USE.PCAP.KG.OE,277.950296654643
BGD,2020,energy_use_pc_kgoe,EG.USE.PCAP.KG.OE,278.638664578008
BGD,2021,energy_use_pc_kgoe,EG.USE.PCAP.KG.OE,298.53034978646
BGD,2022,energy_use_pc_kgoe,EG.USE.PCAP.KG.OE,308.276302614701
BGD,2023,energy_use_pc_kgoe,EG.USE.PCAP.KG.OE,287.753137358845
BRA,1990,energy_use_pc_kgoe,EG.USE.PCAP.KG.OE,942.317182249676
BRA,1991,energy_use_pc_kgoe,EG.USE.PCAP.KG.OE,943.263545697103
BRA,1992,energy_use_pc_kgoe,EG.USE.PCAP.KG.OE,937.431462820155
BRA,1993,energy_use_pc_kgoe,EG.USE.PCAP.KG.OE,945.489101780969
BRA,1994,energy_use_pc_kgoe,EG.USE.PCAP.KG.OE,980.074664998028
BRA,1995,energy_use_pc_kgoe,EG.USE.PCAP.KG.OE,998.777374735819
BRA,1996,energy_use_pc_kgoe,EG.USE.PCAP.KG.OE,1035.82555427523
BRA,1997,energy_use_pc_kgoe,EG.USE.PCAP.KG.OE,1072.29461426603
BRA,1998,energy_use_pc_kgoe,EG.USE.PCAP.KG.OE,1082.21810429873
BRA,1999,energy_use_pc_kgoe,EG.USE.PCAP.KG.OE,1091.29495874763
BRA,2000,energy_use_pc_kgoe,EG.USE.PCAP.KG.OE,1081.36193393467
BRA,2001,energy_use_pc_kgoe,EG.USE.PCAP.KG.OE,1086.99299318566
BRA,2002,energy_use_pc_kgoe,EG.USE.PCAP.KG.OE,1103.40127916211
BRA,2003,energy_use_pc_kgoe,EG.USE.PCAP.KG.OE,1107.9739157885
BRA,2004,energy_use_pc_kgoe,EG.USE.PCAP.KG.OE,1157.16905577095
BRA,2005,energy_use_pc_kgoe,EG.USE.PCAP.KG.OE,1173.71585743449
BRA,2006,energy_use_pc_kgoe,EG.USE.PCAP.KG.OE,1202.05933940304
BRA,2007,energy_use_pc_kgoe,EG.USE.PCAP.KG.OE,1259.91135986965
BRA,2008,energy_use_pc_kgoe,EG.USE.PCAP.KG.OE,1317.23578420454
BRA,2009,energy_use_pc_kgoe,EG.USE.PCAP.KG.OE,1262.10043812649
BRA,2010,energy_use_pc_kgoe,EG.USE.PCAP.KG.OE,1384.36896688389
BRA,2011,energy_use_pc_kgoe,EG.USE.PCAP.KG.OE,1390.00783643031
BRA,2012,energy_use_pc_kgoe,EG.USE.PCAP.KG.OE,1433.15306444735
BRA,2013,energy_use_pc_kgoe,EG.USE.PCAP.KG.OE,1487.45745839708
BRA,2014,energy_use_pc_kgoe,EG.USE.PCAP.KG.OE,1522.42189026812
BRA,2015,energy_use_pc_kgoe,EG.USE.PCAP.KG.OE,1482.02057858653
BRA,2016,energy_use_pc_kgoe,EG.USE.PCAP.KG.OE,1414.8979311951
BRA,2017,energy_use_pc_kgoe,EG.USE.PCAP.KG.OE,1431.95949698072
BRA,2018,energy_use_pc_kgoe,EG.USE.PCAP.KG.OE,1403.40232453429
BRA,2019,energy_use_pc_kgoe,EG.USE.PCAP.KG.OE,1415.83477031974
BRA,2020,energy_use_pc_kgoe,EG.USE.PCAP.KG.OE,1379.24649914162
BRA,2021,energy_use_pc_kgoe,EG.USE.PCAP.KG.OE,1430.3934661032
BRA,2022,energy_use_pc_kgoe,EG.USE.PCAP.KG.OE,1432.72741132919
BRA,2023,energy_use_pc_kgoe,EG.USE.PCAP.KG.OE,1481.22439922518
BRA,2024,energy_use_pc_kgoe,EG.USE.PCAP.KG.OE,1511.62383133688
CAN,1990,energy_use_pc_kgoe,EG.USE.PCAP.KG.OE,7641.54876651682
CAN,1991,energy_use_pc_kgoe,EG.USE.PCAP.KG.OE,7529.00297774185
CAN,1992,energy_use_pc_kgoe,EG.USE.PCAP.KG.OE,7616.97320016327
CAN,1993,energy_use_pc_kgoe,EG.USE.PCAP.KG.OE,7782.92897388185
CAN,1994,energy_use_pc_kgoe,EG.USE.PCAP.KG.OE,7971.05824834315
CAN,1995,energy_use_pc_kgoe,EG.USE.PCAP.KG.OE,7995.23710734235
CAN,1996,energy_use_pc_kgoe,EG.USE.PCAP.KG.OE,8070.95400503596
CAN,1997,energy_use_pc_kgoe,EG.USE.PCAP.KG.OE,8069.49923971315
CAN,1998,energy_use_pc_kgoe,EG.USE.PCAP.KG.OE,7963.20719845056
CAN,1999,energy_use_pc_kgoe,EG.USE.PCAP.KG.OE,8117.62871957032
CAN,2000,energy_use_pc_kgoe,EG.USE.PCAP.KG.OE,8224.74786425172
CAN,2001,energy_use_pc_kgoe,EG.USE.PCAP.KG.OE,8017.16666642228
CAN,2002,energy_use_pc_kgoe,EG.USE.PCAP.KG.OE,7943.44588697183
CAN,2003,energy_use_pc_kgoe,EG.USE.PCAP.KG.OE,8303.4318789013
CAN,2004,energy_use_pc_kgoe,EG.USE.PCAP.KG.OE,8371.02231862308
CAN,2005,energy_use_pc_kgoe,EG.USE.PCAP.KG.OE,8369.95929648006
CAN,2006,energy_use_pc_kgoe,EG.USE.PCAP.KG.OE,8427.44174185883
CAN,2007,energy_use_pc_kgoe,EG.USE.PCAP.KG.OE,8356.30636250042
CAN,2008,energy_use_pc_kgoe,EG.USE.PCAP.KG.OE,8098.35289361915
CAN,2009,energy_use_pc_kgoe,EG.USE.PCAP.KG.OE,7696.33407281264
CAN,2010,energy_use_pc_kgoe,EG.USE.PCAP.KG.OE,7660.75452103288
CAN,2011,energy_use_pc_kgoe,EG.USE.PCAP.KG.OE,7716.24822782698
CAN,2012,energy_use_pc_kgoe,EG.USE.PCAP.KG.OE,7637.78487245197
CAN,2013,energy_use_pc_kgoe,EG.USE.PCAP.KG.OE,7668.79466344868
CAN,2014,energy_use_pc_kgoe,EG.USE.PCAP.KG.OE,7780.1475931021
CAN,2015,energy_use_pc_kgoe,EG.USE.PCAP.KG.OE,7690.40816617685
CAN,2016,energy_use_pc_kgoe,EG.USE.PCAP.KG.OE,7944.50789345873
CAN,2017,energy_use_pc_kgoe,EG.USE.PCAP.KG.OE,8175.19037647623
CAN,2018,energy_use_pc_kgoe,EG.USE.PCAP.KG.OE,8161.77967501099
CAN,2019,energy_use_pc_kgoe,EG.USE.PCAP.KG.OE,8125.58121311618
CAN,2020,energy_use_pc_kgoe,EG.USE.PCAP.KG.OE,7495.07932297849
CAN,2021,energy_use_pc_kgoe,EG.USE.PCAP.KG.OE,7524.86361233157
CAN,2022,energy_use_pc_kgoe,EG.USE.PCAP.KG.OE,7578.02093601237
CAN,2023,energy_use_pc_kgoe,EG.USE.PCAP.KG.OE,7336.06703531427
CAN,2024,energy_use_pc_kgoe,EG.USE.PCAP.KG.OE,7156.1150442459
CHE,1990,energy_use_pc_kgoe,EG.USE.PCAP.KG.OE,3617.21670838019
CHE,1991,energy_use_pc_kgoe,EG.USE.PCAP.KG.OE,3623.74654312174
CHE,1992,energy_use_pc_kgoe,EG.USE.PCAP.KG.OE,3606.20840062565
CHE,1993,energy_use_pc_kgoe,EG.USE.PCAP.KG.OE,3479.20943929761
CHE,1994,energy_use_pc_kgoe,EG.USE.PCAP.KG.OE,3482.93560412511
CHE,1995,energy_use_pc_kgoe,EG.USE.PCAP.KG.OE,3405.68478072749
CHE,1996,energy_use_pc_kgoe,EG.USE.PCAP.KG.OE,3459.89061670209
CHE,1997,energy_use_pc_kgoe,EG.USE.PCAP.KG.OE,3513.12639714122
CHE,1998,energy_use_pc_kgoe,EG.USE.PCAP.KG.OE,3544.34495422887
CHE,1999,energy_use_pc_kgoe,EG.USE.PCAP.KG.OE,3533.47941266544
CHE,2000,energy_use_pc_kgoe,EG.USE.PCAP.KG.OE,3466.50613217002
CHE,2001,energy_use_pc_kgoe,EG.USE.PCAP.KG.OE,3658.06649907658
CHE,2002,energy_use_pc_kgoe,EG.USE.PCAP.KG.OE,3537.53750331779
CHE,2003,energy_use_pc_kgoe,EG.USE.PCAP.KG.OE,3524.60535957512
CHE,2004,energy_use_pc_kgoe,EG.USE.PCAP.KG.OE,3513.04226751483
CHE,2005,energy_use_pc_kgoe,EG.USE.PCAP.KG.OE,3469.41664326823
CHE,2006,energy_use_pc_kgoe,EG.USE.PCAP.KG.OE,3600.20599088199
CHE,2007,energy_use_pc_kgoe,EG.USE.PCAP.KG.OE,3391.3409304186
CHE,2008,energy_use_pc_kgoe,EG.USE.PCAP.KG.OE,3480.20255913467
CHE,2009,energy_use_pc_kgoe,EG.USE.PCAP.KG.OE,3460.61144395548
CHE,2010,energy_use_pc_kgoe,EG.USE.PCAP.KG.OE,3323.41218501892
CHE,2011,energy_use_pc_kgoe,EG.USE.PCAP.KG.OE,3181.06687778874
CHE,2012,energy_use_pc_kgoe,EG.USE.PCAP.KG.OE,3175.97090168674
CHE,2013,energy_use_pc_kgoe,EG.USE.PCAP.KG.OE,3274.49948136129
CHE,2014,energy_use_pc_kgoe,EG.USE.PCAP.KG.OE,3031.17447656808
CHE,2015,energy_use_pc_kgoe,EG.USE.PCAP.KG.OE,2927.96015319396
CHE,2016,energy_use_pc_kgoe,EG.USE.PCAP.KG.OE,2819.83095943189
CHE,2017,energy_use_pc_kgoe,EG.USE.PCAP.KG.OE,2809.47945669194
CHE,2018,energy_use_pc_kgoe,EG.USE.PCAP.KG.OE,2806.4991558403
CHE,2019,energy_use_pc_kgoe,EG.USE.PCAP.KG.OE,2857.15819180217
CHE,2020,energy_use_pc_kgoe,EG.USE.PCAP.KG.OE,2690.39023280182
CHE,2021,energy_use_pc_kgoe,EG.USE.PCAP.KG.OE,2619.80556120156
CHE,2022,energy_use_pc_kgoe,EG.USE.PCAP.KG.OE,2591.92141040481
CHE,2023,energy_use_pc_kgoe,EG.USE.PCAP.KG.OE,2511.37154209497
CHE,2024,energy_use_pc_kgoe,EG.USE.PCAP.KG.OE,2491.51225467078
CHL,1990,energy_use_pc_kgoe,EG.USE.PCAP.KG.OE,1042.63924696805
CHL,1991,energy_use_pc_kgoe,EG.USE.PCAP.KG.OE,1048.54685125944
CHL,1992,energy_use_pc_kgoe,EG.USE.PCAP.KG.OE,1115.74449791436
CHL,1993,energy_use_pc_kgoe,EG.USE.PCAP.KG.OE,1125.82760632048
CHL,1994,energy_use_pc_kgoe,EG.USE.PCAP.KG.OE,1192.35792309529
CHL,1995,energy_use_pc_kgoe,EG.USE.PCAP.KG.OE,1262.61937956632
CHL,1996,energy_use_pc_kgoe,EG.USE.PCAP.KG.OE,1378.90684276783
CHL,1997,energy_use_pc_kgoe,EG.USE.PCAP.KG.OE,1523.53564987188
CHL,1998,energy_use_pc_kgoe,EG.USE.PCAP.KG.OE,1557.21131062443
CHL,1999,energy_use_pc_kgoe,EG.USE.PCAP.KG.OE,1633.86338932833
CHL,2000,energy_use_pc_kgoe,EG.USE.PCAP.KG.OE,1623.48012689232
CHL,2001,energy_use_pc_kgoe,EG.USE.PCAP.KG.OE,1574.84475911504
CHL,2002,energy_use_pc_kgoe,EG.USE.PCAP.KG.OE,1612.43130205148
CHL,2003,energy_use_pc_kgoe,EG.USE.PCAP.KG.OE,1612.22953620512
CHL,2004,energy_use_pc_kgoe,EG.USE.PCAP.KG.OE,1699.73240740445
CHL,2005,energy_use_pc_kgoe,EG.USE.PCAP.KG.OE,1735.08874376693
CHL,2006,energy_use_pc_kgoe,EG.USE.PCAP.KG.OE,1788.47442583539
CHL,2007,energy_use_pc_kgoe,EG.USE.PCAP.KG.OE,1836.95620548021
CHL,2008,energy_use_pc_kgoe,EG.USE.PCAP.KG.OE,1801.2828820239
CHL,2009,energy_use_pc_kgoe,EG.USE.PCAP.KG.OE,1735.83895157902
CHL,2010,energy_use_pc_kgoe,EG.USE.PCAP.KG.OE,1795.6817303266
CHL,2011,energy_use_pc_kgoe,EG.USE.PCAP.KG.OE,1937.32339633854
CHL,2012,energy_use_pc_kgoe,EG.USE.PCAP.KG.OE,2123.49178972428
CHL,2013,energy_use_pc_kgoe,EG.USE.PCAP.KG.OE,2177.50491871487
CHL,2014,energy_use_pc_kgoe,EG.USE.PCAP.KG.OE,1946.21181666587
CHL,2015,energy_use_pc_kgoe,EG.USE.PCAP.KG.OE,1968.30286182049
CHL,2016,energy_use_pc_kgoe,EG.USE.PCAP.KG.OE,2070.46958170364
CHL,2017,energy_use_pc_kgoe,EG.USE.PCAP.KG.OE,2065.97571745805
CHL,2018,energy_use_pc_kgoe,EG.USE.PCAP.KG.OE,2067.9764736837
CHL,2019,energy_use_pc_kgoe,EG.USE.PCAP.KG.OE,2154.35451877758
CHL,2020,energy_use_pc_kgoe,EG.USE.PCAP.KG.OE,1946.16760616995
CHL,2021,energy_use_pc_kgoe,EG.USE.PCAP.KG.OE,2032.98120427379
CHL,2022,energy_use_pc_kgoe,EG.USE.PCAP.KG.OE,2081.99751245711
CHL,2023,energy_use_pc_kgoe,EG.USE.PCAP.KG.OE,2059.27616196845
CHL,2024,energy_use_pc_kgoe,EG.USE.PCAP.KG.OE,2029.03299532593
CHN,1990,energy_use_pc_kgoe,EG.USE.PCAP.KG.OE,773.250116673841
CHN,1991,energy_use_pc_kgoe,EG.USE.PCAP.KG.OE,740.586120549437
CHN,1992,energy_use_pc_kgoe,EG.USE.PCAP.KG.OE,756.63514647117
CHN,1993,energy_use_pc_kgoe,EG.USE.PCAP.KG.OE,792.633509359554
CHN,1994,energy_use_pc_kgoe,EG.USE.PCAP.KG.OE,821.273750333988
CHN,1995,energy_use_pc_kgoe,EG.USE.PCAP.KG.OE,872.82633002387
CHN,1996,energy_use_pc_kgoe,EG.USE.PCAP.KG.OE,884.894160616361
CHN,1997,energy_use_pc_kgoe,EG.USE.PCAP.KG.OE,876.489344673065
CHN,1998,energy_use_pc_kgoe,EG.USE.PCAP.KG.OE,872.405987083978
CHN,1999,energy_use_pc_kgoe,EG.USE.PCAP.KG.OE,880.738578841902
CHN,2000,energy_use_pc_kgoe,EG.USE.PCAP.KG.OE,898.07500446721
CHN,2001,energy_use_pc_kgoe,EG.USE.PCAP.KG.OE,921.506436459842
CHN,2002,energy_use_pc_kgoe,EG.USE.PCAP.KG.OE,976.159336791292
CHN,2003,energy_use_pc_kgoe,EG.USE.PCAP.KG.OE,1105.13742396493
CHN,2004,energy_use_pc_kgoe,EG.USE.PCAP.KG.OE,1249.04415339994
CHN,2005,energy_use_pc_kgoe,EG.USE.PCAP.KG.OE,1369.79197119649
CHN,2006,energy_use_pc_kgoe,EG.USE.PCAP.KG.OE,1490.18647938836
CHN,2007,energy_use_pc_kgoe,EG.USE.PCAP.KG.OE,1595.46606847798
CHN,2008,energy_use_pc_kgoe,EG.USE.PCAP.KG.OE,1629.97754209383
CHN,2009,energy_use_pc_kgoe,EG.USE.PCAP.KG.OE,1728.61645229501
CHN,2010,energy_use_pc_kgoe,EG.USE.PCAP.KG.OE,1899.79996108685
CHN,2011,energy_use_pc_kgoe,EG.USE.PCAP.KG.OE,2027.46525356855
CHN,2012,energy_use_pc_kgoe,EG.USE.PCAP.KG.OE,2085.21872095825
CHN,2013,energy_use_pc_kgoe,EG.USE.PCAP.KG.OE,2137.32572690907
CHN,2014,energy_use_pc_kgoe,EG.USE.PCAP.KG.OE,2177.55011435267
CHN,2015,energy_use_pc_kgoe,EG.USE.PCAP.KG.OE,2175.1544486832
CHN,2016,energy_use_pc_kgoe,EG.USE.PCAP.KG.OE,2149.2047500244
CHN,2017,energy_use_pc_kgoe,EG.USE.PCAP.KG.OE,2215.91139022057
CHN,2018,energy_use_pc_kgoe,EG.USE.PCAP.KG.OE,2310.87757050979
CHN,2019,energy_use_pc_kgoe,EG.USE.PCAP.KG.OE,2397.96868908473
CHN,2020,energy_use_pc_kgoe,EG.USE.PCAP.KG.OE,2465.96954605987
CHN,2021,energy_use_pc_kgoe,EG.USE.PCAP.KG.OE,2623.79959356116
CHN,2022,energy_use_pc_kgoe,EG.USE.PCAP.KG.OE,2676.48200976111
CHN,2023,energy_use_pc_kgoe,EG.USE.PCAP.KG.OE,2850.94152906511
COL,1990,energy_use_pc_kgoe,EG.USE.PCAP.KG.OE,758.594011470617
COL,1991,energy_use_pc_kgoe,EG.USE.PCAP.KG.OE,751.902938320027
COL,1992,energy_use_pc_kgoe,EG.USE.PCAP.KG.OE,764.278377977952
COL,1993,energy_use_pc_kgoe,EG.USE.PCAP.KG.OE,780.625826171299
COL,1994,energy_use_pc_kgoe,EG.USE.PCAP.KG.OE,798.193720343948
COL,1995,energy_use_pc_kgoe,EG.USE.PCAP.KG.OE,794.967097625038
COL,1996,energy_use_pc_kgoe,EG.USE.PCAP.KG.OE,797.74746750655
COL,1997,energy_use_pc_kgoe,EG.USE.PCAP.KG.OE,762.008712622099
COL,1998,energy_use_pc_kgoe,EG.USE.PCAP.KG.OE,773.108534647068
COL,1999,energy_use_pc_kgoe,EG.USE.PCAP.KG.OE,684.04515970986
COL,2000,energy_use_pc_kgoe,EG.USE.PCAP.KG.OE,674.789373014303
COL,2001,energy_use_pc_kgoe,EG.USE.PCAP.KG.OE,663.457783116269
COL,2002,energy_use_pc_kgoe,EG.USE.PCAP.KG.OE,640.534397467261
COL,2003,energy_use_pc_kgoe,EG.USE.PCAP.KG.OE,644.213790055096
COL,2004,energy_use_pc_kgoe,EG.USE.PCAP.KG.OE,638.256874604387
COL,2005,energy_use_pc_kgoe,EG.USE.PCAP.KG.OE,659.017512793074
COL,2006,energy_use_pc_kgoe,EG.USE.PCAP.KG.OE,685.39143164947
COL,2007,energy_use_pc_kgoe,EG.USE.PCAP.KG.OE,671.974010763536
COL,2008,energy_use_pc_kgoe,EG.USE.PCAP.KG.OE,698.498635069449
COL,2009,energy_use_pc_kgoe,EG.USE.PCAP.KG.OE,721.723799554454
COL,2010,energy_use_pc_kgoe,EG.USE.PCAP.KG.OE,708.462118919431
COL,2011,energy_use_pc_kgoe,EG.USE.PCAP.KG.OE,718.539125799809
COL,2012,energy_use_pc_kgoe,EG.USE.PCAP.KG.OE,690.223937074854
COL,2013,energy_use_pc_kgoe,EG.USE.PCAP.KG.OE,890.995033650514
COL,2014,energy_use_pc_kgoe,EG.USE.PCAP.KG.OE,896.819737976178
COL,2015,energy_use_pc_kgoe,EG.USE.PCAP.KG.OE,899.746405476032
COL,2016,energy_use_pc_kgoe,EG.USE.PCAP.KG.OE,923.380646133256
COL,2017,energy_use_pc_kgoe,EG.USE.PCAP.KG.OE,870.764598847956
COL,2018,energy_use_pc_kgoe,EG.USE.PCAP.KG.OE,829.434495650998
COL,2019,energy_use_pc_kgoe,EG.USE.PCAP.KG.OE,899.552647463233
COL,2020,energy_use_pc_kgoe,EG.USE.PCAP.KG.OE,814.027717297433
COL,2021,energy_use_pc_kgoe,EG.USE.PCAP.KG.OE,880.466204307389
COL,2022,energy_use_pc_kgoe,EG.USE.PCAP.KG.OE,863.76322070814
COL,2023,energy_use_pc_kgoe,EG.USE.PCAP.KG.OE,872.633394703758
COL,2024,energy_use_pc_kgoe,EG.USE.PCAP.KG.OE,840.642725844963
CZE,1990,energy_use_pc_kgoe,EG.USE.PCAP.KG.OE,4819.65584902188
CZE,1991,energy_use_pc_kgoe,EG.USE.PCAP.KG.OE,4387.26367444601
CZE,1992,energy_use_pc_kgoe,EG.USE.PCAP.KG.OE,4268.64538718391
CZE,1993,energy_use_pc_kgoe,EG.USE.PCAP.KG.OE,4130.59833806784
CZE,1994,energy_use_pc_kgoe,EG.USE.PCAP.KG.OE,3986.81722728547
CZE,1995,energy_use_pc_kgoe,EG.USE.PCAP.KG.OE,4042.6111862471
CZE,1996,energy_use_pc_kgoe,EG.USE.PCAP.KG.OE,4173.39126046219
CZE,1997,energy_use_pc_kgoe,EG.USE.PCAP.KG.OE,4210.18489983704
CZE,1998,energy_use_pc_kgoe,EG.USE.PCAP.KG.OE,4077.81993207968
CZE,1999,energy_use_pc_kgoe,EG.USE.PCAP.KG.OE,3809.01218474787
CZE,2000,energy_use_pc_kgoe,EG.USE.PCAP.KG.OE,4021.61848184496
CZE,2001,energy_use_pc_kgoe,EG.USE.PCAP.KG.OE,4141.00267465915
CZE,2002,energy_use_pc_kgoe,EG.USE.PCAP.KG.OE,4201.38475973945
CZE,2003,energy_use_pc_kgoe,EG.USE.PCAP.KG.OE,4387.20916861071
CZE,2004,energy_use_pc_kgoe,EG.USE.PCAP.KG.OE,4486.66998957412
CZE,2005,energy_use_pc_kgoe,EG.USE.PCAP.KG.OE,4431.36895897075
CZE,2006,energy_use_pc_kgoe,EG.USE.PCAP.KG.OE,4519.45697588637
CZE,2007,energy_use_pc_kgoe,EG.USE.PCAP.KG.OE,4485.47979116894
CZE,2008,energy_use_pc_kgoe,EG.USE.PCAP.KG.OE,4360.02770432797
CZE,2009,energy_use_pc_kgoe,EG.USE.PCAP.KG.OE,4077.69663054804
CZE,2010,energy_use_pc_kgoe,EG.USE.PCAP.KG.OE,4308.57118358445
CZE,2011,energy_use_pc_kgoe,EG.USE.PCAP.KG.OE,4144.39895277279
CZE,2012,energy_use_pc_kgoe,EG.USE.PCAP.KG.OE,4109.54462324211
CZE,2013,energy_use_pc_kgoe,EG.USE.PCAP.KG.OE,4110.99172821634
CZE,2014,energy_use_pc_kgoe,EG.USE.PCAP.KG.OE,3984.15406100189
CZE,2015,energy_use_pc_kgoe,EG.USE.PCAP.KG.OE,3982.18836315647
CZE,2016,energy_use_pc_kgoe,EG.USE.PCAP.KG.OE,3927.72515918366
CZE,2017,energy_use_pc_kgoe,EG.USE.PCAP.KG.OE,4089.51341285553
CZE,2018,energy_use_pc_kgoe,EG.USE.PCAP.KG.OE,4081.41868670154
CZE,2019,energy_use_pc_kgoe,EG.USE.PCAP.KG.OE,4002.2461173426
CZE,2020,energy_use_pc_kgoe,EG.USE.PCAP.KG.OE,3764.47161158552
CZE,2021,energy_use_pc_kgoe,EG.USE.PCAP.KG.OE,4056.31700066788
CZE,2022,energy_use_pc_kgoe,EG.USE.PCAP.KG.OE,3895.62928915395
CZE,2023,energy_use_pc_kgoe,EG.USE.PCAP.KG.OE,3509.34804885656
CZE,2024,energy_use_pc_kgoe,EG.USE.PCAP.KG.OE,3416.31765167586
DEU,1990,energy_use_pc_kgoe,EG.USE.PCAP.KG.OE,4421.75298411525
DEU,1991,energy_use_pc_kgoe,EG.USE.PCAP.KG.OE,4303.21110441046
DEU,1992,energy_use_pc_kgoe,EG.USE.PCAP.KG.OE,4191.07717344268
DEU,1993,energy_use_pc_kgoe,EG.USE.PCAP.KG.OE,4123.06429325007
DEU,1994,energy_use_pc_kgoe,EG.USE.PCAP.KG.OE,4089.20711052609
DEU,1995,energy_use_pc_kgoe,EG.USE.PCAP.KG.OE,4119.89234314538
DEU,1996,energy_use_pc_kgoe,EG.USE.PCAP.KG.OE,4247.28041587343
DEU,1997,energy_use_pc_kgoe,EG.USE.PCAP.KG.OE,4203.57228180046
DEU,1998,energy_use_pc_kgoe,EG.USE.PCAP.KG.OE,4177.53862595182
DEU,1999,energy_use_pc_kgoe,EG.USE.PCAP.KG.OE,4080.1161545149
DEU,2000,energy_use_pc_kgoe,EG.USE.PCAP.KG.OE,4094.27901518469
DEU,2001,energy_use_pc_kgoe,EG.USE.PCAP.KG.OE,4210.00080103251
DEU,2002,energy_use_pc_kgoe,EG.USE.PCAP.KG.OE,4108.61729515583
DEU,2003,energy_use_pc_kgoe,EG.USE.PCAP.KG.OE,4096.47794323132
DEU,2004,energy_use_pc_kgoe,EG.USE.PCAP.KG.OE,4131.61083697
DEU,2005,energy_use_pc_kgoe,EG.USE.PCAP.KG.OE,4109.8805864045
DEU,2006,energy_use_pc_kgoe,EG.USE.PCAP.KG.OE,4235.93876578004
DEU,2007,energy_use_pc_kgoe,EG.USE.PCAP.KG.OE,4023.73935857078
DEU,2008,energy_use_pc_kgoe,EG.USE.PCAP.KG.OE,4081.87998694017
DEU,2009,energy_use_pc_kgoe,EG.USE.PCAP.KG.OE,3821.62500577239
DEU,2010,energy_use_pc_kgoe,EG.USE.PCAP.KG.OE,4029.83085754355
DEU,2011,energy_use_pc_kgoe,EG.USE.PCAP.KG.OE,3891.87175356307
DEU,2012,energy_use_pc_kgoe,EG.USE.PCAP.KG.OE,3913.43920397127
DEU,2013,energy_use_pc_kgoe,EG.USE.PCAP.KG.OE,3986.18505186393
DEU,2014,energy_use_pc_kgoe,EG.USE.PCAP.KG.OE,3794.44720253102
DEU,2015,energy_use_pc_kgoe,EG.USE.PCAP.KG.OE,3780.85027551891
DEU,2016,energy_use_pc_kgoe,EG.USE.PCAP.KG.OE,3765.21799936242
DEU,2017,energy_use_pc_kgoe,EG.USE.PCAP.KG.OE,3763.19404182465
DEU,2018,energy_use_pc_kgoe,EG.USE.PCAP.KG.OE,3659.22924485198
DEU,2019,energy_use_pc_kgoe,EG.USE.PCAP.KG.OE,3570.88159282488
DEU,2020,energy_use_pc_kgoe,EG.USE.PCAP.KG.OE,3349.19931383762
DEU,2021,energy_use_pc_kgoe,EG.USE.PCAP.KG.OE,3467.03057027911
DEU,2022,energy_use_pc_kgoe,EG.USE.PCAP.KG.OE,3261.8564081995
DEU,2023,energy_use_pc_kgoe,EG.USE.PCAP.KG.OE,2928.19658713867
DEU,2024,energy_use_pc_kgoe,EG.USE.PCAP.KG.OE,2824.59006117053
DNK,1990,energy_use_pc_kgoe,EG.USE.PCAP.KG.OE,3375.49333145812
DNK,1991,energy_use_pc_kgoe,EG.USE.PCAP.KG.OE,3735.64154144855
DNK,1992,energy_use_pc_kgoe,EG.USE.PCAP.KG.OE,3562.82145818303
DNK,1993,energy_use_pc_kgoe,EG.USE.PCAP.KG.OE,3646.52089759252
DNK,1994,energy_use_pc_kgoe,EG.USE.PCAP.KG.OE,3761.11016678955
DNK,1995,energy_use_pc_kgoe,EG.USE.PCAP.KG.OE,3707.41092964335
DNK,1996,energy_use_pc_kgoe,EG.USE.PCAP.KG.OE,4172.12941575212
DNK,1997,energy_use_pc_kgoe,EG.USE.PCAP.KG.OE,3849.84990295516
DNK,1998,energy_use_pc_kgoe,EG.USE.PCAP.KG.OE,3773.46075884024
DNK,1999,energy_use_pc_kgoe,EG.USE.PCAP.KG.OE,3604.16901055628
DNK,2000,energy_use_pc_kgoe,EG.USE.PCAP.KG.OE,3491.17168608231
DNK,2001,energy_use_pc_kgoe,EG.USE.PCAP.KG.OE,3586.44822949877
DNK,2002,energy_use_pc_kgoe,EG.USE.PCAP.KG.OE,3536.23974586372
DNK,2003,energy_use_pc_kgoe,EG.USE.PCAP.KG.OE,3729.38314390985
DNK,2004,energy_use_pc_kgoe,EG.USE.PCAP.KG.OE,3598.35312921664
DNK,2005,energy_use_pc_kgoe,EG.USE.PCAP.KG.OE,3484.59359006274
DNK,2006,energy_use_pc_kgoe,EG.USE.PCAP.KG.OE,3729.69717999863
DNK,2007,energy_use_pc_kgoe,EG.USE.PCAP.KG.OE,3626.53224599977
DNK,2008,energy_use_pc_kgoe,EG.USE.PCAP.KG.OE,3502.69455323849
DNK,2009,energy_use_pc_kgoe,EG.USE.PCAP.KG.OE,3359.26672454922
DNK,2010,energy_use_pc_kgoe,EG.USE.PCAP.KG.OE,3498.02225565498
DNK,2011,energy_use_pc_kgoe,EG.USE.PCAP.KG.OE,3218.55317400981
DNK,2012,energy_use_pc_kgoe,EG.USE.PCAP.KG.OE,3072.08722081193
DNK,2013,energy_use_pc_kgoe,EG.USE.PCAP.KG.OE,3075.55142847176
DNK,2014,energy_use_pc_kgoe,EG.USE.PCAP.KG.OE,2881.05250715935
DNK,2015,energy_use_pc_kgoe,EG.USE.PCAP.KG.OE,2847.9879109495
DNK,2016,energy_use_pc_kgoe,EG.USE.PCAP.KG.OE,2891.02688317679
DNK,2017,energy_use_pc_kgoe,EG.USE.PCAP.KG.OE,2896.57067618882
DNK,2018,energy_use_pc_kgoe,EG.USE.PCAP.KG.OE,2870.41628591658
DNK,2019,energy_use_pc_kgoe,EG.USE.PCAP.KG.OE,2757.24986480703
DNK,2020,energy_use_pc_kgoe,EG.USE.PCAP.KG.OE,2637.04300572344
DNK,2021,energy_use_pc_kgoe,EG.USE.PCAP.KG.OE,2756.12264765988
DNK,2022,energy_use_pc_kgoe,EG.USE.PCAP.KG.OE,2580.54319180783
DNK,2023,energy_use_pc_kgoe,EG.USE.PCAP.KG.OE,2482.85667093368
DNK,2024,energy_use_pc_kgoe,EG.USE.PCAP.KG.OE,2502.21881765196
EGY,1990,energy_use_pc_kgoe,EG.USE.PCAP.KG.OE,575.627816051793
EGY,1991,energy_use_pc_kgoe,EG.USE.PCAP.KG.OE,560.09244203582
EGY,1992,energy_use_pc_kgoe,EG.USE.PCAP.KG.OE,560.197168973292
EGY,1993,energy_use_pc_kgoe,EG.USE.PCAP.KG.OE,567.643027729985
EGY,1994,energy_use_pc_kgoe,EG.USE.PCAP.KG.OE,535.527088500906
EGY,1995,energy_use_pc_kgoe,EG.USE.PCAP.KG.OE,557.752927274638
EGY,1996,energy_use_pc_kgoe,EG.USE.PCAP.KG.OE,578.994921620111
EGY,1997,energy_use_pc_kgoe,EG.USE.PCAP.KG.OE,589.73786141318
EGY,1998,energy_use_pc_kgoe,EG.USE.PCAP.KG.OE,615.903471310701
EGY,1999,energy_use_pc_kgoe,EG.USE.PCAP.KG.OE,615.24506398418
EGY,2000,energy_use_pc_kgoe,EG.USE.PCAP.KG.OE,569.881356092312
EGY,2001,energy_use_pc_kgoe,EG.USE.PCAP.KG.OE,634.095104088458
EGY,2002,energy_use_pc_kgoe,EG.USE.PCAP.KG.OE,636.526193894253
EGY,2003,energy_use_pc_kgoe,EG.USE.PCAP.KG.OE,647.53985335306
EGY,2004,energy_use_pc_kgoe,EG.USE.PCAP.KG.OE,692.141360028845
EGY,2005,energy_use_pc_kgoe,EG.USE.PCAP.KG.OE,778.769640304157
EGY,2006,energy_use_pc_kgoe,EG.USE.PCAP.KG.OE,806.402489163819
EGY,2007,energy_use_pc_kgoe,EG.USE.PCAP.KG.OE,844.384421346476
EGY,2008,energy_use_pc_kgoe,EG.USE.PCAP.KG.OE,859.150259001023
EGY,2009,energy_use_pc_kgoe,EG.USE.PCAP.KG.OE,862.435116243687
EGY,2010,energy_use_pc_kgoe,EG.USE.PCAP.KG.OE,838.166707475228
EGY,2011,energy_use_pc_kgoe,EG.USE.PCAP.KG.OE,860.053119855617
EGY,2012,energy_use_pc_kgoe,EG.USE.PCAP.KG.OE,866.240866672303
EGY,2013,energy_use_pc_kgoe,EG.USE.PCAP.KG.OE,825.189960336054
EGY,2014,energy_use_pc_kgoe,EG.USE.PCAP.KG.OE,832.772090858109
EGY,2015,energy_use_pc_kgoe,EG.USE.PCAP.KG.OE,810.817127279737
EGY,2016,energy_use_pc_kgoe,EG.USE.PCAP.KG.OE,872.581407763809
EGY,2017,energy_use_pc_kgoe,EG.USE.PCAP.KG.OE,897.218073562482
EGY,2018,energy_use_pc_kgoe,EG.USE.PCAP.KG.OE,870.813573488394
EGY,2019,energy_use_pc_kgoe,EG.USE.PCAP.KG.OE,844.783013447093
EGY,2020,energy_use_pc_kgoe,EG.USE.PCAP.KG.OE,805.259456646637
EGY,2021,energy_use_pc_kgoe,EG.USE.PCAP.KG.OE,857.821938469275
EGY,2022,energy_use_pc_kgoe,EG.USE.PCAP.KG.OE,902.48842991302
EGY,2023,energy_use_pc_kgoe,EG.USE.PCAP.KG.OE,928.39494742708
ESP,1990,energy_use_pc_kgoe,EG.USE.PCAP.KG.OE,2317.97017574877
ESP,1991,energy_use_pc_kgoe,EG.USE.PCAP.KG.OE,2398.21804948706
ESP,1992,energy_use_pc_kgoe,EG.USE.PCAP.KG.OE,2430.88437246788
ESP,1993,energy_use_pc_kgoe,EG.USE.PCAP.KG.OE,2319.50158512719
ESP,1994,energy_use_pc_kgoe,EG.USE.PCAP.KG.OE,2435.94127282847
ESP,1995,energy_use_pc_kgoe,EG.USE.PCAP.KG.OE,2537.01654979213
ESP,1996,energy_use_pc_kgoe,EG.USE.PCAP.KG.OE,2489.29122824676
ESP,1997,energy_use_pc_kgoe,EG.USE.PCAP.KG.OE,2634.70993203434
ESP,1998,energy_use_pc_kgoe,EG.USE.PCAP.KG.OE,2756.25615027943
ESP,1999,energy_use_pc_kgoe,EG.USE.PCAP.KG.OE,2878.01236592727
ESP,2000,energy_use_pc_kgoe,EG.USE.PCAP.KG.OE,2991.49306471374
ESP,2001,energy_use_pc_kgoe,EG.USE.PCAP.KG.OE,3048.84384472463
ESP,2002,energy_use_pc_kgoe,EG.USE.PCAP.KG.OE,3095.99686843763
ESP,2003,energy_use_pc_kgoe,EG.USE.PCAP.KG.OE,3145.4023925367
ESP,2004,energy_use_pc_kgoe,EG.USE.PCAP.KG.OE,3226.28942874321
ESP,2005,energy_use_pc_kgoe,EG.USE.PCAP.KG.OE,3239.54436471806
ESP,2006,energy_use_pc_kgoe,EG.USE.PCAP.KG.OE,3190.72627710892
ESP,2007,energy_use_pc_kgoe,EG.USE.PCAP.KG.OE,3168.95970956596
ESP,2008,energy_use_pc_kgoe,EG.USE.PCAP.KG.OE,3015.00798974738
ESP,2009,energy_use_pc_kgoe,EG.USE.PCAP.KG.OE,2749.85548907362
ESP,2010,energy_use_pc_kgoe,EG.USE.PCAP.KG.OE,2735.18257337486
ESP,2011,energy_use_pc_kgoe,EG.USE.PCAP.KG.OE,2684.34318918947
ESP,2012,energy_use_pc_kgoe,EG.USE.PCAP.KG.OE,2677.18038552382
ESP,2013,energy_use_pc_kgoe,EG.USE.PCAP.KG.OE,2506.25540520067
ESP,2014,energy_use_pc_kgoe,EG.USE.PCAP.KG.OE,2458.57177736167
ESP,2015,energy_use_pc_kgoe,EG.USE.PCAP.KG.OE,2552.40125248088
ESP,2016,energy_use_pc_kgoe,EG.USE.PCAP.KG.OE,2563.00704379932
ESP,2017,energy_use_pc_kgoe,EG.USE.PCAP.KG.OE,2690.49733287835
ESP,2018,energy_use_pc_kgoe,EG.USE.PCAP.KG.OE,2666.26079715432
ESP,2019,energy_use_pc_kgoe,EG.USE.PCAP.KG.OE,2573.90442450746
ESP,2020,energy_use_pc_kgoe,EG.USE.PCAP.KG.OE,2303.51311623486
ESP,2021,energy_use_pc_kgoe,EG.USE.PCAP.KG.OE,2422.46704705393
ESP,2022,energy_use_pc_kgoe,EG.USE.PCAP.KG.OE,2408.92811488939
ESP,2023,energy_use_pc_kgoe,EG.USE.PCAP.KG.OE,2293.70814634203
ESP,2024,energy_use_pc_kgoe,EG.USE.PCAP.KG.OE,2303.6111637731
FIN,1990,energy_use_pc_kgoe,EG.USE.PCAP.KG.OE,5691.62343795639
FIN,1991,energy_use_pc_kgoe,EG.USE.PCAP.KG.OE,5742.82671829269
FIN,1992,energy_use_pc_kgoe,EG.USE.PCAP.KG.OE,5381.02847300418
FIN,1993,energy_use_pc_kgoe,EG.USE.PCAP.KG.OE,5617.27677077652
FIN,1994,energy_use_pc_kgoe,EG.USE.PCAP.KG.OE,5972.65301332318
FIN,1995,energy_use_pc_kgoe,EG.USE.PCAP.KG.OE,5662.00742267697
FIN,1996,energy_use_pc_kgoe,EG.USE.PCAP.KG.OE,6070.34663389252
FIN,1997,energy_use_pc_kgoe,EG.USE.PCAP.KG.OE,6277.08095861145
FIN,1998,energy_use_pc_kgoe,EG.USE.PCAP.KG.OE,6319.46583521513
FIN,1999,energy_use_pc_kgoe,EG.USE.PCAP.KG.OE,6284.09468261203
FIN,2000,energy_use_pc_kgoe,EG.USE.PCAP.KG.OE,6257.21912070832
FIN,2001,energy_use_pc_kgoe,EG.USE.PCAP.KG.OE,6405.85272256556
FIN,2002,energy_use_pc_kgoe,EG.USE.PCAP.KG.OE,6722.82613567459
FIN,2003,energy_use_pc_kgoe,EG.USE.PCAP.KG.OE,7072.1791412038
FIN,2004,energy_use_pc_kgoe,EG.USE.PCAP.KG.OE,7128.99567069435
FIN,2005,energy_use_pc_kgoe,EG.USE.PCAP.KG.OE,6555.77647291287
FIN,2006,energy_use_pc_kgoe,EG.USE.PCAP.KG.OE,7106.70978937984
FIN,2007,energy_use_pc_kgoe,EG.USE.PCAP.KG.OE,6968.91134494832
FIN,2008,energy_use_pc_kgoe,EG.USE.PCAP.KG.OE,6654.45363101075
FIN,2009,energy_use_pc_kgoe,EG.USE.PCAP.KG.OE,6255.05051638905
FIN,2010,energy_use_pc_kgoe,EG.USE.PCAP.KG.OE,6812.6019950935
FIN,2011,energy_use_pc_kgoe,EG.USE.PCAP.KG.OE,6522.93869318769
FIN,2012,energy_use_pc_kgoe,EG.USE.PCAP.KG.OE,6265.77228948066
FIN,2013,energy_use_pc_kgoe,EG.USE.PCAP.KG.OE,6138.31405576065
FIN,2014,energy_use_pc_kgoe,EG.USE.PCAP.KG.OE,6246.04153603753
FIN,2015,energy_use_pc_kgoe,EG.USE.PCAP.KG.OE,5921.59681653244
FIN,2016,energy_use_pc_kgoe,EG.USE.PCAP.KG.OE,6120.63301519281
FIN,2017,energy_use_pc_kgoe,EG.USE.PCAP.KG.OE,6070.15750826277
FIN,2018,energy_use_pc_kgoe,EG.USE.PCAP.KG.OE,6165.44402350648
FIN,2019,energy_use_pc_kgoe,EG.USE.PCAP.KG.OE,6024.65366583164
FIN,2020,energy_use_pc_kgoe,EG.USE.PCAP.KG.OE,5739.2544528356
FIN,2021,energy_use_pc_kgoe,EG.USE.PCAP.KG.OE,5996.8929932427
FIN,2022,energy_use_pc_kgoe,EG.USE.PCAP.KG.OE,5683.95102157914
FIN,2023,energy_use_pc_kgoe,EG.USE.PCAP.KG.OE,5866.65173975112
FIN,2024,energy_use_pc_kgoe,EG.USE.PCAP.KG.OE,5613.99170800082
FRA,1990,energy_use_pc_kgoe,EG.USE.PCAP.KG.OE,3840.29284408953
FRA,1991,energy_use_pc_kgoe,EG.USE.PCAP.KG.OE,4038.65106657847
FRA,1992,energy_use_pc_kgoe,EG.USE.PCAP.KG.OE,3949.27198438536
FRA,1993,energy_use_pc_kgoe,EG.USE.PCAP.KG.OE,3997.18558148783
FRA,1994,energy_use_pc_kgoe,EG.USE.PCAP.KG.OE,3831.06683360221
FRA,1995,energy_use_pc_kgoe,EG.USE.PCAP.KG.OE,3975.88904728611
FRA,1996,energy_use_pc_kgoe,EG.USE.PCAP.KG.OE,4186.80246709718
FRA,1997,energy_use_pc_kgoe,EG.USE.PCAP.KG.OE,4043.67394488538
FRA,1998,energy_use_pc_kgoe,EG.USE.PCAP.KG.OE,4146.55454542881
FRA,1999,energy_use_pc_kgoe,EG.USE.PCAP.KG.OE,4117.93049493822
FRA,2000,energy_use_pc_kgoe,EG.USE.PCAP.KG.OE,4130.17270058081
FRA,2001,energy_use_pc_kgoe,EG.USE.PCAP.KG.OE,4240.43326978854
FRA,2002,energy_use_pc_kgoe,EG.USE.PCAP.KG.OE,4220.32024855816
FRA,2003,energy_use_pc_kgoe,EG.USE.PCAP.KG.OE,4296.5464931216
FRA,2004,energy_use_pc_kgoe,EG.USE.PCAP.KG.OE,4327.20397302417
FRA,2005,energy_use_pc_kgoe,EG.USE.PCAP.KG.OE,4313.6963002429
FRA,2006,energy_use_pc_kgoe,EG.USE.PCAP.KG.OE,4214.29234630039
FRA,2007,energy_use_pc_kgoe,EG.USE.PCAP.KG.OE,4142.17819118209
FRA,2008,energy_use_pc_kgoe,EG.USE.PCAP.KG.OE,4137.71989985562
FRA,2009,energy_use_pc_kgoe,EG.USE.PCAP.KG.OE,3938.38637955439
FRA,2010,energy_use_pc_kgoe,EG.USE.PCAP.KG.OE,4040.43918739374
FRA,2011,energy_use_pc_kgoe,EG.USE.PCAP.KG.OE,3951.00450412595
FRA,2012,energy_use_pc_kgoe,EG.USE.PCAP.KG.OE,3929.20601557226
FRA,2013,energy_use_pc_kgoe,EG.USE.PCAP.KG.OE,3925.86545930191
FRA,2014,energy_use_pc_kgoe,EG.USE.PCAP.KG.OE,3755.83244171123
FRA,2015,energy_use_pc_kgoe,EG.USE.PCAP.KG.OE,3799.19260526718
FRA,2016,energy_use_pc_kgoe,EG.USE.PCAP.KG.OE,3718.17053401513
FRA,2017,energy_use_pc_kgoe,EG.USE.PCAP.KG.OE,3705.41111644137
FRA,2018,energy_use_pc_kgoe,EG.USE.PCAP.KG.OE,3669.37065950443
FRA,2019,energy_use_pc_kgoe,EG.USE.PCAP.KG.OE,3605.53190025511
FRA,2020,energy_use_pc_kgoe,EG.USE.PCAP.KG.OE,3228.48915727036
FRA,2021,energy_use_pc_kgoe,EG.USE.PCAP.KG.OE,3469.83398574773
FRA,2022,energy_use_pc_kgoe,EG.USE.PCAP.KG.OE,3100.1897815932
FRA,2023,energy_use_pc_kgoe,EG.USE.PCAP.KG.OE,3136.12237461475
FRA,2024,energy_use_pc_kgoe,EG.USE.PCAP.KG.OE,3184.7895085475
GBR,1990,energy_use_pc_kgoe,EG.USE.PCAP.KG.OE,3597.3010525851
GBR,1991,energy_use_pc_kgoe,EG.USE.PCAP.KG.OE,3707.89443811568
GBR,1992,energy_use_pc_kgoe,EG.USE.PCAP.KG.OE,3684.81144729003
GBR,1993,energy_use_pc_kgoe,EG.USE.PCAP.KG.OE,3713.443124142
GBR,1994,energy_use_pc_kgoe,EG.USE.PCAP.KG.OE,3733.80487842151
GBR,1995,energy_use_pc_kgoe,EG.USE.PCAP.KG.OE,3729.55293237334
GBR,1996,energy_use_pc_kgoe,EG.USE.PCAP.KG.OE,3880.31355582242
GBR,1997,energy_use_pc_kgoe,EG.USE.PCAP.KG.OE,3760.81073205794
GBR,1998,energy_use_pc_kgoe,EG.USE.PCAP.KG.OE,3787.50885825831
GBR,1999,energy_use_pc_kgoe,EG.USE.PCAP.KG.OE,3784.31837908023
GBR,2000,energy_use_pc_kgoe,EG.USE.PCAP.KG.OE,3786.40281086309
GBR,2001,energy_use_pc_kgoe,EG.USE.PCAP.KG.OE,3785.6601241847
GBR,2002,energy_use_pc_kgoe,EG.USE.PCAP.KG.OE,3716.62337347063
GBR,2003,energy_use_pc_kgoe,EG.USE.PCAP.KG.OE,3764.06191688174
GBR,2004,energy_use_pc_kgoe,EG.USE.PCAP.KG.OE,3697.50381825103
GBR,2005,energy_use_pc_kgoe,EG.USE.PCAP.KG.OE,3689.55051742336
GBR,2006,energy_use_pc_kgoe,EG.USE.PCAP.KG.OE,3601.05090812166
GBR,2007,energy_use_pc_kgoe,EG.USE.PCAP.KG.OE,3443.58715993443
GBR,2008,energy_use_pc_kgoe,EG.USE.PCAP.KG.OE,3370.1581117517
GBR,2009,energy_use_pc_kgoe,EG.USE.PCAP.KG.OE,3144.00201324492
GBR,2010,energy_use_pc_kgoe,EG.USE.PCAP.KG.OE,3235.05383786127
GBR,2011,energy_use_pc_kgoe,EG.USE.PCAP.KG.OE,2973.83120573757
GBR,2012,energy_use_pc_kgoe,EG.USE.PCAP.KG.OE,3028.77223348044
GBR,2013,energy_use_pc_kgoe,EG.USE.PCAP.KG.OE,2962.29760006424
GBR,2014,energy_use_pc_kgoe,EG.USE.PCAP.KG.OE,2767.96188412765
GBR,2015,energy_use_pc_kgoe,EG.USE.PCAP.KG.OE,2774.79682774608
GBR,2016,energy_use_pc_kgoe,EG.USE.PCAP.KG.OE,2696.97999020896
GBR,2017,energy_use_pc_kgoe,EG.USE.PCAP.KG.OE,2658.99577329303
GBR,2018,energy_use_pc_kgoe,EG.USE.PCAP.KG.OE,2632.15067210726
GBR,2019,energy_use_pc_kgoe,EG.USE.PCAP.KG.OE,2515.97344619501
GBR,2020,energy_use_pc_kgoe,EG.USE.PCAP.KG.OE,2317.4085386833
GBR,2021,energy_use_pc_kgoe,EG.USE.PCAP.KG.OE,2377.26368887082
GBR,2022,energy_use_pc_kgoe,EG.USE.PCAP.KG.OE,2254.36941582721
GBR,2023,energy_use_pc_kgoe,EG.USE.PCAP.KG.OE,2127.6084341819
GBR,2024,energy_use_pc_kgoe,EG.USE.PCAP.KG.OE,2071.02329531458
HKG,1990,energy_use_pc_kgoe,EG.USE.PCAP.KG.OE,1643.83924591339
HKG,1991,energy_use_pc_kgoe,EG.USE.PCAP.KG.OE,1703.23035254986
HKG,1992,energy_use_pc_kgoe,EG.USE.PCAP.KG.OE,1994.28603038223
HKG,1993,energy_use_pc_kgoe,EG.USE.PCAP.KG.OE,1817.02187880225
HKG,1994,energy_use_pc_kgoe,EG.USE.PCAP.KG.OE,1856.80780329279
HKG,1995,energy_use_pc_kgoe,EG.USE.PCAP.KG.OE,1781.19266302718
HKG,1996,energy_use_pc_kgoe,EG.USE.PCAP.KG.OE,1697.25887154868
HKG,1997,energy_use_pc_kgoe,EG.USE.PCAP.KG.OE,1588.71002046421
HKG,1998,energy_use_pc_kgoe,EG.USE.PCAP.KG.OE,2006.21136133719
HKG,1999,energy_use_pc_kgoe,EG.USE.PCAP.KG.OE,2391.77782698951
HKG,2000,energy_use_pc_kgoe,EG.USE.PCAP.KG.OE,2121.26333389026
HKG,2001,energy_use_pc_kgoe,EG.USE.PCAP.KG.OE,2078.72020108504
HKG,2002,energy_use_pc_kgoe,EG.USE.PCAP.KG.OE,1934.25829611026
HKG,2003,energy_use_pc_kgoe,EG.USE.PCAP.KG.OE,2027.39386284231
HKG,2004,energy_use_pc_kgoe,EG.USE.PCAP.KG.OE,1823.00666629868
HKG,2005,energy_use_pc_kgoe,EG.USE.PCAP.KG.OE,1864.70663999897
HKG,2006,energy_use_pc_kgoe,EG.USE.PCAP.KG.OE,1899.44680195877
HKG,2007,energy_use_pc_kgoe,EG.USE.PCAP.KG.OE,2045.97032642374
HKG,2008,energy_use_pc_kgoe,EG.USE.PCAP.KG.OE,1985.30653602798
HKG,2009,energy_use_pc_kgoe,EG.USE.PCAP.KG.OE,2043.27170232303
HKG,2010,energy_use_pc_kgoe,EG.USE.PCAP.KG.OE,1922.62411959812
HKG,2011,energy_use_pc_kgoe,EG.USE.PCAP.KG.OE,2037.95845611292
HKG,2012,energy_use_pc_kgoe,EG.USE.PCAP.KG.OE,1944.99681879757
HKG,2013,energy_use_pc_kgoe,EG.USE.PCAP.KG.OE,1907.46340816256
HKG,2014,energy_use_pc_kgoe,EG.USE.PCAP.KG.OE,1904.11999210825
HKG,2015,energy_use_pc_kgoe,EG.USE.PCAP.KG.OE,2030.16882885741
HKG,2016,energy_use_pc_kgoe,EG.USE.PCAP.KG.OE,2081.70251975178
HKG,2017,energy_use_pc_kgoe,EG.USE.PCAP.KG.OE,1868.11658156736
HKG,2018,energy_use_pc_kgoe,EG.USE.PCAP.KG.OE,1896.46705774813
HKG,2019,energy_use_pc_kgoe,EG.USE.PCAP.KG.OE,1866.71307032154
HKG,2020,energy_use_pc_kgoe,EG.USE.PCAP.KG.OE,1647.66314081469
HKG,2021,energy_use_pc_kgoe,EG.USE.PCAP.KG.OE,1669.7851278249
HKG,2022,energy_use_pc_kgoe,EG.USE.PCAP.KG.OE,1565.08910052522
HKG,2023,energy_use_pc_kgoe,EG.USE.PCAP.KG.OE,1517.85567374711
IDN,1990,energy_use_pc_kgoe,EG.USE.PCAP.KG.OE,461.47874965682
IDN,1991,energy_use_pc_kgoe,EG.USE.PCAP.KG.OE,477.034665447769
IDN,1992,energy_use_pc_kgoe,EG.USE.PCAP.KG.OE,489.759547327284
IDN,1993,energy_use_pc_kgoe,EG.USE.PCAP.KG.OE,534.334769070592
IDN,1994,energy_use_pc_kgoe,EG.USE.PCAP.KG.OE,524.021858215958
IDN,1995,energy_use_pc_kgoe,EG.USE.PCAP.KG.OE,574.757187942779
IDN,1996,energy_use_pc_kgoe,EG.USE.PCAP.KG.OE,587.218752078902
IDN,1997,energy_use_pc_kgoe,EG.USE.PCAP.KG.OE,595.387791448216
IDN,1998,energy_use_pc_kgoe,EG.USE.PCAP.KG.OE,567.577817932084
IDN,1999,energy_use_pc_kgoe,EG.USE.PCAP.KG.OE,587.052743287001
IDN,2000,energy_use_pc_kgoe,EG.USE.PCAP.KG.OE,585.786495774263
IDN,2001,energy_use_pc_kgoe,EG.USE.PCAP.KG.OE,591.12494475388
IDN,2002,energy_use_pc_kgoe,EG.USE.PCAP.KG.OE,606.322305750967
IDN,2003,energy_use_pc_kgoe,EG.USE.PCAP.KG.OE,597.275615070065
IDN,2004,energy_use_pc_kgoe,EG.USE.PCAP.KG.OE,634.752388297531
IDN,2005,energy_use_pc_kgoe,EG.USE.PCAP.KG.OE,637.329758271386
IDN,2006,energy_use_pc_kgoe,EG.USE.PCAP.KG.OE,643.624656628862
IDN,2007,energy_use_pc_kgoe,EG.USE.PCAP.KG.OE,628.600516176574
IDN,2008,energy_use_pc_kgoe,EG.USE.PCAP.KG.OE,632.507070175417
IDN,2009,energy_use_pc_kgoe,EG.USE.PCAP.KG.OE,674.894542379565
IDN,2010,energy_use_pc_kgoe,EG.USE.PCAP.KG.OE,674.428442918075
IDN,2011,energy_use_pc_kgoe,EG.USE.PCAP.KG.OE,670.381187274325
IDN,2012,energy_use_pc_kgoe,EG.USE.PCAP.KG.OE,685.571308766816
IDN,2013,energy_use_pc_kgoe,EG.USE.PCAP.KG.OE,701.22584018312
IDN,2014,energy_use_pc_kgoe,EG.USE.PCAP.KG.OE,710.040590892745
IDN,2015,energy_use_pc_kgoe,EG.USE.PCAP.KG.OE,704.248178401597
IDN,2016,energy_use_pc_kgoe,EG.USE.PCAP.KG.OE,724.416482652765
IDN,2017,energy_use_pc_kgoe,EG.USE.PCAP.KG.OE,761.410391560642
IDN,2018,energy_use_pc_kgoe,EG.USE.PCAP.KG.OE,832.361861659109
IDN,2019,energy_use_pc_kgoe,EG.USE.PCAP.KG.OE,850.737725717128
IDN,2020,energy_use_pc_kgoe,EG.USE.PCAP.KG.OE,856.09619536168
IDN,2021,energy_use_pc_kgoe,EG.USE.PCAP.KG.OE,902.233603991512
IDN,2022,energy_use_pc_kgoe,EG.USE.PCAP.KG.OE,958.649355730549
IDN,2023,energy_use_pc_kgoe,EG.USE.PCAP.KG.OE,982.414925134717
IND,1990,energy_use_pc_kgoe,EG.USE.PCAP.KG.OE,323.595830731166
IND,1991,energy_use_pc_kgoe,EG.USE.PCAP.KG.OE,331.222087309417
IND,1992,energy_use_pc_kgoe,EG.USE.PCAP.KG.OE,336.206818642044
IND,1993,energy_use_pc_kgoe,EG.USE.PCAP.KG.OE,339.038033254784
IND,1994,energy_use_pc_kgoe,EG.USE.PCAP.KG.OE,347.806182247067
IND,1995,energy_use_pc_kgoe,EG.USE.PCAP.KG.OE,361.640673294246
IND,1996,energy_use_pc_kgoe,EG.USE.PCAP.KG.OE,367.704650910734
IND,1997,energy_use_pc_kgoe,EG.USE.PCAP.KG.OE,376.185592059812
IND,1998,energy_use_pc_kgoe,EG.USE.PCAP.KG.OE,378.300390670302
IND,1999,energy_use_pc_kgoe,EG.USE.PCAP.KG.OE,392.976731815711
IND,2000,energy_use_pc_kgoe,EG.USE.PCAP.KG.OE,394.916803104241
IND,2001,energy_use_pc_kgoe,EG.USE.PCAP.KG.OE,393.38088619861
IND,2002,energy_use_pc_kgoe,EG.USE.PCAP.KG.OE,397.344252941148
IND,2003,energy_use_pc_kgoe,EG.USE.PCAP.KG.OE,399.699897139001
IND,2004,energy_use_pc_kgoe,EG.USE.PCAP.KG.OE,415.47995649887
IND,2005,energy_use_pc_kgoe,EG.USE.PCAP.KG.OE,425.369642526643
IND,2006,energy_use_pc_kgoe,EG.USE.PCAP.KG.OE,441.785886693878
IND,2007,energy_use_pc_kgoe,EG.USE.PCAP.KG.OE,461.201738250187
IND,2008,energy_use_pc_kgoe,EG.USE.PCAP.KG.OE,481.553027437162
IND,2009,energy_use_pc_kgoe,EG.USE.PCAP.KG.OE,509.446000134302
IND,2010,energy_use_pc_kgoe,EG.USE.PCAP.KG.OE,531.86706609011
IND,2011,energy_use_pc_kgoe,EG.USE.PCAP.KG.OE,546.675890208969
IND,2012,energy_use_pc_kgoe,EG.USE.PCAP.KG.OE,572.133085479526
IND,2013,energy_use_pc_kgoe,EG.USE.PCAP.KG.OE,577.254621645988
IND,2014,energy_use_pc_kgoe,EG.USE.PCAP.KG.OE,610.165371779455
IND,2015,energy_use_pc_kgoe,EG.USE.PCAP.KG.OE,622.339883988149
IND,2016,energy_use_pc_kgoe,EG.USE.PCAP.KG.OE,627.273531026365
IND,2017,energy_use_pc_kgoe,EG.USE.PCAP.KG.OE,648.014718317903
IND,2018,energy_use_pc_kgoe,EG.USE.PCAP.KG.OE,668.303370218852
IND,2019,energy_use_pc_kgoe,EG.USE.PCAP.KG.OE,666.977347524506
IND,2020,energy_use_pc_kgoe,EG.USE.PCAP.KG.OE,632.239828540427
IND,2021,energy_use_pc_kgoe,EG.USE.PCAP.KG.OE,676.814293488143
IND,2022,energy_use_pc_kgoe,EG.USE.PCAP.KG.OE,727.902200094024
IND,2023,energy_use_pc_kgoe,EG.USE.PCAP.KG.OE,763.197899394641
IRL,1990,energy_use_pc_kgoe,EG.USE.PCAP.KG.OE,2820.54349821097
IRL,1991,energy_use_pc_kgoe,EG.USE.PCAP.KG.OE,2828.00013129952
IRL,1992,energy_use_pc_kgoe,EG.USE.PCAP.KG.OE,2775.3720955257
IRL,1993,energy_use_pc_kgoe,EG.USE.PCAP.KG.OE,2813.89487759353
IRL,1994,energy_use_pc_kgoe,EG.USE.PCAP.KG.OE,2941.7994253214
IRL,1995,energy_use_pc_kgoe,EG.USE.PCAP.KG.OE,2952.15018949796
IRL,1996,energy_use_pc_kgoe,EG.USE.PCAP.KG.OE,3122.61177987901
IRL,1997,energy_use_pc_kgoe,EG.USE.PCAP.KG.OE,3256.00582922267
IRL,1998,energy_use_pc_kgoe,EG.USE.PCAP.KG.OE,3417.93754858216
IRL,1999,energy_use_pc_kgoe,EG.USE.PCAP.KG.OE,3544.84050813586
IRL,2000,energy_use_pc_kgoe,EG.USE.PCAP.KG.OE,3627.38542635217
IRL,2001,energy_use_pc_kgoe,EG.USE.PCAP.KG.OE,3714.01794514649
IRL,2002,energy_use_pc_kgoe,EG.USE.PCAP.KG.OE,3663.16912074715
IRL,2003,energy_use_pc_kgoe,EG.USE.PCAP.KG.OE,3515.79431954715
IRL,2004,energy_use_pc_kgoe,EG.USE.PCAP.KG.OE,3558.69801147061
IRL,2005,energy_use_pc_kgoe,EG.USE.PCAP.KG.OE,3513.15701936975
IRL,2006,energy_use_pc_kgoe,EG.USE.PCAP.KG.OE,3433.690849782
IRL,2007,energy_use_pc_kgoe,EG.USE.PCAP.KG.OE,3407.88558886571
IRL,2008,energy_use_pc_kgoe,EG.USE.PCAP.KG.OE,3311.73521178354
IRL,2009,energy_use_pc_kgoe,EG.USE.PCAP.KG.OE,3173.7335600355
IRL,2010,energy_use_pc_kgoe,EG.USE.PCAP.KG.OE,3149.89842034979
IRL,2011,energy_use_pc_kgoe,EG.USE.PCAP.KG.OE,2875.40675480961
IRL,2012,energy_use_pc_kgoe,EG.USE.PCAP.KG.OE,2858.91735604826
IRL,2013,energy_use_pc_kgoe,EG.USE.PCAP.KG.OE,2802.60964399377
IRL,2014,energy_use_pc_kgoe,EG.USE.PCAP.KG.OE,2726.60528005402
IRL,2015,energy_use_pc_kgoe,EG.USE.PCAP.KG.OE,2825.9812059763
IRL,2016,energy_use_pc_kgoe,EG.USE.PCAP.KG.OE,2932.30415263032
IRL,2017,energy_use_pc_kgoe,EG.USE.PCAP.KG.OE,2854.85820468032
IRL,2018,energy_use_pc_kgoe,EG.USE.PCAP.KG.OE,2820.44138030583
IRL,2019,energy_use_pc_kgoe,EG.USE.PCAP.KG.OE,2747.90158131447
IRL,2020,energy_use_pc_kgoe,EG.USE.PCAP.KG.OE,2633.97691248454
IRL,2021,energy_use_pc_kgoe,EG.USE.PCAP.KG.OE,2689.36333693732
IRL,2022,energy_use_pc_kgoe,EG.USE.PCAP.KG.OE,2600.15740643769
IRL,2023,energy_use_pc_kgoe,EG.USE.PCAP.KG.OE,2467.73733963357
IRL,2024,energy_use_pc_kgoe,EG.USE.PCAP.KG.OE,2467.50339120772
IRN,1990,energy_use_pc_kgoe,EG.USE.PCAP.KG.OE,1187.74506046275
IRN,1991,energy_use_pc_kgoe,EG.USE.PCAP.KG.OE,1281.45328831159
IRN,1992,energy_use_pc_kgoe,EG.USE.PCAP.KG.OE,1322.50943975278
IRN,1993,energy_use_pc_kgoe,EG.USE.PCAP.KG.OE,1418.82846840925
IRN,1994,energy_use_pc_kgoe,EG.USE.PCAP.KG.OE,1572.39282151467
IRN,1995,energy_use_pc_kgoe,EG.USE.PCAP.KG.OE,1627.53420707184
IRN,1996,energy_use_pc_kgoe,EG.USE.PCAP.KG.OE,1553.03446677673
IRN,1997,energy_use_pc_kgoe,EG.USE.PCAP.KG.OE,1716.87603038661
IRN,1998,energy_use_pc_kgoe,EG.USE.PCAP.KG.OE,1724.62254985873
IRN,1999,energy_use_pc_kgoe,EG.USE.PCAP.KG.OE,1928.76954619246
IRN,2000,energy_use_pc_kgoe,EG.USE.PCAP.KG.OE,1852.32868023683
IRN,2001,energy_use_pc_kgoe,EG.USE.PCAP.KG.OE,1978.89752444269
IRN,2002,energy_use_pc_kgoe,EG.USE.PCAP.KG.OE,2030.52201096447
IRN,2003,energy_use_pc_kgoe,EG.USE.PCAP.KG.OE,2075.2052424627
IRN,2004,energy_use_pc_kgoe,EG.USE.PCAP.KG.OE,2215.26566937508
IRN,2005,energy_use_pc_kgoe,EG.USE.PCAP.KG.OE,2404.72248381983
IRN,2006,energy_use_pc_kgoe,EG.USE.PCAP.KG.OE,2459.98518383154
IRN,2007,energy_use_pc_kgoe,EG.USE.PCAP.KG.OE,2560.85802626139
IRN,2008,energy_use_pc_kgoe,EG.USE.PCAP.KG.OE,2711.04099566854
IRN,2009,energy_use_pc_kgoe,EG.USE.PCAP.KG.OE,2672.02281312134
IRN,2010,energy_use_pc_kgoe,EG.USE.PCAP.KG.OE,2639.53621273079
IRN,2011,energy_use_pc_kgoe,EG.USE.PCAP.KG.OE,2658.74959959687
IRN,2012,energy_use_pc_kgoe,EG.USE.PCAP.KG.OE,2740.80449432044
IRN,2013,energy_use_pc_kgoe,EG.USE.PCAP.KG.OE,2758.63469172941
IRN,2014,energy_use_pc_kgoe,EG.USE.PCAP.KG.OE,2883.56133864636
IRN,2015,energy_use_pc_kgoe,EG.USE.PCAP.KG.OE,2737.21795051014
IRN,2016,energy_use_pc_kgoe,EG.USE.PCAP.KG.OE,2861.01308462065
IRN,2017,energy_use_pc_kgoe,EG.USE.PCAP.KG.OE,3026.76271438293
IRN,2018,energy_use_pc_kgoe,EG.USE.PCAP.KG.OE,2921.43583957478
IRN,2019,energy_use_pc_kgoe,EG.USE.PCAP.KG.OE,3177.85679111808
IRN,2020,energy_use_pc_kgoe,EG.USE.PCAP.KG.OE,3256.87632117151
IRN,2021,energy_use_pc_kgoe,EG.USE.PCAP.KG.OE,3356.96967009824
IRN,2022,energy_use_pc_kgoe,EG.USE.PCAP.KG.OE,3288.17306422824
IRN,2023,energy_use_pc_kgoe,EG.USE.PCAP.KG.OE,3399.10476404644
IRQ,1990,energy_use_pc_kgoe,EG.USE.PCAP.KG.OE,1140.06857395631
IRQ,1991,energy_use_pc_kgoe,EG.USE.PCAP.KG.OE,898.069023227648
IRQ,1992,energy_use_pc_kgoe,EG.USE.PCAP.KG.OE,1295.43119076746
IRQ,1993,energy_use_pc_kgoe,EG.USE.PCAP.KG.OE,1556.86859388652
IRQ,1994,energy_use_pc_kgoe,EG.USE.PCAP.KG.OE,1688.17518004057
IRQ,1995,energy_use_pc_kgoe,EG.USE.PCAP.KG.OE,1580.67937441499
IRQ,1996,energy_use_pc_kgoe,EG.USE.PCAP.KG.OE,1476.75565525716
IRQ,1997,energy_use_pc_kgoe,EG.USE.PCAP.KG.OE,1731.61875739311
IRQ,1998,energy_use_pc_kgoe,EG.USE.PCAP.KG.OE,1273.20991639156
IRQ,1999,energy_use_pc_kgoe,EG.USE.PCAP.KG.OE,959.845851088191
IRQ,2000,energy_use_pc_kgoe,EG.USE.PCAP.KG.OE,1089.27326383404
IRQ,2001,energy_use_pc_kgoe,EG.USE.PCAP.KG.OE,1181.99516468889
IRQ,2002,energy_use_pc_kgoe,EG.USE.PCAP.KG.OE,1091.28719492902
IRQ,2003,energy_use_pc_kgoe,EG.USE.PCAP.KG.OE,939.517629598492
IRQ,2004,energy_use_pc_kgoe,EG.USE.PCAP.KG.OE,980.249444124443
IRQ,2005,energy_use_pc_kgoe,EG.USE.PCAP.KG.OE,949.253481740859
IRQ,2006,energy_use_pc_kgoe,EG.USE.PCAP.KG.OE,916.179043545813
IRQ,2007,energy_use_pc_kgoe,EG.USE.PCAP.KG.OE,909.133658720632
IRQ,2008,energy_use_pc_kgoe,EG.USE.PCAP.KG.OE,962.301839872785
IRQ,2009,energy_use_pc_kgoe,EG.USE.PCAP.KG.OE,995.7798442565
IRQ,2010,energy_use_pc_kgoe,EG.USE.PCAP.KG.OE,1064.17152061051
IRQ,2011,energy_use_pc_kgoe,EG.USE.PCAP.KG.OE,1125.37331940921
IRQ,2012,energy_use_pc_kgoe,EG.USE.PCAP.KG.OE,1190.03229059907
IRQ,2013,energy_use_pc_kgoe,EG.USE.PCAP.KG.OE,1175.83271780348
IRQ,2014,energy_use_pc_kgoe,EG.USE.PCAP.KG.OE,1082.71904877674
IRQ,2015,energy_use_pc_kgoe,EG.USE.PCAP.KG.OE,998.349545341439
IRQ,2016,energy_use_pc_kgoe,EG.USE.PCAP.KG.OE,1076.45729137323
IRQ,2017,energy_use_pc_kgoe,EG.USE.PCAP.KG.OE,1185.88106304283
IRQ,2018,energy_use_pc_kgoe,EG.USE.PCAP.KG.OE,1287.11356086079
IRQ,2019,energy_use_pc_kgoe,EG.USE.PCAP.KG.OE,1319.49517610224
IRQ,2020,energy_use_pc_kgoe,EG.USE.PCAP.KG.OE,1142.9073605104
IRQ,2021,energy_use_pc_kgoe,EG.USE.PCAP.KG.OE,1275.91306536574
IRQ,2022,energy_use_pc_kgoe,EG.USE.PCAP.KG.OE,1415.17378116176
IRQ,2023,energy_use_pc_kgoe,EG.USE.PCAP.KG.OE,1506.04801552981
ISR,1990,energy_use_pc_kgoe,EG.USE.PCAP.KG.OE,2460.48176754989
ISR,1991,energy_use_pc_kgoe,EG.USE.PCAP.KG.OE,2324.55598552647
ISR,1992,energy_use_pc_kgoe,EG.USE.PCAP.KG.OE,2580.92968949329
ISR,1993,energy_use_pc_kgoe,EG.USE.PCAP.KG.OE,2634.64593522424
ISR,1994,energy_use_pc_kgoe,EG.USE.PCAP.KG.OE,2738.44186262608
ISR,1995,energy_use_pc_kgoe,EG.USE.PCAP.KG.OE,2796.31041024382
ISR,1996,energy_use_pc_kgoe,EG.USE.PCAP.KG.OE,2801.22764441017
ISR,1997,energy_use_pc_kgoe,EG.USE.PCAP.KG.OE,2881.17071224801
ISR,1998,energy_use_pc_kgoe,EG.USE.PCAP.KG.OE,2885.62324026661
ISR,1999,energy_use_pc_kgoe,EG.USE.PCAP.KG.OE,2737.58342545966
ISR,2000,energy_use_pc_kgoe,EG.USE.PCAP.KG.OE,2899.21092060716
ISR,2001,energy_use_pc_kgoe,EG.USE.PCAP.KG.OE,2973.01751340231
ISR,2002,energy_use_pc_kgoe,EG.USE.PCAP.KG.OE,2862.54444096904
ISR,2003,energy_use_pc_kgoe,EG.USE.PCAP.KG.OE,2949.36140375621
ISR,2004,energy_use_pc_kgoe,EG.USE.PCAP.KG.OE,2822.35591418715
ISR,2005,energy_use_pc_kgoe,EG.USE.PCAP.KG.OE,2661.980099421
ISR,2006,energy_use_pc_kgoe,EG.USE.PCAP.KG.OE,2883.01357713219
ISR,2007,energy_use_pc_kgoe,EG.USE.PCAP.KG.OE,2899.35253797653
ISR,2008,energy_use_pc_kgoe,EG.USE.PCAP.KG.OE,3130.72173959461
ISR,2009,energy_use_pc_kgoe,EG.USE.PCAP.KG.OE,2874.86147474045
ISR,2010,energy_use_pc_kgoe,EG.USE.PCAP.KG.OE,3043.56517574048
ISR,2011,energy_use_pc_kgoe,EG.USE.PCAP.KG.OE,2981.37242150116
ISR,2012,energy_use_pc_kgoe,EG.USE.PCAP.KG.OE,2968.58833913788
ISR,2013,energy_use_pc_kgoe,EG.USE.PCAP.KG.OE,2662.60942480489
ISR,2014,energy_use_pc_kgoe,EG.USE.PCAP.KG.OE,2528.01855666417
ISR,2015,energy_use_pc_kgoe,EG.USE.PCAP.KG.OE,2607.84399987972
ISR,2016,energy_use_pc_kgoe,EG.USE.PCAP.KG.OE,2569.21718310487
ISR,2017,energy_use_pc_kgoe,EG.USE.PCAP.KG.OE,2481.51602271413
ISR,2018,energy_use_pc_kgoe,EG.USE.PCAP.KG.OE,2490.06554012289
ISR,2019,energy_use_pc_kgoe,EG.USE.PCAP.KG.OE,2407.97500275888
ISR,2020,energy_use_pc_kgoe,EG.USE.PCAP.KG.OE,2453.62703150387
ISR,2021,energy_use_pc_kgoe,EG.USE.PCAP.KG.OE,2432.5509270456
ISR,2022,energy_use_pc_kgoe,EG.USE.PCAP.KG.OE,2501.42064264807
ISR,2023,energy_use_pc_kgoe,EG.USE.PCAP.KG.OE,2459.62529465788
ISR,2024,energy_use_pc_kgoe,EG.USE.PCAP.KG.OE,2483.55288918637
ITA,1990,energy_use_pc_kgoe,EG.USE.PCAP.KG.OE,2584.07898755354
ITA,1991,energy_use_pc_kgoe,EG.USE.PCAP.KG.OE,2645.87384365211
ITA,1992,energy_use_pc_kgoe,EG.USE.PCAP.KG.OE,2627.54011715057
ITA,1993,energy_use_pc_kgoe,EG.USE.PCAP.KG.OE,2612.19400052933
ITA,1994,energy_use_pc_kgoe,EG.USE.PCAP.KG.OE,2578.66204057136
ITA,1995,energy_use_pc_kgoe,EG.USE.PCAP.KG.OE,2799.59479171327
ITA,1996,energy_use_pc_kgoe,EG.USE.PCAP.KG.OE,2796.38058021046
ITA,1997,energy_use_pc_kgoe,EG.USE.PCAP.KG.OE,2834.63680923621
ITA,1998,energy_use_pc_kgoe,EG.USE.PCAP.KG.OE,2913.20022573948
ITA,1999,energy_use_pc_kgoe,EG.USE.PCAP.KG.OE,2957.58654940452
ITA,2000,energy_use_pc_kgoe,EG.USE.PCAP.KG.OE,3012.48356350836
ITA,2001,energy_use_pc_kgoe,EG.USE.PCAP.KG.OE,3020.75373063924
ITA,2002,energy_use_pc_kgoe,EG.USE.PCAP.KG.OE,3035.91851152815
ITA,2003,energy_use_pc_kgoe,EG.USE.PCAP.KG.OE,3164.10814422149
ITA,2004,energy_use_pc_kgoe,EG.USE.PCAP.KG.OE,3162.43494730256
ITA,2005,energy_use_pc_kgoe,EG.USE.PCAP.KG.OE,3204.1351997897
ITA,2006,energy_use_pc_kgoe,EG.USE.PCAP.KG.OE,3162.24131154867
ITA,2007,energy_use_pc_kgoe,EG.USE.PCAP.KG.OE,3132.89653716264
ITA,2008,energy_use_pc_kgoe,EG.USE.PCAP.KG.OE,3067.89962633863
ITA,2009,energy_use_pc_kgoe,EG.USE.PCAP.KG.OE,2848.10100531328
ITA,2010,energy_use_pc_kgoe,EG.USE.PCAP.KG.OE,2904.35856014464
ITA,2011,energy_use_pc_kgoe,EG.USE.PCAP.KG.OE,2798.23628262725
ITA,2012,energy_use_pc_kgoe,EG.USE.PCAP.KG.OE,2680.46208450702
ITA,2013,energy_use_pc_kgoe,EG.USE.PCAP.KG.OE,2576.45615324387
ITA,2014,energy_use_pc_kgoe,EG.USE.PCAP.KG.OE,2433.16257781775
ITA,2015,energy_use_pc_kgoe,EG.USE.PCAP.KG.OE,2533.02354460955
ITA,2016,energy_use_pc_kgoe,EG.USE.PCAP.KG.OE,2511.46353090755
ITA,2017,energy_use_pc_kgoe,EG.USE.PCAP.KG.OE,2557.32535513975
ITA,2018,energy_use_pc_kgoe,EG.USE.PCAP.KG.OE,2503.3498604998
ITA,2019,energy_use_pc_kgoe,EG.USE.PCAP.KG.OE,2494.02659804115
ITA,2020,energy_use_pc_kgoe,EG.USE.PCAP.KG.OE,2313.10006204514
ITA,2021,energy_use_pc_kgoe,EG.USE.PCAP.KG.OE,2531.08698798735
ITA,2022,energy_use_pc_kgoe,EG.USE.PCAP.KG.OE,2411.65172417311
ITA,2023,energy_use_pc_kgoe,EG.USE.PCAP.KG.OE,2298.39093933589
ITA,2024,energy_use_pc_kgoe,EG.USE.PCAP.KG.OE,2231.202099939
JPN,1990,energy_use_pc_kgoe,EG.USE.PCAP.KG.OE,3538.39176035754
JPN,1991,energy_use_pc_kgoe,EG.USE.PCAP.KG.OE,3560.89610232943
JPN,1992,energy_use_pc_kgoe,EG.USE.PCAP.KG.OE,3626.46889746532
JPN,1993,energy_use_pc_kgoe,EG.USE.PCAP.KG.OE,3636.46948341282
JPN,1994,energy_use_pc_kgoe,EG.USE.PCAP.KG.OE,3823.87113500931
JPN,1995,energy_use_pc_kgoe,EG.USE.PCAP.KG.OE,3915.67795216885
JPN,1996,energy_use_pc_kgoe,EG.USE.PCAP.KG.OE,3990.47398761077
JPN,1997,energy_use_pc_kgoe,EG.USE.PCAP.KG.OE,4022.0891472937
JPN,1998,energy_use_pc_kgoe,EG.USE.PCAP.KG.OE,3938.28293836089
JPN,1999,energy_use_pc_kgoe,EG.USE.PCAP.KG.OE,3994.22367709485
JPN,2000,energy_use_pc_kgoe,EG.USE.PCAP.KG.OE,4067.03534426909
JPN,2001,energy_use_pc_kgoe,EG.USE.PCAP.KG.OE,3990.10602386433
JPN,2002,energy_use_pc_kgoe,EG.USE.PCAP.KG.OE,3992.91998129661
JPN,2003,energy_use_pc_kgoe,EG.USE.PCAP.KG.OE,3956.90048891144
JPN,2004,energy_use_pc_kgoe,EG.USE.PCAP.KG.OE,4085.4919552124
JPN,2005,energy_use_pc_kgoe,EG.USE.PCAP.KG.OE,4066.44200433533
JPN,2006,energy_use_pc_kgoe,EG.USE.PCAP.KG.OE,4064.36044717698
JPN,2007,energy_use_pc_kgoe,EG.USE.PCAP.KG.OE,4020.80546615948
JPN,2008,energy_use_pc_kgoe,EG.USE.PCAP.KG.OE,3867.13557310575
JPN,2009,energy_use_pc_kgoe,EG.USE.PCAP.KG.OE,3709.02326188514
JPN,2010,energy_use_pc_kgoe,EG.USE.PCAP.KG.OE,3900.21212768124
JPN,2011,energy_use_pc_kgoe,EG.USE.PCAP.KG.OE,3620.18019068219
JPN,2012,energy_use_pc_kgoe,EG.USE.PCAP.KG.OE,3536.70253450885
JPN,2013,energy_use_pc_kgoe,EG.USE.PCAP.KG.OE,3567.33780517627
JPN,2014,energy_use_pc_kgoe,EG.USE.PCAP.KG.OE,3445.81632921551
JPN,2015,energy_use_pc_kgoe,EG.USE.PCAP.KG.OE,3400.59271053608
JPN,2016,energy_use_pc_kgoe,EG.USE.PCAP.KG.OE,3370.8877963853
JPN,2017,energy_use_pc_kgoe,EG.USE.PCAP.KG.OE,3391.05041453219
JPN,2018,energy_use_pc_kgoe,EG.USE.PCAP.KG.OE,3343.05412833973
JPN,2019,energy_use_pc_kgoe,EG.USE.PCAP.KG.OE,3261.62024942915
JPN,2020,energy_use_pc_kgoe,EG.USE.PCAP.KG.OE,3046.85480668859
JPN,2021,energy_use_pc_kgoe,EG.USE.PCAP.KG.OE,3196.03970960845
JPN,2022,energy_use_pc_kgoe,EG.USE.PCAP.KG.OE,3129.65861717499
JPN,2023,energy_use_pc_kgoe,EG.USE.PCAP.KG.OE,3039.14126131753
JPN,2024,energy_use_pc_kgoe,EG.USE.PCAP.KG.OE,3005.89902824379
KOR,1990,energy_use_pc_kgoe,EG.USE.PCAP.KG.OE,2088.02162760717
KOR,1991,energy_use_pc_kgoe,EG.USE.PCAP.KG.OE,2259.93752469834
KOR,1992,energy_use_pc_kgoe,EG.USE.PCAP.KG.OE,2545.85498921945
KOR,1993,energy_use_pc_kgoe,EG.USE.PCAP.KG.OE,2824.86789707394
KOR,1994,energy_use_pc_kgoe,EG.USE.PCAP.KG.OE,2968.99819252669
KOR,1995,energy_use_pc_kgoe,EG.USE.PCAP.KG.OE,3234.29761074072
KOR,1996,energy_use_pc_kgoe,EG.USE.PCAP.KG.OE,3460.92201688076
KOR,1997,energy_use_pc_kgoe,EG.USE.PCAP.KG.OE,3675.46830349413
KOR,1998,energy_use_pc_kgoe,EG.USE.PCAP.KG.OE,3374.34870324412
KOR,1999,energy_use_pc_kgoe,EG.USE.PCAP.KG.OE,3665.80037287776
KOR,2000,energy_use_pc_kgoe,EG.USE.PCAP.KG.OE,3952.36285253717
KOR,2001,energy_use_pc_kgoe,EG.USE.PCAP.KG.OE,3923.08094343002
KOR,2002,energy_use_pc_kgoe,EG.USE.PCAP.KG.OE,4093.47640135718
KOR,2003,energy_use_pc_kgoe,EG.USE.PCAP.KG.OE,4137.64649746404
KOR,2004,energy_use_pc_kgoe,EG.USE.PCAP.KG.OE,4255.20021526328
KOR,2005,energy_use_pc_kgoe,EG.USE.PCAP.KG.OE,4324.50929706891
KOR,2006,energy_use_pc_kgoe,EG.USE.PCAP.KG.OE,4337.55103463972
KOR,2007,energy_use_pc_kgoe,EG.USE.PCAP.KG.OE,4487.98132629667
KOR,2008,energy_use_pc_kgoe,EG.USE.PCAP.KG.OE,4512.96932152779
KOR,2009,energy_use_pc_kgoe,EG.USE.PCAP.KG.OE,4557.69756825002
KOR,2010,energy_use_pc_kgoe,EG.USE.PCAP.KG.OE,4920.34159542887
KOR,2011,energy_use_pc_kgoe,EG.USE.PCAP.KG.OE,5114.96282558864
KOR,2012,energy_use_pc_kgoe,EG.USE.PCAP.KG.OE,5122.94213308196
KOR,2013,energy_use_pc_kgoe,EG.USE.PCAP.KG.OE,5108.23633855207
KOR,2014,energy_use_pc_kgoe,EG.USE.PCAP.KG.OE,5136.98533019492
KOR,2015,energy_use_pc_kgoe,EG.USE.PCAP.KG.OE,5239.00345362778
KOR,2016,energy_use_pc_kgoe,EG.USE.PCAP.KG.OE,5390.84042635905
KOR,2017,energy_use_pc_kgoe,EG.USE.PCAP.KG.OE,5467.82224967457
KOR,2018,energy_use_pc_kgoe,EG.USE.PCAP.KG.OE,5531.77957372505
KOR,2019,energy_use_pc_kgoe,EG.USE.PCAP.KG.OE,5334.67385872126
KOR,2020,energy_use_pc_kgoe,EG.USE.PCAP.KG.OE,5195.91011087811
KOR,2021,energy_use_pc_kgoe,EG.USE.PCAP.KG.OE,5513.62830573477
KOR,2022,energy_use_pc_kgoe,EG.USE.PCAP.KG.OE,5411.97477731382
KOR,2023,energy_use_pc_kgoe,EG.USE.PCAP.KG.OE,5336.92485966157
KOR,2024,energy_use_pc_kgoe,EG.USE.PCAP.KG.OE,5438.79036783753
MEX,1990,energy_use_pc_kgoe,EG.USE.PCAP.KG.OE,1502.65916196056
MEX,1991,energy_use_pc_kgoe,EG.USE.PCAP.KG.OE,1547.4413301937
MEX,1992,energy_use_pc_kgoe,EG.USE.PCAP.KG.OE,1532.05083523555
MEX,1993,energy_use_pc_kgoe,EG.USE.PCAP.KG.OE,1529.66917943226
MEX,1994,energy_use_pc_kgoe,EG.USE.PCAP.KG.OE,1536.71971480805
MEX,1995,energy_use_pc_kgoe,EG.USE.PCAP.KG.OE,1461.03050354057
MEX,1996,energy_use_pc_kgoe,EG.USE.PCAP.KG.OE,1467.31082127073
MEX,1997,energy_use_pc_kgoe,EG.USE.PCAP.KG.OE,1518.26280329371
MEX,1998,energy_use_pc_kgoe,EG.USE.PCAP.KG.OE,1536.12241939376
MEX,1999,energy_use_pc_kgoe,EG.USE.PCAP.KG.OE,1555.69407717508
MEX,2000,energy_use_pc_kgoe,EG.USE.PCAP.KG.OE,1541.32297457171
MEX,2001,energy_use_pc_kgoe,EG.USE.PCAP.KG.OE,1563.12708165755
MEX,2002,energy_use_pc_kgoe,EG.USE.PCAP.KG.OE,1556.55451556538
MEX,2003,energy_use_pc_kgoe,EG.USE.PCAP.KG.OE,1644.23440955963
MEX,2004,energy_use_pc_kgoe,EG.USE.PCAP.KG.OE,1651.99432971724
MEX,2005,energy_use_pc_kgoe,EG.USE.PCAP.KG.OE,1718.63669370638
MEX,2006,energy_use_pc_kgoe,EG.USE.PCAP.KG.OE,1723.71763802356
MEX,2007,energy_use_pc_kgoe,EG.USE.PCAP.KG.OE,1693.77880726541
MEX,2008,energy_use_pc_kgoe,EG.USE.PCAP.KG.OE,1678.23287321257
MEX,2009,energy_use_pc_kgoe,EG.USE.PCAP.KG.OE,1616.79369985205
MEX,2010,energy_use_pc_kgoe,EG.USE.PCAP.KG.OE,1581.82622504404
MEX,2011,energy_use_pc_kgoe,EG.USE.PCAP.KG.OE,1632.53833582198
MEX,2012,energy_use_pc_kgoe,EG.USE.PCAP.KG.OE,1652.16322037583
MEX,2013,energy_use_pc_kgoe,EG.USE.PCAP.KG.OE,1633.00512016612
MEX,2014,energy_use_pc_kgoe,EG.USE.PCAP.KG.OE,1582.66666115179
MEX,2015,energy_use_pc_kgoe,EG.USE.PCAP.KG.OE,1539.13826670827
MEX,2016,energy_use_pc_kgoe,EG.USE.PCAP.KG.OE,1525.3837445098
MEX,2017,energy_use_pc_kgoe,EG.USE.PCAP.KG.OE,1478.43896510686
MEX,2018,energy_use_pc_kgoe,EG.USE.PCAP.KG.OE,1493.47882156246
MEX,2019,energy_use_pc_kgoe,EG.USE.PCAP.KG.OE,1469.65350320528
MEX,2020,energy_use_pc_kgoe,EG.USE.PCAP.KG.OE,1366.42722558757
MEX,2021,energy_use_pc_kgoe,EG.USE.PCAP.KG.OE,1417.70559078908
MEX,2022,energy_use_pc_kgoe,EG.USE.PCAP.KG.OE,1441.98382794786
MEX,2023,energy_use_pc_kgoe,EG.USE.PCAP.KG.OE,1467.10931902847
MEX,2024,energy_use_pc_kgoe,EG.USE.PCAP.KG.OE,1558.75790867013
MYS,1990,energy_use_pc_kgoe,EG.USE.PCAP.KG.OE,1188.84060189268
MYS,1991,energy_use_pc_kgoe,EG.USE.PCAP.KG.OE,1433.30606817767
MYS,1992,energy_use_pc_kgoe,EG.USE.PCAP.KG.OE,1542.61687062497
MYS,1993,energy_use_pc_kgoe,EG.USE.PCAP.KG.OE,1630.7489319844
MYS,1994,energy_use_pc_kgoe,EG.USE.PCAP.KG.OE,1582.13890684174
MYS,1995,energy_use_pc_kgoe,EG.USE.PCAP.KG.OE,1671.57361488883
MYS,1996,energy_use_pc_kgoe,EG.USE.PCAP.KG.OE,1806.8714056465
MYS,1997,energy_use_pc_kgoe,EG.USE.PCAP.KG.OE,2055.0627709161
MYS,1998,energy_use_pc_kgoe,EG.USE.PCAP.KG.OE,1904.8817638131
MYS,1999,energy_use_pc_kgoe,EG.USE.PCAP.KG.OE,1885.28043320853
MYS,2000,energy_use_pc_kgoe,EG.USE.PCAP.KG.OE,2104.61130534021
MYS,2001,energy_use_pc_kgoe,EG.USE.PCAP.KG.OE,2138.33457477966
MYS,2002,energy_use_pc_kgoe,EG.USE.PCAP.KG.OE,2156.94723368447
MYS,2003,energy_use_pc_kgoe,EG.USE.PCAP.KG.OE,2256.65106815589
MYS,2004,energy_use_pc_kgoe,EG.USE.PCAP.KG.OE,2373.57770275285
MYS,2005,energy_use_pc_kgoe,EG.USE.PCAP.KG.OE,2517.46451671722
MYS,2006,energy_use_pc_kgoe,EG.USE.PCAP.KG.OE,2474.39161833063
MYS,2007,energy_use_pc_kgoe,EG.USE.PCAP.KG.OE,2586.98987893226
MYS,2008,energy_use_pc_kgoe,EG.USE.PCAP.KG.OE,2681.00003448113
MYS,2009,energy_use_pc_kgoe,EG.USE.PCAP.KG.OE,2485.91667427986
MYS,2010,energy_use_pc_kgoe,EG.USE.PCAP.KG.OE,2531.67710637413
MYS,2011,energy_use_pc_kgoe,EG.USE.PCAP.KG.OE,2593.27310292824
MYS,2012,energy_use_pc_kgoe,EG.USE.PCAP.KG.OE,2589.31990369775
MYS,2013,energy_use_pc_kgoe,EG.USE.PCAP.KG.OE,2871.7567101939
MYS,2014,energy_use_pc_kgoe,EG.USE.PCAP.KG.OE,2883.13550906147
MYS,2015,energy_use_pc_kgoe,EG.USE.PCAP.KG.OE,2708.66289491905
MYS,2016,energy_use_pc_kgoe,EG.USE.PCAP.KG.OE,2760.83197397162
MYS,2017,energy_use_pc_kgoe,EG.USE.PCAP.KG.OE,2619.44252695383
MYS,2018,energy_use_pc_kgoe,EG.USE.PCAP.KG.OE,2841.11800656893
MYS,2019,energy_use_pc_kgoe,EG.USE.PCAP.KG.OE,2879.89449600209
MYS,2020,energy_use_pc_kgoe,EG.USE.PCAP.KG.OE,2719.43378264705
MYS,2021,energy_use_pc_kgoe,EG.USE.PCAP.KG.OE,2781.735038205
MYS,2022,energy_use_pc_kgoe,EG.USE.PCAP.KG.OE,3035.37257619634
MYS,2023,energy_use_pc_kgoe,EG.USE.PCAP.KG.OE,3008.82419919301
NGA,1990,energy_use_pc_kgoe,EG.USE.PCAP.KG.OE,287.480711933649
NGA,1991,energy_use_pc_kgoe,EG.USE.PCAP.KG.OE,298.659159161854
NGA,1992,energy_use_pc_kgoe,EG.USE.PCAP.KG.OE,307.486931417379
NGA,1993,energy_use_pc_kgoe,EG.USE.PCAP.KG.OE,299.654362920468
NGA,1994,energy_use_pc_kgoe,EG.USE.PCAP.KG.OE,263.019074663051
NGA,1995,energy_use_pc_kgoe,EG.USE.PCAP.KG.OE,256.918214458953
NGA,1996,energy_use_pc_kgoe,EG.USE.PCAP.KG.OE,268.073571237971
NGA,1997,energy_use_pc_kgoe,EG.USE.PCAP.KG.OE,278.489226833014
NGA,1998,energy_use_pc_kgoe,EG.USE.PCAP.KG.OE,269.365010804453
NGA,1999,energy_use_pc_kgoe,EG.USE.PCAP.KG.OE,272.180386890724
NGA,2000,energy_use_pc_kgoe,EG.USE.PCAP.KG.OE,274.074132064522
NGA,2001,energy_use_pc_kgoe,EG.USE.PCAP.KG.OE,283.010546626806
NGA,2002,energy_use_pc_kgoe,EG.USE.PCAP.KG.OE,283.767136886797
NGA,2003,energy_use_pc_kgoe,EG.USE.PCAP.KG.OE,296.852571416246
NGA,2004,energy_use_pc_kgoe,EG.USE.PCAP.KG.OE,286.383177568012
NGA,2005,energy_use_pc_kgoe,EG.USE.PCAP.KG.OE,305.406217610864
NGA,2006,energy_use_pc_kgoe,EG.USE.PCAP.KG.OE,287.970022263625
NGA,2007,energy_use_pc_kgoe,EG.USE.PCAP.KG.OE,281.735044345631
NGA,2008,energy_use_pc_kgoe,EG.USE.PCAP.KG.OE,287.532726671296
NGA,2009,energy_use_pc_kgoe,EG.USE.PCAP.KG.OE,260.777838499638
NGA,2010,energy_use_pc_kgoe,EG.USE.PCAP.KG.OE,335.074608295017
NGA,2011,energy_use_pc_kgoe,EG.USE.PCAP.KG.OE,376.552072943772
NGA,2012,energy_use_pc_kgoe,EG.USE.PCAP.KG.OE,357.338084625584
NGA,2013,energy_use_pc_kgoe,EG.USE.PCAP.KG.OE,351.718781805646
NGA,2014,energy_use_pc_kgoe,EG.USE.PCAP.KG.OE,349.237811590683
NGA,2015,energy_use_pc_kgoe,EG.USE.PCAP.KG.OE,320.318542380023
NGA,2016,energy_use_pc_kgoe,EG.USE.PCAP.KG.OE,331.486140542982
NGA,2017,energy_use_pc_kgoe,EG.USE.PCAP.KG.OE,316.730326522651
NGA,2018,energy_use_pc_kgoe,EG.USE.PCAP.KG.OE,300.45746967174
NGA,2019,energy_use_pc_kgoe,EG.USE.PCAP.KG.OE,331.04474710561
NGA,2020,energy_use_pc_kgoe,EG.USE.PCAP.KG.OE,324.45517224141
NGA,2021,energy_use_pc_kgoe,EG.USE.PCAP.KG.OE,334.476501487262
NGA,2022,energy_use_pc_kgoe,EG.USE.PCAP.KG.OE,333.698006196423
NGA,2023,energy_use_pc_kgoe,EG.USE.PCAP.KG.OE,319.900429211784
NLD,1990,energy_use_pc_kgoe,EG.USE.PCAP.KG.OE,4488.69599340726
NLD,1991,energy_use_pc_kgoe,EG.USE.PCAP.KG.OE,4620.66814618483
NLD,1992,energy_use_pc_kgoe,EG.USE.PCAP.KG.OE,4549.24415711085
NLD,1993,energy_use_pc_kgoe,EG.USE.PCAP.KG.OE,4616.71602028756
NLD,1994,energy_use_pc_kgoe,EG.USE.PCAP.KG.OE,4607.58662804011
NLD,1995,energy_use_pc_kgoe,EG.USE.PCAP.KG.OE,4732.28641364731
NLD,1996,energy_use_pc_kgoe,EG.USE.PCAP.KG.OE,4949.7817593583
NLD,1997,energy_use_pc_kgoe,EG.USE.PCAP.KG.OE,4788.82912974708
NLD,1998,energy_use_pc_kgoe,EG.USE.PCAP.KG.OE,4794.51173163397
NLD,1999,energy_use_pc_kgoe,EG.USE.PCAP.KG.OE,4685.19177004479
NLD,2000,energy_use_pc_kgoe,EG.USE.PCAP.KG.OE,4695.37009641521
NLD,2001,energy_use_pc_kgoe,EG.USE.PCAP.KG.OE,4783.23806405221
NLD,2002,energy_use_pc_kgoe,EG.USE.PCAP.KG.OE,4804.57738217673
NLD,2003,energy_use_pc_kgoe,EG.USE.PCAP.KG.OE,4959.46581521204
NLD,2004,energy_use_pc_kgoe,EG.USE.PCAP.KG.OE,4985.68017725458
NLD,2005,energy_use_pc_kgoe,EG.USE.PCAP.KG.OE,4893.73296113648
NLD,2006,energy_use_pc_kgoe,EG.USE.PCAP.KG.OE,4840.784340365
NLD,2007,energy_use_pc_kgoe,EG.USE.PCAP.KG.OE,4812.3646510682
NLD,2008,energy_use_pc_kgoe,EG.USE.PCAP.KG.OE,4755.09420293282
NLD,2009,energy_use_pc_kgoe,EG.USE.PCAP.KG.OE,4665.86427744867
NLD,2010,energy_use_pc_kgoe,EG.USE.PCAP.KG.OE,4978.86938849852
NLD,2011,energy_use_pc_kgoe,EG.USE.PCAP.KG.OE,4611.91453819796
NLD,2012,energy_use_pc_kgoe,EG.USE.PCAP.KG.OE,4599.20591866701
NLD,2013,energy_use_pc_kgoe,EG.USE.PCAP.KG.OE,4488.60406405713
NLD,2014,energy_use_pc_kgoe,EG.USE.PCAP.KG.OE,4215.35262065709
NLD,2015,energy_use_pc_kgoe,EG.USE.PCAP.KG.OE,4298.59287050144
NLD,2016,energy_use_pc_kgoe,EG.USE.PCAP.KG.OE,4352.44653138733
NLD,2017,energy_use_pc_kgoe,EG.USE.PCAP.KG.OE,4365.20385335267
NLD,2018,energy_use_pc_kgoe,EG.USE.PCAP.KG.OE,4251.16716726453
NLD,2019,energy_use_pc_kgoe,EG.USE.PCAP.KG.OE,4129.40909477343
NLD,2020,energy_use_pc_kgoe,EG.USE.PCAP.KG.OE,3975.37813564997
NLD,2021,energy_use_pc_kgoe,EG.USE.PCAP.KG.OE,4057.79129205731
NLD,2022,energy_use_pc_kgoe,EG.USE.PCAP.KG.OE,3570.12031994399
NLD,2023,energy_use_pc_kgoe,EG.USE.PCAP.KG.OE,3418.13670132261
NLD,2024,energy_use_pc_kgoe,EG.USE.PCAP.KG.OE,3415.76133096426
NOR,1990,energy_use_pc_kgoe,EG.USE.PCAP.KG.OE,4966.99576478242
NOR,1991,energy_use_pc_kgoe,EG.USE.PCAP.KG.OE,5105.03280053314
NOR,1992,energy_use_pc_kgoe,EG.USE.PCAP.KG.OE,5159.59171943113
NOR,1993,energy_use_pc_kgoe,EG.USE.PCAP.KG.OE,5460.5481615252
NOR,1994,energy_use_pc_kgoe,EG.USE.PCAP.KG.OE,5315.22229443427
NOR,1995,energy_use_pc_kgoe,EG.USE.PCAP.KG.OE,5391.36648885496
NOR,1996,energy_use_pc_kgoe,EG.USE.PCAP.KG.OE,5201.94925297777
NOR,1997,energy_use_pc_kgoe,EG.USE.PCAP.KG.OE,5475.16675140309
NOR,1998,energy_use_pc_kgoe,EG.USE.PCAP.KG.OE,5684.74560231404
NOR,1999,energy_use_pc_kgoe,EG.USE.PCAP.KG.OE,5913.28022163827
NOR,2000,energy_use_pc_kgoe,EG.USE.PCAP.KG.OE,5826.12232323722
NOR,2001,energy_use_pc_kgoe,EG.USE.PCAP.KG.OE,5954.81911743802
NOR,2002,energy_use_pc_kgoe,EG.USE.PCAP.KG.OE,5502.08929908871
NOR,2003,energy_use_pc_kgoe,EG.USE.PCAP.KG.OE,5934.59079848361
NOR,2004,energy_use_pc_kgoe,EG.USE.PCAP.KG.OE,6231.94030988748
NOR,2005,energy_use_pc_kgoe,EG.USE.PCAP.KG.OE,6319.92545895993
NOR,2006,energy_use_pc_kgoe,EG.USE.PCAP.KG.OE,6319.15452788829
NOR,2007,energy_use_pc_kgoe,EG.USE.PCAP.KG.OE,5864.30044405949
NOR,2008,energy_use_pc_kgoe,EG.USE.PCAP.KG.OE,6412.35151011432
NOR,2009,energy_use_pc_kgoe,EG.USE.PCAP.KG.OE,6200.50244551882
NOR,2010,energy_use_pc_kgoe,EG.USE.PCAP.KG.OE,6455.3166845378
NOR,2011,energy_use_pc_kgoe,EG.USE.PCAP.KG.OE,5501.9559356258
NOR,2012,energy_use_pc_kgoe,EG.USE.PCAP.KG.OE,5805.46758867551
NOR,2013,energy_use_pc_kgoe,EG.USE.PCAP.KG.OE,6047.18057523381
NOR,2014,energy_use_pc_kgoe,EG.USE.PCAP.KG.OE,5525.57603893844
NOR,2015,energy_use_pc_kgoe,EG.USE.PCAP.KG.OE,4930.48137593923
NOR,2016,energy_use_pc_kgoe,EG.USE.PCAP.KG.OE,5368.57647170474
NOR,2017,energy_use_pc_kgoe,EG.USE.PCAP.KG.OE,5673.5093152418
NOR,2018,energy_use_pc_kgoe,EG.USE.PCAP.KG.OE,5539.19011908654
NOR,2019,energy_use_pc_kgoe,EG.USE.PCAP.KG.OE,5220.68866140147
NOR,2020,energy_use_pc_kgoe,EG.USE.PCAP.KG.OE,5145.72221927617
NOR,2021,energy_use_pc_kgoe,EG.USE.PCAP.KG.OE,5298.87662808584
NOR,2022,energy_use_pc_kgoe,EG.USE.PCAP.KG.OE,4651.48670758657
NOR,2023,energy_use_pc_kgoe,EG.USE.PCAP.KG.OE,4884.6175244586
NOR,2024,energy_use_pc_kgoe,EG.USE.PCAP.KG.OE,4775.00280327143
PAK,1990,energy_use_pc_kgoe,EG.USE.PCAP.KG.OE,370.756577158868
PAK,1991,energy_use_pc_kgoe,EG.USE.PCAP.KG.OE,367.121771650235
PAK,1992,energy_use_pc_kgoe,EG.USE.PCAP.KG.OE,379.579213707596
PAK,1993,energy_use_pc_kgoe,EG.USE.PCAP.KG.OE,387.504827835984
PAK,1994,energy_use_pc_kgoe,EG.USE.PCAP.KG.OE,392.525740918468
PAK,1995,energy_use_pc_kgoe,EG.USE.PCAP.KG.OE,397.682408796608
PAK,1996,energy_use_pc_kgoe,EG.USE.PCAP.KG.OE,403.99573108234
PAK,1997,energy_use_pc_kgoe,EG.USE.PCAP.KG.OE,402.965782669408
PAK,1998,energy_use_pc_kgoe,EG.USE.PCAP.KG.OE,399.272943328572
PAK,1999,energy_use_pc_kgoe,EG.USE.PCAP.KG.OE,410.681455271548
PAK,2000,energy_use_pc_kgoe,EG.USE.PCAP.KG.OE,411.549930374513
PAK,2001,energy_use_pc_kgoe,EG.USE.PCAP.KG.OE,407.99646563704
PAK,2002,energy_use_pc_kgoe,EG.USE.PCAP.KG.OE,404.334238651861
PAK,2003,energy_use_pc_kgoe,EG.USE.PCAP.KG.OE,412.836751547714
PAK,2004,energy_use_pc_kgoe,EG.USE.PCAP.KG.OE,431.672759795812
PAK,2005,energy_use_pc_kgoe,EG.USE.PCAP.KG.OE,436.061866708612
PAK,2006,energy_use_pc_kgoe,EG.USE.PCAP.KG.OE,443.903367754097
PAK,2007,energy_use_pc_kgoe,EG.USE.PCAP.KG.OE,457.205362427423
PAK,2008,energy_use_pc_kgoe,EG.USE.PCAP.KG.OE,437.835189001934
PAK,2009,energy_use_pc_kgoe,EG.USE.PCAP.KG.OE,433.272314472197
PAK,2010,energy_use_pc_kgoe,EG.USE.PCAP.KG.OE,429.327792495327
PAK,2011,energy_use_pc_kgoe,EG.USE.PCAP.KG.OE,422.842537376111
PAK,2012,energy_use_pc_kgoe,EG.USE.PCAP.KG.OE,419.546153206932
PAK,2013,energy_use_pc_kgoe,EG.USE.PCAP.KG.OE,421.580013785875
PAK,2014,energy_use_pc_kgoe,EG.USE.PCAP.KG.OE,433.449973838963
PAK,2015,energy_use_pc_kgoe,EG.USE.PCAP.KG.OE,437.198223010365
PAK,2016,energy_use_pc_kgoe,EG.USE.PCAP.KG.OE,446.915365965869
PAK,2017,energy_use_pc_kgoe,EG.USE.PCAP.KG.OE,456.107326373589
PAK,2018,energy_use_pc_kgoe,EG.USE.PCAP.KG.OE,453.603126548778
PAK,2019,energy_use_pc_kgoe,EG.USE.PCAP.KG.OE,431.604754942186
PAK,2020,energy_use_pc_kgoe,EG.USE.PCAP.KG.OE,454.338436216576
PAK,2021,energy_use_pc_kgoe,EG.USE.PCAP.KG.OE,465.115862856144
PAK,2022,energy_use_pc_kgoe,EG.USE.PCAP.KG.OE,418.447652844549
PAK,2023,energy_use_pc_kgoe,EG.USE.PCAP.KG.OE,414.952130205765
PHL,1990,energy_use_pc_kgoe,EG.USE.PCAP.KG.OE,427.117860028084
PHL,1991,energy_use_pc_kgoe,EG.USE.PCAP.KG.OE,432.402813931724
PHL,1992,energy_use_pc_kgoe,EG.USE.PCAP.KG.OE,445.123985563461
PHL,1993,energy_use_pc_kgoe,EG.USE.PCAP.KG.OE,415.058925173639
PHL,1994,energy_use_pc_kgoe,EG.USE.PCAP.KG.OE,446.192042340061
PHL,1995,energy_use_pc_kgoe,EG.USE.PCAP.KG.OE,459.521976498717
PHL,1996,energy_use_pc_kgoe,EG.USE.PCAP.KG.OE,463.395880336417
PHL,1997,energy_use_pc_kgoe,EG.USE.PCAP.KG.OE,478.61145040091
PHL,1998,energy_use_pc_kgoe,EG.USE.PCAP.KG.OE,482.976812080329
PHL,1999,energy_use_pc_kgoe,EG.USE.PCAP.KG.OE,483.923600710289
PHL,2000,energy_use_pc_kgoe,EG.USE.PCAP.KG.OE,487.402779547692
PHL,2001,energy_use_pc_kgoe,EG.USE.PCAP.KG.OE,454.323831320083
PHL,2002,energy_use_pc_kgoe,EG.USE.PCAP.KG.OE,451.284468681461
PHL,2003,energy_use_pc_kgoe,EG.USE.PCAP.KG.OE,442.568789118581
PHL,2004,energy_use_pc_kgoe,EG.USE.PCAP.KG.OE,430.07575264053
PHL,2005,energy_use_pc_kgoe,EG.USE.PCAP.KG.OE,434.471174614398
PHL,2006,energy_use_pc_kgoe,EG.USE.PCAP.KG.OE,423.357079718941
PHL,2007,energy_use_pc_kgoe,EG.USE.PCAP.KG.OE,425.625806041344
PHL,2008,energy_use_pc_kgoe,EG.USE.PCAP.KG.OE,439.082917578862
PHL,2009,energy_use_pc_kgoe,EG.USE.PCAP.KG.OE,420.718047255526
PHL,2010,energy_use_pc_kgoe,EG.USE.PCAP.KG.OE,431.461435820742
PHL,2011,energy_use_pc_kgoe,EG.USE.PCAP.KG.OE,428.330759054984
PHL,2012,energy_use_pc_kgoe,EG.USE.PCAP.KG.OE,437.467121529591
PHL,2013,energy_use_pc_kgoe,EG.USE.PCAP.KG.OE,443.270655295728
PHL,2014,energy_use_pc_kgoe,EG.USE.PCAP.KG.OE,465.627497665949
PHL,2015,energy_use_pc_kgoe,EG.USE.PCAP.KG.OE,499.072363832856
PHL,2016,energy_use_pc_kgoe,EG.USE.PCAP.KG.OE,520.982417182237
PHL,2017,energy_use_pc_kgoe,EG.USE.PCAP.KG.OE,544.477187986696
PHL,2018,energy_use_pc_kgoe,EG.USE.PCAP.KG.OE,554.501992818921
PHL,2019,energy_use_pc_kgoe,EG.USE.PCAP.KG.OE,551.879483141713
PHL,2020,energy_use_pc_kgoe,EG.USE.PCAP.KG.OE,518.170627326086
PHL,2021,energy_use_pc_kgoe,EG.USE.PCAP.KG.OE,531.045421495391
PHL,2022,energy_use_pc_kgoe,EG.USE.PCAP.KG.OE,551.042784448026
PHL,2023,energy_use_pc_kgoe,EG.USE.PCAP.KG.OE,580.1360554135
POL,1990,energy_use_pc_kgoe,EG.USE.PCAP.KG.OE,2705.72692194049
POL,1991,energy_use_pc_kgoe,EG.USE.PCAP.KG.OE,2641.10358006456
POL,1992,energy_use_pc_kgoe,EG.USE.PCAP.KG.OE,2569.22878977271
POL,1993,energy_use_pc_kgoe,EG.USE.PCAP.KG.OE,2625.55495537132
POL,1994,energy_use_pc_kgoe,EG.USE.PCAP.KG.OE,2495.22317226992
POL,1995,energy_use_pc_kgoe,EG.USE.PCAP.KG.OE,2578.20837982237
POL,1996,energy_use_pc_kgoe,EG.USE.PCAP.KG.OE,2680.1080126261
POL,1997,energy_use_pc_kgoe,EG.USE.PCAP.KG.OE,2640.54587904468
POL,1998,energy_use_pc_kgoe,EG.USE.PCAP.KG.OE,2461.01864758147
POL,1999,energy_use_pc_kgoe,EG.USE.PCAP.KG.OE,2396.67141418898
POL,2000,energy_use_pc_kgoe,EG.USE.PCAP.KG.OE,2321.77643337011
POL,2001,energy_use_pc_kgoe,EG.USE.PCAP.KG.OE,2338.14293839845
POL,2002,energy_use_pc_kgoe,EG.USE.PCAP.KG.OE,2312.5947846893
POL,2003,energy_use_pc_kgoe,EG.USE.PCAP.KG.OE,2375.41153801546
POL,2004,energy_use_pc_kgoe,EG.USE.PCAP.KG.OE,2383.78041134423
POL,2005,energy_use_pc_kgoe,EG.USE.PCAP.KG.OE,2414.28237185953
POL,2006,energy_use_pc_kgoe,EG.USE.PCAP.KG.OE,2538.76112384258
POL,2007,energy_use_pc_kgoe,EG.USE.PCAP.KG.OE,2529.61907810596
POL,2008,energy_use_pc_kgoe,EG.USE.PCAP.KG.OE,2563.58518489618
POL,2009,energy_use_pc_kgoe,EG.USE.PCAP.KG.OE,2463.27043395388
POL,2010,energy_use_pc_kgoe,EG.USE.PCAP.KG.OE,2642.06881241023
POL,2011,energy_use_pc_kgoe,EG.USE.PCAP.KG.OE,2652.99080592091
POL,2012,energy_use_pc_kgoe,EG.USE.PCAP.KG.OE,2563.69089214526
POL,2013,energy_use_pc_kgoe,EG.USE.PCAP.KG.OE,2567.18208491979
POL,2014,energy_use_pc_kgoe,EG.USE.PCAP.KG.OE,2473.79770713362
POL,2015,energy_use_pc_kgoe,EG.USE.PCAP.KG.OE,2498.7740659386
POL,2016,energy_use_pc_kgoe,EG.USE.PCAP.KG.OE,2614.97160490538
POL,2017,energy_use_pc_kgoe,EG.USE.PCAP.KG.OE,2734.42727608835
POL,2018,energy_use_pc_kgoe,EG.USE.PCAP.KG.OE,2865.52683144763
POL,2019,energy_use_pc_kgoe,EG.USE.PCAP.KG.OE,2761.07246212926
POL,2020,energy_use_pc_kgoe,EG.USE.PCAP.KG.OE,2710.95606232103
POL,2021,energy_use_pc_kgoe,EG.USE.PCAP.KG.OE,2920.11352538648
POL,2022,energy_use_pc_kgoe,EG.USE.PCAP.KG.OE,2798.00774623397
POL,2023,energy_use_pc_kgoe,EG.USE.PCAP.KG.OE,2639.20385996686
POL,2024,energy_use_pc_kgoe,EG.USE.PCAP.KG.OE,2646.7365667251
PRT,1990,energy_use_pc_kgoe,EG.USE.PCAP.KG.OE,1680.88286201382
PRT,1991,energy_use_pc_kgoe,EG.USE.PCAP.KG.OE,1703.25479262559
PRT,1992,energy_use_pc_kgoe,EG.USE.PCAP.KG.OE,1813.60280380135
PRT,1993,energy_use_pc_kgoe,EG.USE.PCAP.KG.OE,1786.33794491445
PRT,1994,energy_use_pc_kgoe,EG.USE.PCAP.KG.OE,1827.69065121281
PRT,1995,energy_use_pc_kgoe,EG.USE.PCAP.KG.OE,2013.96965845437
PRT,1996,energy_use_pc_kgoe,EG.USE.PCAP.KG.OE,1986.79149693102
PRT,1997,energy_use_pc_kgoe,EG.USE.PCAP.KG.OE,2083.46205659678
PRT,1998,energy_use_pc_kgoe,EG.USE.PCAP.KG.OE,2240.06330016631
PRT,1999,energy_use_pc_kgoe,EG.USE.PCAP.KG.OE,2390.35284181731
PRT,2000,energy_use_pc_kgoe,EG.USE.PCAP.KG.OE,2390.18870122638
PRT,2001,energy_use_pc_kgoe,EG.USE.PCAP.KG.OE,2391.32113737669
PRT,2002,energy_use_pc_kgoe,EG.USE.PCAP.KG.OE,2477.60275830907
PRT,2003,energy_use_pc_kgoe,EG.USE.PCAP.KG.OE,2400.86139844201
PRT,2004,energy_use_pc_kgoe,EG.USE.PCAP.KG.OE,2463.10248808928
PRT,2005,energy_use_pc_kgoe,EG.USE.PCAP.KG.OE,2519.13901861547
PRT,2006,energy_use_pc_kgoe,EG.USE.PCAP.KG.OE,2390.46374599498
PRT,2007,energy_use_pc_kgoe,EG.USE.PCAP.KG.OE,2402.51066519403
PRT,2008,energy_use_pc_kgoe,EG.USE.PCAP.KG.OE,2337.4925314705
PRT,2009,energy_use_pc_kgoe,EG.USE.PCAP.KG.OE,2304.1784841547
PRT,2010,energy_use_pc_kgoe,EG.USE.PCAP.KG.OE,2222.62833547109
PRT,2011,energy_use_pc_kgoe,EG.USE.PCAP.KG.OE,2164.03219875257
PRT,2012,energy_use_pc_kgoe,EG.USE.PCAP.KG.OE,2039.16999711033
PRT,2013,energy_use_pc_kgoe,EG.USE.PCAP.KG.OE,2055.58816601984
PRT,2014,energy_use_pc_kgoe,EG.USE.PCAP.KG.OE,2035.41142547114
PRT,2015,energy_use_pc_kgoe,EG.USE.PCAP.KG.OE,2121.0872664787
PRT,2016,energy_use_pc_kgoe,EG.USE.PCAP.KG.OE,2111.0971132123
PRT,2017,energy_use_pc_kgoe,EG.USE.PCAP.KG.OE,2209.9813508898
PRT,2018,energy_use_pc_kgoe,EG.USE.PCAP.KG.OE,2140.97558921814
PRT,2019,energy_use_pc_kgoe,EG.USE.PCAP.KG.OE,2115.18570481977
PRT,2020,energy_use_pc_kgoe,EG.USE.PCAP.KG.OE,1957.30550192994
PRT,2021,energy_use_pc_kgoe,EG.USE.PCAP.KG.OE,1943.29269675495
PRT,2022,energy_use_pc_kgoe,EG.USE.PCAP.KG.OE,1949.86496103932
PRT,2023,energy_use_pc_kgoe,EG.USE.PCAP.KG.OE,1853.15672016889
PRT,2024,energy_use_pc_kgoe,EG.USE.PCAP.KG.OE,1815.40132453961
ROU,1990,energy_use_pc_kgoe,EG.USE.PCAP.KG.OE,2671.36962946956
ROU,1991,energy_use_pc_kgoe,EG.USE.PCAP.KG.OE,2220.46475650881
ROU,1992,energy_use_pc_kgoe,EG.USE.PCAP.KG.OE,2020.96066672171
ROU,1993,energy_use_pc_kgoe,EG.USE.PCAP.KG.OE,2007.21364485422
ROU,1994,energy_use_pc_kgoe,EG.USE.PCAP.KG.OE,1896.34525995591
ROU,1995,energy_use_pc_kgoe,EG.USE.PCAP.KG.OE,2054.45247554785
ROU,1996,energy_use_pc_kgoe,EG.USE.PCAP.KG.OE,2115.50331778847
ROU,1997,energy_use_pc_kgoe,EG.USE.PCAP.KG.OE,1990.18638099548
ROU,1998,energy_use_pc_kgoe,EG.USE.PCAP.KG.OE,1825.71004452739
ROU,1999,energy_use_pc_kgoe,EG.USE.PCAP.KG.OE,1613.96489981066
ROU,2000,energy_use_pc_kgoe,EG.USE.PCAP.KG.OE,1615.33488235312
ROU,2001,energy_use_pc_kgoe,EG.USE.PCAP.KG.OE,1666.72400767413
ROU,2002,energy_use_pc_kgoe,EG.USE.PCAP.KG.OE,1755.33108643191
ROU,2003,energy_use_pc_kgoe,EG.USE.PCAP.KG.OE,1841.57433869048
ROU,2004,energy_use_pc_kgoe,EG.USE.PCAP.KG.OE,1807.04208024679
ROU,2005,energy_use_pc_kgoe,EG.USE.PCAP.KG.OE,1808.18761844581
ROU,2006,energy_use_pc_kgoe,EG.USE.PCAP.KG.OE,1881.71766548482
ROU,2007,energy_use_pc_kgoe,EG.USE.PCAP.KG.OE,1900.48321448247
ROU,2008,energy_use_pc_kgoe,EG.USE.PCAP.KG.OE,1925.09359481658
ROU,2009,energy_use_pc_kgoe,EG.USE.PCAP.KG.OE,1707.81228256351
ROU,2010,energy_use_pc_kgoe,EG.USE.PCAP.KG.OE,1724.69848692837
ROU,2011,energy_use_pc_kgoe,EG.USE.PCAP.KG.OE,1771.70358553223
ROU,2012,energy_use_pc_kgoe,EG.USE.PCAP.KG.OE,1736.57620479665
ROU,2013,energy_use_pc_kgoe,EG.USE.PCAP.KG.OE,1590.19381302075
ROU,2014,energy_use_pc_kgoe,EG.USE.PCAP.KG.OE,1579.40659793132
ROU,2015,energy_use_pc_kgoe,EG.USE.PCAP.KG.OE,1598.69179785792
ROU,2016,energy_use_pc_kgoe,EG.USE.PCAP.KG.OE,1604.62335040687
ROU,2017,energy_use_pc_kgoe,EG.USE.PCAP.KG.OE,1693.37364201715
ROU,2018,energy_use_pc_kgoe,EG.USE.PCAP.KG.OE,1717.11748022415
ROU,2019,energy_use_pc_kgoe,EG.USE.PCAP.KG.OE,1705.25777604649
ROU,2020,energy_use_pc_kgoe,EG.USE.PCAP.KG.OE,1669.6382293589
ROU,2021,energy_use_pc_kgoe,EG.USE.PCAP.KG.OE,1787.09564245924
ROU,2022,energy_use_pc_kgoe,EG.USE.PCAP.KG.OE,1655.23818974845
ROU,2023,energy_use_pc_kgoe,EG.USE.PCAP.KG.OE,1600.61942333991
RUS,1990,energy_use_pc_kgoe,EG.USE.PCAP.KG.OE,5942.67811987717
RUS,1991,energy_use_pc_kgoe,EG.USE.PCAP.KG.OE,5871.9943382327
RUS,1992,energy_use_pc_kgoe,EG.USE.PCAP.KG.OE,5357.07699443819
RUS,1993,energy_use_pc_kgoe,EG.USE.PCAP.KG.OE,5060.11636686839
RUS,1994,energy_use_pc_kgoe,EG.USE.PCAP.KG.OE,4427.26643919973
RUS,1995,energy_use_pc_kgoe,EG.USE.PCAP.KG.OE,4291.53342502059
RUS,1996,energy_use_pc_kgoe,EG.USE.PCAP.KG.OE,4254.59294421479
RUS,1997,energy_use_pc_kgoe,EG.USE.PCAP.KG.OE,4070.65837100817
RUS,1998,energy_use_pc_kgoe,EG.USE.PCAP.KG.OE,3982.26585700237
RUS,1999,energy_use_pc_kgoe,EG.USE.PCAP.KG.OE,4137.74703962256
RUS,2000,energy_use_pc_kgoe,EG.USE.PCAP.KG.OE,4224.98951887146
RUS,2001,energy_use_pc_kgoe,EG.USE.PCAP.KG.OE,4287.90829493258
RUS,2002,energy_use_pc_kgoe,EG.USE.PCAP.KG.OE,4289.43957286052
RUS,2003,energy_use_pc_kgoe,EG.USE.PCAP.KG.OE,4461.83176005763
RUS,2004,energy_use_pc_kgoe,EG.USE.PCAP.KG.OE,4494.50152836851
RUS,2005,energy_use_pc_kgoe,EG.USE.PCAP.KG.OE,4541.20863501769
RUS,2006,energy_use_pc_kgoe,EG.USE.PCAP.KG.OE,4689.15108443259
RUS,2007,energy_use_pc_kgoe,EG.USE.PCAP.KG.OE,4710.47452096269
RUS,2008,energy_use_pc_kgoe,EG.USE.PCAP.KG.OE,4822.38136319959
RUS,2009,energy_use_pc_kgoe,EG.USE.PCAP.KG.OE,4529.20319928613
RUS,2010,energy_use_pc_kgoe,EG.USE.PCAP.KG.OE,4853.36753031766
RUS,2011,energy_use_pc_kgoe,EG.USE.PCAP.KG.OE,5004.23439250465
RUS,2012,energy_use_pc_kgoe,EG.USE.PCAP.KG.OE,5056.08323400834
RUS,2013,energy_use_pc_kgoe,EG.USE.PCAP.KG.OE,4919.89870162422
RUS,2014,energy_use_pc_kgoe,EG.USE.PCAP.KG.OE,4915.75746633152
RUS,2015,energy_use_pc_kgoe,EG.USE.PCAP.KG.OE,4804.23014928516
RUS,2016,energy_use_pc_kgoe,EG.USE.PCAP.KG.OE,4936.04266971322
RUS,2017,energy_use_pc_kgoe,EG.USE.PCAP.KG.OE,5018.77352571388
RUS,2018,energy_use_pc_kgoe,EG.USE.PCAP.KG.OE,5279.09416060338
RUS,2019,energy_use_pc_kgoe,EG.USE.PCAP.KG.OE,5082.7299560342
RUS,2020,energy_use_pc_kgoe,EG.USE.PCAP.KG.OE,5068.38550364971
RUS,2021,energy_use_pc_kgoe,EG.USE.PCAP.KG.OE,5710.55279279027
RUS,2022,energy_use_pc_kgoe,EG.USE.PCAP.KG.OE,5707.1572675389
RUS,2023,energy_use_pc_kgoe,EG.USE.PCAP.KG.OE,5498.30525622561
SAU,1990,energy_use_pc_kgoe,EG.USE.PCAP.KG.OE,5451.71882279534
SAU,1991,energy_use_pc_kgoe,EG.USE.PCAP.KG.OE,6050.38289786175
SAU,1992,energy_use_pc_kgoe,EG.USE.PCAP.KG.OE,6582.97119687211
SAU,1993,energy_use_pc_kgoe,EG.USE.PCAP.KG.OE,6537.84679475271
SAU,1994,energy_use_pc_kgoe,EG.USE.PCAP.KG.OE,6591.02644141393
SAU,1995,energy_use_pc_kgoe,EG.USE.PCAP.KG.OE,6316.7131696411
SAU,1996,energy_use_pc_kgoe,EG.USE.PCAP.KG.OE,6494.45936719249
SAU,1997,energy_use_pc_kgoe,EG.USE.PCAP.KG.OE,6019.93240274695
SAU,1998,energy_use_pc_kgoe,EG.USE.PCAP.KG.OE,6169.38088980637
SAU,1999,energy_use_pc_kgoe,EG.USE.PCAP.KG.OE,6054.28343091785
SAU,2000,energy_use_pc_kgoe,EG.USE.PCAP.KG.OE,6516.00755562211
SAU,2001,energy_use_pc_kgoe,EG.USE.PCAP.KG.OE,6348.58935367071
SAU,2002,energy_use_pc_kgoe,EG.USE.PCAP.KG.OE,6826.99573187577
SAU,2003,energy_use_pc_kgoe,EG.USE.PCAP.KG.OE,6631.81585672969
SAU,2004,energy_use_pc_kgoe,EG.USE.PCAP.KG.OE,6375.54473048108
SAU,2005,energy_use_pc_kgoe,EG.USE.PCAP.KG.OE,6447.07190249029
SAU,2006,energy_use_pc_kgoe,EG.USE.PCAP.KG.OE,6605.44101687621
SAU,2007,energy_use_pc_kgoe,EG.USE.PCAP.KG.OE,6696.94747279399
SAU,2008,energy_use_pc_kgoe,EG.USE.PCAP.KG.OE,6980.05897029755
SAU,2009,energy_use_pc_kgoe,EG.USE.PCAP.KG.OE,7125.05300494705
SAU,2010,energy_use_pc_kgoe,EG.USE.PCAP.KG.OE,7965.26121862505
SAU,2011,energy_use_pc_kgoe,EG.USE.PCAP.KG.OE,7979.3799657336
SAU,2012,energy_use_pc_kgoe,EG.USE.PCAP.KG.OE,7862.42354103658
SAU,2013,energy_use_pc_kgoe,EG.USE.PCAP.KG.OE,7401.17130265584
SAU,2014,energy_use_pc_kgoe,EG.USE.PCAP.KG.OE,7959.81351652344
SAU,2015,energy_use_pc_kgoe,EG.USE.PCAP.KG.OE,7786.91651664863
SAU,2016,energy_use_pc_kgoe,EG.USE.PCAP.KG.OE,7521.58911581712
SAU,2017,energy_use_pc_kgoe,EG.USE.PCAP.KG.OE,7707.05632967392
SAU,2018,energy_use_pc_kgoe,EG.USE.PCAP.KG.OE,7650.76338796016
SAU,2019,energy_use_pc_kgoe,EG.USE.PCAP.KG.OE,7669.39905417665
SAU,2020,energy_use_pc_kgoe,EG.USE.PCAP.KG.OE,7172.00803547452
SAU,2021,energy_use_pc_kgoe,EG.USE.PCAP.KG.OE,7467.02479068822
SAU,2022,energy_use_pc_kgoe,EG.USE.PCAP.KG.OE,7525.25321185534
SAU,2023,energy_use_pc_kgoe,EG.USE.PCAP.KG.OE,7148.58725115291
SGP,1990,energy_use_pc_kgoe,EG.USE.PCAP.KG.OE,3782.71772957552
SGP,1991,energy_use_pc_kgoe,EG.USE.PCAP.KG.OE,4167.37343867502
SGP,1992,energy_use_pc_kgoe,EG.USE.PCAP.KG.OE,4588.88701797782
SGP,1993,energy_use_pc_kgoe,EG.USE.PCAP.KG.OE,5487.72262199385
SGP,1994,energy_use_pc_kgoe,EG.USE.PCAP.KG.OE,6460.58950762107
SGP,1995,energy_use_pc_kgoe,EG.USE.PCAP.KG.OE,5346.98780182868
SGP,1996,energy_use_pc_kgoe,EG.USE.PCAP.KG.OE,5359.513368456
SGP,1997,energy_use_pc_kgoe,EG.USE.PCAP.KG.OE,5818.45053429947
SGP,1998,energy_use_pc_kgoe,EG.USE.PCAP.KG.OE,5083.35878222717
SGP,1999,energy_use_pc_kgoe,EG.USE.PCAP.KG.OE,4587.57994680042
SGP,2000,energy_use_pc_kgoe,EG.USE.PCAP.KG.OE,4634.81368272521
SGP,2001,energy_use_pc_kgoe,EG.USE.PCAP.KG.OE,5146.02323865296
SGP,2002,energy_use_pc_kgoe,EG.USE.PCAP.KG.OE,5066.19603486754
SGP,2003,energy_use_pc_kgoe,EG.USE.PCAP.KG.OE,6217.05880619521
SGP,2004,energy_use_pc_kgoe,EG.USE.PCAP.KG.OE,7371.02793327917
SGP,2005,energy_use_pc_kgoe,EG.USE.PCAP.KG.OE,4925.75757554205
SGP,2006,energy_use_pc_kgoe,EG.USE.PCAP.KG.OE,5128.30865666219
SGP,2007,energy_use_pc_kgoe,EG.USE.PCAP.KG.OE,4537.4171693226
SGP,2008,energy_use_pc_kgoe,EG.USE.PCAP.KG.OE,4958.46248257993
SGP,2009,energy_use_pc_kgoe,EG.USE.PCAP.KG.OE,5321.08304981114
SGP,2010,energy_use_pc_kgoe,EG.USE.PCAP.KG.OE,4856.84920025022
SGP,2011,energy_use_pc_kgoe,EG.USE.PCAP.KG.OE,4086.3260711538
SGP,2012,energy_use_pc_kgoe,EG.USE.PCAP.KG.OE,4787.02308838074
SGP,2013,energy_use_pc_kgoe,EG.USE.PCAP.KG.OE,5273.75292208676
SGP,2014,energy_use_pc_kgoe,EG.USE.PCAP.KG.OE,4986.32779651842
SGP,2015,energy_use_pc_kgoe,EG.USE.PCAP.KG.OE,5242.6504334371
SGP,2016,energy_use_pc_kgoe,EG.USE.PCAP.KG.OE,5449.41985010808
SGP,2017,energy_use_pc_kgoe,EG.USE.PCAP.KG.OE,5799.39529471808
SGP,2018,energy_use_pc_kgoe,EG.USE.PCAP.KG.OE,5692.66564748734
SGP,2019,energy_use_pc_kgoe,EG.USE.PCAP.KG.OE,5565.91519291042
SGP,2020,energy_use_pc_kgoe,EG.USE.PCAP.KG.OE,5538.12371561154
SGP,2021,energy_use_pc_kgoe,EG.USE.PCAP.KG.OE,5966.32763521289
SGP,2022,energy_use_pc_kgoe,EG.USE.PCAP.KG.OE,5785.04367341681
SGP,2023,energy_use_pc_kgoe,EG.USE.PCAP.KG.OE,5282.7637359991
SWE,1990,energy_use_pc_kgoe,EG.USE.PCAP.KG.OE,5514.19827733048
SWE,1991,energy_use_pc_kgoe,EG.USE.PCAP.KG.OE,5650.16283823718
SWE,1992,energy_use_pc_kgoe,EG.USE.PCAP.KG.OE,5369.06986784062
SWE,1993,energy_use_pc_kgoe,EG.USE.PCAP.KG.OE,5333.87357287498
SWE,1994,energy_use_pc_kgoe,EG.USE.PCAP.KG.OE,5659.95258523583
SWE,1995,energy_use_pc_kgoe,EG.USE.PCAP.KG.OE,5701.87027966891
SWE,1996,energy_use_pc_kgoe,EG.USE.PCAP.KG.OE,5824.79922638629
SWE,1997,energy_use_pc_kgoe,EG.USE.PCAP.KG.OE,5683.45838854063
SWE,1998,energy_use_pc_kgoe,EG.USE.PCAP.KG.OE,5783.40686535687
SWE,1999,energy_use_pc_kgoe,EG.USE.PCAP.KG.OE,5675.23773166234
SWE,2000,energy_use_pc_kgoe,EG.USE.PCAP.KG.OE,5375.75151158851
SWE,2001,energy_use_pc_kgoe,EG.USE.PCAP.KG.OE,5701.68206771918
SWE,2002,energy_use_pc_kgoe,EG.USE.PCAP.KG.OE,5826.34189342548
SWE,2003,energy_use_pc_kgoe,EG.USE.PCAP.KG.OE,5676.54834518443
SWE,2004,energy_use_pc_kgoe,EG.USE.PCAP.KG.OE,5872.97554411383
SWE,2005,energy_use_pc_kgoe,EG.USE.PCAP.KG.OE,5711.64214196537
SWE,2006,energy_use_pc_kgoe,EG.USE.PCAP.KG.OE,5532.76265714386
SWE,2007,energy_use_pc_kgoe,EG.USE.PCAP.KG.OE,5464.45613719356
SWE,2008,energy_use_pc_kgoe,EG.USE.PCAP.KG.OE,5383.76479707233
SWE,2009,energy_use_pc_kgoe,EG.USE.PCAP.KG.OE,4891.39219246248
SWE,2010,energy_use_pc_kgoe,EG.USE.PCAP.KG.OE,5443.32366800687
SWE,2011,energy_use_pc_kgoe,EG.USE.PCAP.KG.OE,5281.40096330574
SWE,2012,energy_use_pc_kgoe,EG.USE.PCAP.KG.OE,5295.92806615816
SWE,2013,energy_use_pc_kgoe,EG.USE.PCAP.KG.OE,5178.9349383913
SWE,2014,energy_use_pc_kgoe,EG.USE.PCAP.KG.OE,4997.87990362276
SWE,2015,energy_use_pc_kgoe,EG.USE.PCAP.KG.OE,4573.58907986933
SWE,2016,energy_use_pc_kgoe,EG.USE.PCAP.KG.OE,4858.89940544006
SWE,2017,energy_use_pc_kgoe,EG.USE.PCAP.KG.OE,4926.81117539334
SWE,2018,energy_use_pc_kgoe,EG.USE.PCAP.KG.OE,4966.26111814633
SWE,2019,energy_use_pc_kgoe,EG.USE.PCAP.KG.OE,4781.87568337501
SWE,2020,energy_use_pc_kgoe,EG.USE.PCAP.KG.OE,4284.99805555044
SWE,2021,energy_use_pc_kgoe,EG.USE.PCAP.KG.OE,4558.74420693219
SWE,2022,energy_use_pc_kgoe,EG.USE.PCAP.KG.OE,4323.66572139304
SWE,2023,energy_use_pc_kgoe,EG.USE.PCAP.KG.OE,4288.83333908122
SWE,2024,energy_use_pc_kgoe,EG.USE.PCAP.KG.OE,4308.30881527016
THA,1990,energy_use_pc_kgoe,EG.USE.PCAP.KG.OE,774.494770138849
THA,1991,energy_use_pc_kgoe,EG.USE.PCAP.KG.OE,825.479872492741
THA,1992,energy_use_pc_kgoe,EG.USE.PCAP.KG.OE,865.704309113413
THA,1993,energy_use_pc_kgoe,EG.USE.PCAP.KG.OE,899.125553407656
THA,1994,energy_use_pc_kgoe,EG.USE.PCAP.KG.OE,979.262431000536
THA,1995,energy_use_pc_kgoe,EG.USE.PCAP.KG.OE,1052.28021147702
THA,1996,energy_use_pc_kgoe,EG.USE.PCAP.KG.OE,1160.58015021158
THA,1997,energy_use_pc_kgoe,EG.USE.PCAP.KG.OE,1166.79566594222
THA,1998,energy_use_pc_kgoe,EG.USE.PCAP.KG.OE,1079.80595351035
THA,1999,energy_use_pc_kgoe,EG.USE.PCAP.KG.OE,1138.84929761085
THA,2000,energy_use_pc_kgoe,EG.USE.PCAP.KG.OE,1153.04552225626
THA,2001,energy_use_pc_kgoe,EG.USE.PCAP.KG.OE,1174.20279195013
THA,2002,energy_use_pc_kgoe,EG.USE.PCAP.KG.OE,1286.14403684353
THA,2003,energy_use_pc_kgoe,EG.USE.PCAP.KG.OE,1379.29175743715
THA,2004,energy_use_pc_kgoe,EG.USE.PCAP.KG.OE,1477.38480877104
THA,2005,energy_use_pc_kgoe,EG.USE.PCAP.KG.OE,1508.58026062719
THA,2006,energy_use_pc_kgoe,EG.USE.PCAP.KG.OE,1525.12655757667
THA,2007,energy_use_pc_kgoe,EG.USE.PCAP.KG.OE,1569.87237319879
THA,2008,energy_use_pc_kgoe,EG.USE.PCAP.KG.OE,1596.82835450256
THA,2009,energy_use_pc_kgoe,EG.USE.PCAP.KG.OE,1578.76107269732
THA,2010,energy_use_pc_kgoe,EG.USE.PCAP.KG.OE,1718.62118368043
THA,2011,energy_use_pc_kgoe,EG.USE.PCAP.KG.OE,1704.82334080525
THA,2012,energy_use_pc_kgoe,EG.USE.PCAP.KG.OE,1818.19204308684
THA,2013,energy_use_pc_kgoe,EG.USE.PCAP.KG.OE,1943.92303978228
THA,2014,energy_use_pc_kgoe,EG.USE.PCAP.KG.OE,1926.22582617648
THA,2015,energy_use_pc_kgoe,EG.USE.PCAP.KG.OE,1932.67390968815
THA,2016,energy_use_pc_kgoe,EG.USE.PCAP.KG.OE,1985.00530928348
THA,2017,energy_use_pc_kgoe,EG.USE.PCAP.KG.OE,1988.13781529099
THA,2018,energy_use_pc_kgoe,EG.USE.PCAP.KG.OE,1951.8556356188
THA,2019,energy_use_pc_kgoe,EG.USE.PCAP.KG.OE,1989.81234226863
THA,2020,energy_use_pc_kgoe,EG.USE.PCAP.KG.OE,1884.35073727402
THA,2021,energy_use_pc_kgoe,EG.USE.PCAP.KG.OE,1848.06336093307
THA,2022,energy_use_pc_kgoe,EG.USE.PCAP.KG.OE,1867.46968312053
THA,2023,energy_use_pc_kgoe,EG.USE.PCAP.KG.OE,1851.27231424167
TUR,1990,energy_use_pc_kgoe,EG.USE.PCAP.KG.OE,918.261888219127
TUR,1991,energy_use_pc_kgoe,EG.USE.PCAP.KG.OE,887.162812412747
TUR,1992,energy_use_pc_kgoe,EG.USE.PCAP.KG.OE,911.309124510702
TUR,1993,energy_use_pc_kgoe,EG.USE.PCAP.KG.OE,955.118552884009
TUR,1994,energy_use_pc_kgoe,EG.USE.PCAP.KG.OE,927.181663056975
TUR,1995,energy_use_pc_kgoe,EG.USE.PCAP.KG.OE,997.967536333338
TUR,1996,energy_use_pc_kgoe,EG.USE.PCAP.KG.OE,1073.12750011037
TUR,1997,energy_use_pc_kgoe,EG.USE.PCAP.KG.OE,1109.80579406891
TUR,1998,energy_use_pc_kgoe,EG.USE.PCAP.KG.OE,1111.04759170567
TUR,1999,energy_use_pc_kgoe,EG.USE.PCAP.KG.OE,1079.90999533335
TUR,2000,energy_use_pc_kgoe,EG.USE.PCAP.KG.OE,1166.01412005443
TUR,2001,energy_use_pc_kgoe,EG.USE.PCAP.KG.OE,1060.57071953568
TUR,2002,energy_use_pc_kgoe,EG.USE.PCAP.KG.OE,1107.27991011855
TUR,2003,energy_use_pc_kgoe,EG.USE.PCAP.KG.OE,1159.99665803769
TUR,2004,energy_use_pc_kgoe,EG.USE.PCAP.KG.OE,1176.75430160118
TUR,2005,energy_use_pc_kgoe,EG.USE.PCAP.KG.OE,1211.46561646669
TUR,2006,energy_use_pc_kgoe,EG.USE.PCAP.KG.OE,1328.69230138979
TUR,2007,energy_use_pc_kgoe,EG.USE.PCAP.KG.OE,1429.92300570179
TUR,2008,energy_use_pc_kgoe,EG.USE.PCAP.KG.OE,1385.17801532797
TUR,2009,energy_use_pc_kgoe,EG.USE.PCAP.KG.OE,1364.09730379872
TUR,2010,energy_use_pc_kgoe,EG.USE.PCAP.KG.OE,1445.41016354332
TUR,2011,energy_use_pc_kgoe,EG.USE.PCAP.KG.OE,1515.88033612695
TUR,2012,energy_use_pc_kgoe,EG.USE.PCAP.KG.OE,1567.31606123672
TUR,2013,energy_use_pc_kgoe,EG.USE.PCAP.KG.OE,1510.79118967025
TUR,2014,energy_use_pc_kgoe,EG.USE.PCAP.KG.OE,1543.09095693879
TUR,2015,energy_use_pc_kgoe,EG.USE.PCAP.KG.OE,1646.83631130339
TUR,2016,energy_use_pc_kgoe,EG.USE.PCAP.KG.OE,1724.54363987712
TUR,2017,energy_use_pc_kgoe,EG.USE.PCAP.KG.OE,1828.02986770908
TUR,2018,energy_use_pc_kgoe,EG.USE.PCAP.KG.OE,1771.33742856964
TUR,2019,energy_use_pc_kgoe,EG.USE.PCAP.KG.OE,1774.19625722275
TUR,2020,energy_use_pc_kgoe,EG.USE.PCAP.KG.OE,1762.01062220058
TUR,2021,energy_use_pc_kgoe,EG.USE.PCAP.KG.OE,1894.62719281739
TUR,2022,energy_use_pc_kgoe,EG.USE.PCAP.KG.OE,1841.55630679263
TUR,2023,energy_use_pc_kgoe,EG.USE.PCAP.KG.OE,1849.53592344542
TUR,2024,energy_use_pc_kgoe,EG.USE.PCAP.KG.OE,1924.93815098993
USA,1990,energy_use_pc_kgoe,EG.USE.PCAP.KG.OE,7669.4512686363
USA,1991,energy_use_pc_kgoe,EG.USE.PCAP.KG.OE,7629.84715395512
USA,1992,energy_use_pc_kgoe,EG.USE.PCAP.KG.OE,7675.63655553518
USA,1993,energy_use_pc_kgoe,EG.USE.PCAP.KG.OE,7708.10161116809
USA,1994,energy_use_pc_kgoe,EG.USE.PCAP.KG.OE,7755.08252133275
USA,1995,energy_use_pc_kgoe,EG.USE.PCAP.KG.OE,7760.89035266192
USA,1996,energy_use_pc_kgoe,EG.USE.PCAP.KG.OE,7841.59288605808
USA,1997,energy_use_pc_kgoe,EG.USE.PCAP.KG.OE,7825.23663798017
USA,1998,energy_use_pc_kgoe,EG.USE.PCAP.KG.OE,7800.439490719
USA,1999,energy_use_pc_kgoe,EG.USE.PCAP.KG.OE,7920.05392329598
USA,2000,energy_use_pc_kgoe,EG.USE.PCAP.KG.OE,8055.14548852416
USA,2001,energy_use_pc_kgoe,EG.USE.PCAP.KG.OE,7824.24393877407
USA,2002,energy_use_pc_kgoe,EG.USE.PCAP.KG.OE,7840.46095949898
USA,2003,energy_use_pc_kgoe,EG.USE.PCAP.KG.OE,7791.30391526846
USA,2004,energy_use_pc_kgoe,EG.USE.PCAP.KG.OE,7878.53717143427
USA,2005,energy_use_pc_kgoe,EG.USE.PCAP.KG.OE,7843.3910574627
USA,2006,energy_use_pc_kgoe,EG.USE.PCAP.KG.OE,7694.40657948116
USA,2007,energy_use_pc_kgoe,EG.USE.PCAP.KG.OE,7756.0141894981
USA,2008,energy_use_pc_kgoe,EG.USE.PCAP.KG.OE,7484.83268900712
USA,2009,energy_use_pc_kgoe,EG.USE.PCAP.KG.OE,7053.35846690965
USA,2010,energy_use_pc_kgoe,EG.USE.PCAP.KG.OE,7162.55933024159
USA,2011,energy_use_pc_kgoe,EG.USE.PCAP.KG.OE,7009.64607964907
USA,2012,energy_use_pc_kgoe,EG.USE.PCAP.KG.OE,6820.46062064875
USA,2013,energy_use_pc_kgoe,EG.USE.PCAP.KG.OE,6888.38143742637
USA,2014,energy_use_pc_kgoe,EG.USE.PCAP.KG.OE,6915.64165280321
USA,2015,energy_use_pc_kgoe,EG.USE.PCAP.KG.OE,6789.64733291075
USA,2016,energy_use_pc_kgoe,EG.USE.PCAP.KG.OE,6663.4963294418
USA,2017,energy_use_pc_kgoe,EG.USE.PCAP.KG.OE,6590.83509745633
USA,2018,energy_use_pc_kgoe,EG.USE.PCAP.KG.OE,6738.27272433986
USA,2019,energy_use_pc_kgoe,EG.USE.PCAP.KG.OE,6700.93033990565
USA,2020,energy_use_pc_kgoe,EG.USE.PCAP.KG.OE,6141.53125755889
USA,2021,energy_use_pc_kgoe,EG.USE.PCAP.KG.OE,6445.83409243358
USA,2022,energy_use_pc_kgoe,EG.USE.PCAP.KG.OE,6511.68841394546
USA,2023,energy_use_pc_kgoe,EG.USE.PCAP.KG.OE,6363.50015820072
USA,2024,energy_use_pc_kgoe,EG.USE.PCAP.KG.OE,6359.43979855855
VNM,1990,energy_use_pc_kgoe,EG.USE.PCAP.KG.OE,272.780251085134
VNM,1991,energy_use_pc_kgoe,EG.USE.PCAP.KG.OE,270.748866586584
VNM,1992,energy_use_pc_kgoe,EG.USE.PCAP.KG.OE,276.933206862751
VNM,1993,energy_use_pc_kgoe,EG.USE.PCAP.KG.OE,294.74751383968
VNM,1994,energy_use_pc_kgoe,EG.USE.PCAP.KG.OE,289.677004526493
VNM,1995,energy_use_pc_kgoe,EG.USE.PCAP.KG.OE,304.058538367664
VNM,1996,energy_use_pc_kgoe,EG.USE.PCAP.KG.OE,315.960539910077
VNM,1997,energy_use_pc_kgoe,EG.USE.PCAP.KG.OE,335.565681064978
VNM,1998,energy_use_pc_kgoe,EG.USE.PCAP.KG.OE,352.512759719206
VNM,1999,energy_use_pc_kgoe,EG.USE.PCAP.KG.OE,358.075426214906
VNM,2000,energy_use_pc_kgoe,EG.USE.PCAP.KG.OE,372.486738202477
VNM,2001,energy_use_pc_kgoe,EG.USE.PCAP.KG.OE,393.081627304938
VNM,2002,energy_use_pc_kgoe,EG.USE.PCAP.KG.OE,424.572449525025
VNM,2003,energy_use_pc_kgoe,EG.USE.PCAP.KG.OE,441.331501223992
VNM,2004,energy_use_pc_kgoe,EG.USE.PCAP.KG.OE,485.432705372372
VNM,2005,energy_use_pc_kgoe,EG.USE.PCAP.KG.OE,509.245126631649
VNM,2006,energy_use_pc_kgoe,EG.USE.PCAP.KG.OE,515.075042472671
VNM,2007,energy_use_pc_kgoe,EG.USE.PCAP.KG.OE,544.673183366382
VNM,2008,energy_use_pc_kgoe,EG.USE.PCAP.KG.OE,572.099542305108
VNM,2009,energy_use_pc_kgoe,EG.USE.PCAP.KG.OE,615.142147070174
VNM,2010,energy_use_pc_kgoe,EG.USE.PCAP.KG.OE,670.10802910064
VNM,2011,energy_use_pc_kgoe,EG.USE.PCAP.KG.OE,663.574440140704
VNM,2012,energy_use_pc_kgoe,EG.USE.PCAP.KG.OE,664.347312614103
VNM,2013,energy_use_pc_kgoe,EG.USE.PCAP.KG.OE,674.678165107275
VNM,2014,energy_use_pc_kgoe,EG.USE.PCAP.KG.OE,745.633531778112
VNM,2015,energy_use_pc_kgoe,EG.USE.PCAP.KG.OE,679.445923972947
VNM,2016,energy_use_pc_kgoe,EG.USE.PCAP.KG.OE,738.879533385899
VNM,2017,energy_use_pc_kgoe,EG.USE.PCAP.KG.OE,757.479979941312
VNM,2018,energy_use_pc_kgoe,EG.USE.PCAP.KG.OE,885.646841787765
VNM,2019,energy_use_pc_kgoe,EG.USE.PCAP.KG.OE,987.27147244039
VNM,2020,energy_use_pc_kgoe,EG.USE.PCAP.KG.OE,991.281232485165
VNM,2021,energy_use_pc_kgoe,EG.USE.PCAP.KG.OE,962.199524881189
VNM,2022,energy_use_pc_kgoe,EG.USE.PCAP.KG.OE,1023.0571362687
VNM,2023,energy_use_pc_kgoe,EG.USE.PCAP.KG.OE,1018.06940422163
ZAF,1990,energy_use_pc_kgoe,EG.USE.PCAP.KG.OE,2238.59314975903
ZAF,1991,energy_use_pc_kgoe,EG.USE.PCAP.KG.OE,2247.25101078796
ZAF,1992,energy_use_pc_kgoe,EG.USE.PCAP.KG.OE,2104.60311343692
ZAF,1993,energy_use_pc_kgoe,EG.USE.PCAP.KG.OE,2197.40025902621
ZAF,1994,energy_use_pc_kgoe,EG.USE.PCAP.KG.OE,2255.95489604194
ZAF,1995,energy_use_pc_kgoe,EG.USE.PCAP.KG.OE,2357.97344794861
ZAF,1996,energy_use_pc_kgoe,EG.USE.PCAP.KG.OE,2395.08882561738
ZAF,1997,energy_use_pc_kgoe,EG.USE.PCAP.KG.OE,2418.36525437478
ZAF,1998,energy_use_pc_kgoe,EG.USE.PCAP.KG.OE,2434.78353341314
ZAF,1999,energy_use_pc_kgoe,EG.USE.PCAP.KG.OE,2365.70130153691
ZAF,2000,energy_use_pc_kgoe,EG.USE.PCAP.KG.OE,2269.37063464901
ZAF,2001,energy_use_pc_kgoe,EG.USE.PCAP.KG.OE,2180.26593384169
ZAF,2002,energy_use_pc_kgoe,EG.USE.PCAP.KG.OE,2072.05766349373
ZAF,2003,energy_use_pc_kgoe,EG.USE.PCAP.KG.OE,2300.85052603256
ZAF,2004,energy_use_pc_kgoe,EG.USE.PCAP.KG.OE,2478.00378605228
ZAF,2005,energy_use_pc_kgoe,EG.USE.PCAP.KG.OE,2374.43550245537
ZAF,2006,energy_use_pc_kgoe,EG.USE.PCAP.KG.OE,2397.99082240112
ZAF,2007,energy_use_pc_kgoe,EG.USE.PCAP.KG.OE,2576.78503956652
ZAF,2008,energy_use_pc_kgoe,EG.USE.PCAP.KG.OE,2738.08467369962
ZAF,2009,energy_use_pc_kgoe,EG.USE.PCAP.KG.OE,2735.00618529644
ZAF,2010,energy_use_pc_kgoe,EG.USE.PCAP.KG.OE,2518.44190314477
ZAF,2011,energy_use_pc_kgoe,EG.USE.PCAP.KG.OE,2536.41417638413
ZAF,2012,energy_use_pc_kgoe,EG.USE.PCAP.KG.OE,2394.39798705356
ZAF,2013,energy_use_pc_kgoe,EG.USE.PCAP.KG.OE,2341.17923180198
ZAF,2014,energy_use_pc_kgoe,EG.USE.PCAP.KG.OE,2438.67891656885
ZAF,2015,energy_use_pc_kgoe,EG.USE.PCAP.KG.OE,2257.19467617813
ZAF,2016,energy_use_pc_kgoe,EG.USE.PCAP.KG.OE,2311.76901865151
ZAF,2017,energy_use_pc_kgoe,EG.USE.PCAP.KG.OE,2283.45815447669
ZAF,2018,energy_use_pc_kgoe,EG.USE.PCAP.KG.OE,2184.87777550689
ZAF,2019,energy_use_pc_kgoe,EG.USE.PCAP.KG.OE,2231.91074710296
ZAF,2020,energy_use_pc_kgoe,EG.USE.PCAP.KG.OE,2037.46194166103
ZAF,2021,energy_use_pc_kgoe,EG.USE.PCAP.KG.OE,2124.62297436572
ZAF,2022,energy_use_pc_kgoe,EG.USE.PCAP.KG.OE,1938.30644693274
ZAF,2023,energy_use_pc_kgoe,EG.USE.PCAP.KG.OE,1938.50916018053
ARE,1990,gdp_usd,NY.GDP.MKTP.CD,50701443748.2975
ARE,1991,gdp_usd,NY.GDP.MKTP.CD,51552165622.4462
ARE,1992,gdp_usd,NY.GDP.MKTP.CD,54239171887.769
ARE,1993,gdp_usd,NY.GDP.MKTP.CD,55625170253.337
ARE,1994,gdp_usd,NY.GDP.MKTP.CD,59305093979.842
ARE,1995,gdp_usd,NY.GDP.MKTP.CD,65743666575.8649
ARE,1996,gdp_usd,NY.GDP.MKTP.CD,73571233996.1863
ARE,1997,gdp_usd,NY.GDP.MKTP.CD,78839008444.5655
ARE,1998,gdp_usd,NY.GDP.MKTP.CD,75674336283.1858
ARE,1999,gdp_usd,NY.GDP.MKTP.CD,84445473110.9598
ARE,2000,gdp_usd,NY.GDP.MKTP.CD,104337372362.151
ARE,2001,gdp_usd,NY.GDP.MKTP.CD,103311640571.818
ARE,2002,gdp_usd,NY.GDP.MKTP.CD,109816201497.617
ARE,2003,gdp_usd,NY.GDP.MKTP.CD,124346358066.712
ARE,2004,gdp_usd,NY.GDP.MKTP.CD,147824370319.946
ARE,2005,gdp_usd,NY.GDP.MKTP.CD,180617467964.602
ARE,2006,gdp_usd,NY.GDP.MKTP.CD,222116541865.214
ARE,2007,gdp_usd,NY.GDP.MKTP.CD,257916133424.098
ARE,2008,gdp_usd,NY.GDP.MKTP.CD,315474615738.598
ARE,2009,gdp_usd,NY.GDP.MKTP.CD,253547358747.447
ARE,2010,gdp_usd,NY.GDP.MKTP.CD,307736419332.88
ARE,2011,gdp_usd,NY.GDP.MKTP.CD,368881143635.126
ARE,2012,gdp_usd,NY.GDP.MKTP.CD,392793464942.138
ARE,2013,gdp_usd,NY.GDP.MKTP.CD,409632675289.313
ARE,2014,gdp_usd,NY.GDP.MKTP.CD,424935874744.724
ARE,2015,gdp_usd,NY.GDP.MKTP.CD,381973042886.317
ARE,2016,gdp_usd,NY.GDP.MKTP.CD,381717086453.37
ARE,2017,gdp_usd,NY.GDP.MKTP.CD,403365010211.028
ARE,2018,gdp_usd,NY.GDP.MKTP.CD,440560108917.631
ARE,2019,gdp_usd,NY.GDP.MKTP.CD,433926208304.969
ARE,2020,gdp_usd,NY.GDP.MKTP.CD,357161878829.135
ARE,2021,gdp_usd,NY.GDP.MKTP.CD,422441388699.796
ARE,2022,gdp_usd,NY.GDP.MKTP.CD,511403403675.97
ARE,2023,gdp_usd,NY.GDP.MKTP.CD,522622191967.325
ARE,2024,gdp_usd,NY.GDP.MKTP.CD,552324846834.581
ARG,1990,gdp_usd,NY.GDP.MKTP.CD,141352654305.163
ARG,1991,gdp_usd,NY.GDP.MKTP.CD,189719984268.485
ARG,1992,gdp_usd,NY.GDP.MKTP.CD,228778917308.17
ARG,1993,gdp_usd,NY.GDP.MKTP.CD,236741715015.015
ARG,1994,gdp_usd,NY.GDP.MKTP.CD,257440000000
ARG,1995,gdp_usd,NY.GDP.MKTP.CD,258031750000
ARG,1996,gdp_usd,NY.GDP.MKTP.CD,272149750000
ARG,1997,gdp_usd,NY.GDP.MKTP.CD,292859000000
ARG,1998,gdp_usd,NY.GDP.MKTP.CD,298948250000
ARG,1999,gdp_usd,NY.GDP.MKTP.CD,283523000000
ARG,2000,gdp_usd,NY.GDP.MKTP.CD,284203750000
ARG,2001,gdp_usd,NY.GDP.MKTP.CD,268696750000
ARG,2002,gdp_usd,NY.GDP.MKTP.CD,97724004251.8602
ARG,2003,gdp_usd,NY.GDP.MKTP.CD,127586973492.177
ARG,2004,gdp_usd,NY.GDP.MKTP.CD,164657930452.787
ARG,2005,gdp_usd,NY.GDP.MKTP.CD,198737095012.282
ARG,2006,gdp_usd,NY.GDP.MKTP.CD,232557260817.308
ARG,2007,gdp_usd,NY.GDP.MKTP.CD,287530508430.568
ARG,2008,gdp_usd,NY.GDP.MKTP.CD,361558037110.419
ARG,2009,gdp_usd,NY.GDP.MKTP.CD,332976484577.619
ARG,2010,gdp_usd,NY.GDP.MKTP.CD,423627422092.49
ARG,2011,gdp_usd,NY.GDP.MKTP.CD,530158122010.442
ARG,2012,gdp_usd,NY.GDP.MKTP.CD,545982375701.128
ARG,2013,gdp_usd,NY.GDP.MKTP.CD,552025140252.246
ARG,2014,gdp_usd,NY.GDP.MKTP.CD,526319673731.638
ARG,2015,gdp_usd,NY.GDP.MKTP.CD,594749285413.212
ARG,2016,gdp_usd,NY.GDP.MKTP.CD,557532320662.955
ARG,2017,gdp_usd,NY.GDP.MKTP.CD,643628393281.364
ARG,2018,gdp_usd,NY.GDP.MKTP.CD,524819892360.176
ARG,2019,gdp_usd,NY.GDP.MKTP.CD,447754683615.225
ARG,2020,gdp_usd,NY.GDP.MKTP.CD,385740508436.965
ARG,2021,gdp_usd,NY.GDP.MKTP.CD,486564085480.036
ARG,2022,gdp_usd,NY.GDP.MKTP.CD,633993756301.08
ARG,2023,gdp_usd,NY.GDP.MKTP.CD,649461687959.174
ARG,2024,gdp_usd,NY.GDP.MKTP.CD,638365455340.04
AUS,1990,gdp_usd,NY.GDP.MKTP.CD,311840666465.053
AUS,1991,gdp_usd,NY.GDP.MKTP.CD,326416407860.792
AUS,1992,gdp_usd,NY.GDP.MKTP.CD,325982966981.415
AUS,1993,gdp_usd,NY.GDP.MKTP.CD,312568858909.5
AUS,1994,gdp_usd,NY.GDP.MKTP.CD,323269456935.317
AUS,1995,gdp_usd,NY.GDP.MKTP.CD,368725126225.126
AUS,1996,gdp_usd,NY.GDP.MKTP.CD,401962517479.122
AUS,1997,gdp_usd,NY.GDP.MKTP.CD,436321902767.408
AUS,1998,gdp_usd,NY.GDP.MKTP.CD,400361527504.578
AUS,1999,gdp_usd,NY.GDP.MKTP.CD,390347787943.351
AUS,2000,gdp_usd,NY.GDP.MKTP.CD,416901962163.479
AUS,2001,gdp_usd,NY.GDP.MKTP.CD,380360222861.197
AUS,2002,gdp_usd,NY.GDP.MKTP.CD,396436967262.563
AUS,2003,gdp_usd,NY.GDP.MKTP.CD,468517181129.878
AUS,2004,gdp_usd,NY.GDP.MKTP.CD,615643050220.515
AUS,2005,gdp_usd,NY.GDP.MKTP.CD,696811489612.816
AUS,2006,gdp_usd,NY.GDP.MKTP.CD,749708370332.989
AUS,2007,gdp_usd,NY.GDP.MKTP.CD,856603595823.192
AUS,2008,gdp_usd,NY.GDP.MKTP.CD,1058448244063.77
AUS,2009,gdp_usd,NY.GDP.MKTP.CD,931761689770.843
AUS,2010,gdp_usd,NY.GDP.MKTP.CD,1152566632022.13
AUS,2011,gdp_usd,NY.GDP.MKTP.CD,1402939868653.4
AUS,2012,gdp_usd,NY.GDP.MKTP.CD,1552728401401.58
AUS,2013,gdp_usd,NY.GDP.MKTP.CD,1583737461925.39
AUS,2014,gdp_usd,NY.GDP.MKTP.CD,1474677007565.64
AUS,2015,gdp_usd,NY.GDP.MKTP.CD,1356805839935.9
AUS,2016,gdp_usd,NY.GDP.MKTP.CD,1211588128417.61
AUS,2017,gdp_usd,NY.GDP.MKTP.CD,1330890554614.09
AUS,2018,gdp_usd,NY.GDP.MKTP.CD,1433144978761.67
AUS,2019,gdp_usd,NY.GDP.MKTP.CD,1398349602956.35
AUS,2020,gdp_usd,NY.GDP.MKTP.CD,1333336461648.09
AUS,2021,gdp_usd,NY.GDP.MKTP.CD,1560617493202.69
AUS,2022,gdp_usd,NY.GDP.MKTP.CD,1695627535475.8
AUS,2023,gdp_usd,NY.GDP.MKTP.CD,1734451264655.6
AUS,2024,gdp_usd,NY.GDP.MKTP.CD,1757022451652.83
AUT,1990,gdp_usd,NY.GDP.MKTP.CD,165811372382.912
AUT,1991,gdp_usd,NY.GDP.MKTP.CD,173113449616.971
AUT,1992,gdp_usd,NY.GDP.MKTP.CD,194314032056.098
AUT,1993,gdp_usd,NY.GDP.MKTP.CD,189634029338.696
AUT,1994,gdp_usd,NY.GDP.MKTP.CD,202738023129.743
AUT,1995,gdp_usd,NY.GDP.MKTP.CD,240094169510.031
AUT,1996,gdp_usd,NY.GDP.MKTP.CD,235952581232.129
AUT,1997,gdp_usd,NY.GDP.MKTP.CD,211724812267.448
AUT,1998,gdp_usd,NY.GDP.MKTP.CD,217068085815.918
AUT,1999,gdp_usd,NY.GDP.MKTP.CD,216421809125.916
AUT,2000,gdp_usd,NY.GDP.MKTP.CD,196181599831.287
AUT,2001,gdp_usd,NY.GDP.MKTP.CD,196477206829.33
AUT,2002,gdp_usd,NY.GDP.MKTP.CD,212837224022.813
AUT,2003,gdp_usd,NY.GDP.MKTP.CD,260779834340.097
AUT,2004,gdp_usd,NY.GDP.MKTP.CD,299210411454.823
AUT,2005,gdp_usd,NY.GDP.MKTP.CD,313952317330.776
AUT,2006,gdp_usd,NY.GDP.MKTP.CD,333905979332.481
AUT,2007,gdp_usd,NY.GDP.MKTP.CD,386760177589.497
AUT,2008,gdp_usd,NY.GDP.MKTP.CD,429234399096.173
AUT,2009,gdp_usd,NY.GDP.MKTP.CD,399290118782.429
AUT,2010,gdp_usd,NY.GDP.MKTP.CD,389827789217.634
AUT,2011,gdp_usd,NY.GDP.MKTP.CD,428954737064.057
AUT,2012,gdp_usd,NY.GDP.MKTP.CD,406750487603.59
AUT,2013,gdp_usd,NY.GDP.MKTP.CD,426580502769.417
AUT,2014,gdp_usd,NY.GDP.MKTP.CD,438556021078.034
AUT,2015,gdp_usd,NY.GDP.MKTP.CD,379546097300.633
AUT,2016,gdp_usd,NY.GDP.MKTP.CD,393687359770.273
AUT,2017,gdp_usd,NY.GDP.MKTP.CD,414926138132.691
AUT,2018,gdp_usd,NY.GDP.MKTP.CD,452582294972.775
AUT,2019,gdp_usd,NY.GDP.MKTP.CD,442983642371.842
AUT,2020,gdp_usd,NY.GDP.MKTP.CD,434397601557.696
AUT,2021,gdp_usd,NY.GDP.MKTP.CD,480466363176.806
AUT,2022,gdp_usd,NY.GDP.MKTP.CD,473221298968.216
AUT,2023,gdp_usd,NY.GDP.MKTP.CD,516670509628.876
AUT,2024,gdp_usd,NY.GDP.MKTP.CD,534790720466.822
BEL,1990,gdp_usd,NY.GDP.MKTP.CD,205331747947.851
BEL,1991,gdp_usd,NY.GDP.MKTP.CD,210510999409.333
BEL,1992,gdp_usd,NY.GDP.MKTP.CD,234781652446.675
BEL,1993,gdp_usd,NY.GDP.MKTP.CD,224721795708.955
BEL,1994,gdp_usd,NY.GDP.MKTP.CD,244884129491.198
BEL,1995,gdp_usd,NY.GDP.MKTP.CD,288025588396.278
BEL,1996,gdp_usd,NY.GDP.MKTP.CD,279201433224.756
BEL,1997,gdp_usd,NY.GDP.MKTP.CD,252708051420.839
BEL,1998,gdp_usd,NY.GDP.MKTP.CD,258528339631.029
BEL,1999,gdp_usd,NY.GDP.MKTP.CD,258245733221.468
BEL,2000,gdp_usd,NY.GDP.MKTP.CD,236792460312.471
BEL,2001,gdp_usd,NY.GDP.MKTP.CD,236746141604.37
BEL,2002,gdp_usd,NY.GDP.MKTP.CD,258383599375.177
BEL,2003,gdp_usd,NY.GDP.MKTP.CD,318082528506.588
BEL,2004,gdp_usd,NY.GDP.MKTP.CD,369214712443.206
BEL,2005,gdp_usd,NY.GDP.MKTP.CD,385714762230.039
BEL,2006,gdp_usd,NY.GDP.MKTP.CD,408259840868.823
BEL,2007,gdp_usd,NY.GDP.MKTP.CD,470922156309.453
BEL,2008,gdp_usd,NY.GDP.MKTP.CD,517328087920.078
BEL,2009,gdp_usd,NY.GDP.MKTP.CD,485014525992.461
BEL,2010,gdp_usd,NY.GDP.MKTP.CD,481556503720.001
BEL,2011,gdp_usd,NY.GDP.MKTP.CD,527196649048.639
BEL,2012,gdp_usd,NY.GDP.MKTP.CD,498414364944.961
BEL,2013,gdp_usd,NY.GDP.MKTP.CD,524097026598.55
BEL,2014,gdp_usd,NY.GDP.MKTP.CD,537987419164.351
BEL,2015,gdp_usd,NY.GDP.MKTP.CD,461044767544.531
BEL,2016,gdp_usd,NY.GDP.MKTP.CD,474271566739.729
BEL,2017,gdp_usd,NY.GDP.MKTP.CD,500908767351.53
BEL,2018,gdp_usd,NY.GDP.MKTP.CD,542638913427.921
BEL,2019,gdp_usd,NY.GDP.MKTP.CD,536726344405.489
BEL,2020,gdp_usd,NY.GDP.MKTP.CD,529694473501.791
BEL,2021,gdp_usd,NY.GDP.MKTP.CD,598522422241.851
BEL,2022,gdp_usd,NY.GDP.MKTP.CD,591085783326.267
BEL,2023,gdp_usd,NY.GDP.MKTP.CD,651330595110.011
BEL,2024,gdp_usd,NY.GDP.MKTP.CD,671370081636.406
BGD,1990,gdp_usd,NY.GDP.MKTP.CD,31598340778.2164
BGD,1991,gdp_usd,NY.GDP.MKTP.CD,30957483949.5798
BGD,1992,gdp_usd,NY.GDP.MKTP.CD,31708874594.1645
BGD,1993,gdp_usd,NY.GDP.MKTP.CD,33166519417.9894
BGD,1994,gdp_usd,NY.GDP.MKTP.CD,33768660882.793
BGD,1995,gdp_usd,NY.GDP.MKTP.CD,37939748768.6567
BGD,1996,gdp_usd,NY.GDP.MKTP.CD,46438484107.5795
BGD,1997,gdp_usd,NY.GDP.MKTP.CD,48244309133.4895
BGD,1998,gdp_usd,NY.GDP.MKTP.CD,49984559471.3656
BGD,1999,gdp_usd,NY.GDP.MKTP.CD,51270569883.5275
BGD,2000,gdp_usd,NY.GDP.MKTP.CD,53369787318.6245
BGD,2001,gdp_usd,NY.GDP.MKTP.CD,53991289844.3291
BGD,2002,gdp_usd,NY.GDP.MKTP.CD,54724081490.5102
BGD,2003,gdp_usd,NY.GDP.MKTP.CD,60158929188.2556
BGD,2004,gdp_usd,NY.GDP.MKTP.CD,65108544250.0425
BGD,2005,gdp_usd,NY.GDP.MKTP.CD,69476001239.419
BGD,2006,gdp_usd,NY.GDP.MKTP.CD,71795736172.1561
BGD,2007,gdp_usd,NY.GDP.MKTP.CD,79611644974.5571
BGD,2008,gdp_usd,NY.GDP.MKTP.CD,91636997370.9772
BGD,2009,gdp_usd,NY.GDP.MKTP.CD,102475158190.998
BGD,2010,gdp_usd,NY.GDP.MKTP.CD,115275540051.262
BGD,2011,gdp_usd,NY.GDP.MKTP.CD,128607482310.357
BGD,2012,gdp_usd,NY.GDP.MKTP.CD,133310747603.483
BGD,2013,gdp_usd,NY.GDP.MKTP.CD,149998957434.186
BGD,2014,gdp_usd,NY.GDP.MKTP.CD,172886611653.786
BGD,2015,gdp_usd,NY.GDP.MKTP.CD,195146608978.131
BGD,2016,gdp_usd,NY.GDP.MKTP.CD,265224515675.034
BGD,2017,gdp_usd,NY.GDP.MKTP.CD,293732446624.596
BGD,2018,gdp_usd,NY.GDP.MKTP.CD,321362752441.78
BGD,2019,gdp_usd,NY.GDP.MKTP.CD,351231654603.692
BGD,2020,gdp_usd,NY.GDP.MKTP.CD,373979442362.193
BGD,2021,gdp_usd,NY.GDP.MKTP.CD,416271647911.014
BGD,2022,gdp_usd,NY.GDP.MKTP.CD,460131689083.083
BGD,2023,gdp_usd,NY.GDP.MKTP.CD,437415333018.291
BGD,2024,gdp_usd,NY.GDP.MKTP.CD,450119432068.852
BRA,1990,gdp_usd,NY.GDP.MKTP.CD,390725626002.866
BRA,1991,gdp_usd,NY.GDP.MKTP.CD,342609231342.783
BRA,1992,gdp_usd,NY.GDP.MKTP.CD,328187960871.951
BRA,1993,gdp_usd,NY.GDP.MKTP.CD,368295778245.09
BRA,1994,gdp_usd,NY.GDP.MKTP.CD,525369851353.742
BRA,1995,gdp_usd,NY.GDP.MKTP.CD,769333330411.575
BRA,1996,gdp_usd,NY.GDP.MKTP.CD,850426433004.077
BRA,1997,gdp_usd,NY.GDP.MKTP.CD,883206452795.124
BRA,1998,gdp_usd,NY.GDP.MKTP.CD,863711007325.493
BRA,1999,gdp_usd,NY.GDP.MKTP.CD,599642075004.471
BRA,2000,gdp_usd,NY.GDP.MKTP.CD,655448188259.351
BRA,2001,gdp_usd,NY.GDP.MKTP.CD,559983704094.17
BRA,2002,gdp_usd,NY.GDP.MKTP.CD,509795270685.19
BRA,2003,gdp_usd,NY.GDP.MKTP.CD,558233724164.711
BRA,2004,gdp_usd,NY.GDP.MKTP.CD,669289321944.512
BRA,2005,gdp_usd,NY.GDP.MKTP.CD,891633826625.407
BRA,2006,gdp_usd,NY.GDP.MKTP.CD,1107626711163.23
BRA,2007,gdp_usd,NY.GDP.MKTP.CD,1397114247188.89
BRA,2008,gdp_usd,NY.GDP.MKTP.CD,1695855391757.96
BRA,2009,gdp_usd,NY.GDP.MKTP.CD,1666996294252.12
BRA,2010,gdp_usd,NY.GDP.MKTP.CD,2208838108484.35
BRA,2011,gdp_usd,NY.GDP.MKTP.CD,2616156606579.21
BRA,2012,gdp_usd,NY.GDP.MKTP.CD,2465228293706.86
BRA,2013,gdp_usd,NY.GDP.MKTP.CD,2472819362043.74
BRA,2014,gdp_usd,NY.GDP.MKTP.CD,2456043766032.38
BRA,2015,gdp_usd,NY.GDP.MKTP.CD,1802211999456.42
BRA,2016,gdp_usd,NY.GDP.MKTP.CD,1795693265999.04
BRA,2017,gdp_usd,NY.GDP.MKTP.CD,2063514688805.78
BRA,2018,gdp_usd,NY.GDP.MKTP.CD,1916933708352.71
BRA,2019,gdp_usd,NY.GDP.MKTP.CD,1873288158838.63
BRA,2020,gdp_usd,NY.GDP.MKTP.CD,1476107292151.95
BRA,2021,gdp_usd,NY.GDP.MKTP.CD,1670647464062.96
BRA,2022,gdp_usd,NY.GDP.MKTP.CD,1951923832083.87
BRA,2023,gdp_usd,NY.GDP.MKTP.CD,2191131869706.02
BRA,2024,gdp_usd,NY.GDP.MKTP.CD,2185821648943.86
CAN,1990,gdp_usd,NY.GDP.MKTP.CD,596075591360.987
CAN,1991,gdp_usd,NY.GDP.MKTP.CD,612527712315.615
CAN,1992,gdp_usd,NY.GDP.MKTP.CD,594387358318.855
CAN,1993,gdp_usd,NY.GDP.MKTP.CD,579053561739.4
CAN,1994,gdp_usd,NY.GDP.MKTP.CD,579944346807.264
CAN,1995,gdp_usd,NY.GDP.MKTP.CD,605961090061.207
CAN,1996,gdp_usd,NY.GDP.MKTP.CD,630607994132.747
CAN,1997,gdp_usd,NY.GDP.MKTP.CD,654986999855.554
CAN,1998,gdp_usd,NY.GDP.MKTP.CD,634000000000
CAN,1999,gdp_usd,NY.GDP.MKTP.CD,678412196271.118
CAN,2000,gdp_usd,NY.GDP.MKTP.CD,744773415931.587
CAN,2001,gdp_usd,NY.GDP.MKTP.CD,738981792355.372
CAN,2002,gdp_usd,NY.GDP.MKTP.CD,760649334098.005
CAN,2003,gdp_usd,NY.GDP.MKTP.CD,895540646634.787
CAN,2004,gdp_usd,NY.GDP.MKTP.CD,1026690238278.25
CAN,2005,gdp_usd,NY.GDP.MKTP.CD,1173108598778.68
CAN,2006,gdp_usd,NY.GDP.MKTP.CD,1319264809590.97
CAN,2007,gdp_usd,NY.GDP.MKTP.CD,1468820407783.26
CAN,2008,gdp_usd,NY.GDP.MKTP.CD,1552989690721.65
CAN,2009,gdp_usd,NY.GDP.MKTP.CD,1374625142157.29
CAN,2010,gdp_usd,NY.GDP.MKTP.CD,1617343367486.26
CAN,2011,gdp_usd,NY.GDP.MKTP.CD,1793326630174.52
CAN,2012,gdp_usd,NY.GDP.MKTP.CD,1828366481521.6
CAN,2013,gdp_usd,NY.GDP.MKTP.CD,1846597421834.98
CAN,2014,gdp_usd,NY.GDP.MKTP.CD,1805749878439.94
CAN,2015,gdp_usd,NY.GDP.MKTP.CD,1556508816217.14
CAN,2016,gdp_usd,NY.GDP.MKTP.CD,1527994741907.43
CAN,2017,gdp_usd,NY.GDP.MKTP.CD,1649265644244.09
CAN,2018,gdp_usd,NY.GDP.MKTP.CD,1725329192783.02
CAN,2019,gdp_usd,NY.GDP.MKTP.CD,1743725183672.52
CAN,2020,gdp_usd,NY.GDP.MKTP.CD,1655684730000.19
CAN,2021,gdp_usd,NY.GDP.MKTP.CD,2022378748423.23
CAN,2022,gdp_usd,NY.GDP.MKTP.CD,2190411080134.32
CAN,2023,gdp_usd,NY.GDP.MKTP.CD,2173339670064.33
CAN,2024,gdp_usd,NY.GDP.MKTP.CD,2243636826633.76
CHE,1990,gdp_usd,NY.GDP.MKTP.CD,265763573999.424
CHE,1991,gdp_usd,NY.GDP.MKTP.CD,268901693863.319
CHE,1992,gdp_usd,NY.GDP.MKTP.CD,279921425828.474
CHE,1993,gdp_usd,NY.GDP.MKTP.CD,272237527070.926
CHE,1994,gdp_usd,NY.GDP.MKTP.CD,301375055202.164
CHE,1995,gdp_usd,NY.GDP.MKTP.CD,352835806342.495
CHE,1996,gdp_usd,NY.GDP.MKTP.CD,340103959546.926
CHE,1997,gdp_usd,NY.GDP.MKTP.CD,294788198856.198
CHE,1998,gdp_usd,NY.GDP.MKTP.CD,303459014346.806
CHE,1999,gdp_usd,NY.GDP.MKTP.CD,297873643323.126
CHE,2000,gdp_usd,NY.GDP.MKTP.CD,279216033870.204
CHE,2001,gdp_usd,NY.GDP.MKTP.CD,286582672434.226
CHE,2002,gdp_usd,NY.GDP.MKTP.CD,309301422430.386
CHE,2003,gdp_usd,NY.GDP.MKTP.CD,362075086507.76
CHE,2004,gdp_usd,NY.GDP.MKTP.CD,403912891033.374
CHE,2005,gdp_usd,NY.GDP.MKTP.CD,418284865884.998
CHE,2006,gdp_usd,NY.GDP.MKTP.CD,441634672196.523
CHE,2007,gdp_usd,NY.GDP.MKTP.CD,490740715594.802
CHE,2008,gdp_usd,NY.GDP.MKTP.CD,567267767519.158
CHE,2009,gdp_usd,NY.GDP.MKTP.CD,554212916092.271
CHE,2010,gdp_usd,NY.GDP.MKTP.CD,598851028906.58
CHE,2011,gdp_usd,NY.GDP.MKTP.CD,715888126682.396
CHE,2012,gdp_usd,NY.GDP.MKTP.CD,686420221557.99
CHE,2013,gdp_usd,NY.GDP.MKTP.CD,706234937370.968
CHE,2014,gdp_usd,NY.GDP.MKTP.CD,726537808338
CHE,2015,gdp_usd,NY.GDP.MKTP.CD,694118186379.628
CHE,2016,gdp_usd,NY.GDP.MKTP.CD,687895460902.713
CHE,2017,gdp_usd,NY.GDP.MKTP.CD,695200833086.499
CHE,2018,gdp_usd,NY.GDP.MKTP.CD,725568717468.001
CHE,2019,gdp_usd,NY.GDP.MKTP.CD,721369112726.724
CHE,2020,gdp_usd,NY.GDP.MKTP.CD,741999406005.627
CHE,2021,gdp_usd,NY.GDP.MKTP.CD,815309330986.719
CHE,2022,gdp_usd,NY.GDP.MKTP.CD,828508926958.393
CHE,2023,gdp_usd,NY.GDP.MKTP.CD,894424821645.205
CHE,2024,gdp_usd,NY.GDP.MKTP.CD,936564198048.516
CHL,1990,gdp_usd,NY.GDP.MKTP.CD,33428580448.2715
CHL,1991,gdp_usd,NY.GDP.MKTP.CD,38232330917.2011
CHL,1992,gdp_usd,NY.GDP.MKTP.CD,46538895685.8088
CHL,1993,gdp_usd,NY.GDP.MKTP.CD,49934943320.8828
CHL,1994,gdp_usd,NY.GDP.MKTP.CD,57438273591.0521
CHL,1995,gdp_usd,NY.GDP.MKTP.CD,73820425701.6603
CHL,1996,gdp_usd,NY.GDP.MKTP.CD,78584098983.6374
CHL,1997,gdp_usd,NY.GDP.MKTP.CD,85741415285.165
CHL,1998,gdp_usd,NY.GDP.MKTP.CD,81990010704.0602
CHL,1999,gdp_usd,NY.GDP.MKTP.CD,75578685735.5219
CHL,2000,gdp_usd,NY.GDP.MKTP.CD,78339750721.364
CHL,2001,gdp_usd,NY.GDP.MKTP.CD,71574739561.4329
CHL,2002,gdp_usd,NY.GDP.MKTP.CD,70264045939.2773
CHL,2003,gdp_usd,NY.GDP.MKTP.CD,76492579644.0605
CHL,2004,gdp_usd,NY.GDP.MKTP.CD,99075985773.6682
CHL,2005,gdp_usd,NY.GDP.MKTP.CD,122294145163.192
CHL,2006,gdp_usd,NY.GDP.MKTP.CD,153843518170.864
CHL,2007,gdp_usd,NY.GDP.MKTP.CD,172491076033.863
CHL,2008,gdp_usd,NY.GDP.MKTP.CD,179894594475.405
CHL,2009,gdp_usd,NY.GDP.MKTP.CD,171777900623.892
CHL,2010,gdp_usd,NY.GDP.MKTP.CD,217051209238.534
CHL,2011,gdp_usd,NY.GDP.MKTP.CD,251382573893.87
CHL,2012,gdp_usd,NY.GDP.MKTP.CD,267024782486.855
CHL,2013,gdp_usd,NY.GDP.MKTP.CD,277395018842.417
CHL,2014,gdp_usd,NY.GDP.MKTP.CD,259560978224.359
CHL,2015,gdp_usd,NY.GDP.MKTP.CD,242450355830.884
CHL,2016,gdp_usd,NY.GDP.MKTP.CD,249344863928.438
CHL,2017,gdp_usd,NY.GDP.MKTP.CD,276154259981.097
CHL,2018,gdp_usd,NY.GDP.MKTP.CD,295857562991.709
CHL,2019,gdp_usd,NY.GDP.MKTP.CD,278285058719.466
CHL,2020,gdp_usd,NY.GDP.MKTP.CD,254042159309.311
CHL,2021,gdp_usd,NY.GDP.MKTP.CD,315325547162.072
CHL,2022,gdp_usd,NY.GDP.MKTP.CD,301226575540.242
CHL,2023,gdp_usd,NY.GDP.MKTP.CD,335518054097.637
CHL,2024,gdp_usd,NY.GDP.MKTP.CD,330267137371.592
CHN,1990,gdp_usd,NY.GDP.MKTP.CD,361560229445.507
CHN,1991,gdp_usd,NY.GDP.MKTP.CD,384510452961.672
CHN,1992,gdp_usd,NY.GDP.MKTP.CD,428502354788.069
CHN,1993,gdp_usd,NY.GDP.MKTP.CD,446557291212.148
CHN,1994,gdp_usd,NY.GDP.MKTP.CD,566929539493.172
CHN,1995,gdp_usd,NY.GDP.MKTP.CD,738190896227.55
CHN,1996,gdp_usd,NY.GDP.MKTP.CD,868523936530.083
CHN,1997,gdp_usd,NY.GDP.MKTP.CD,967753570434.667
CHN,1998,gdp_usd,NY.GDP.MKTP.CD,1037134141760.35
CHN,1999,gdp_usd,NY.GDP.MKTP.CD,1103843203575.64
CHN,2000,gdp_usd,NY.GDP.MKTP.CD,1223754919971.05
CHN,2001,gdp_usd,NY.GDP.MKTP.CD,1355036590251.52
CHN,2002,gdp_usd,NY.GDP.MKTP.CD,1489821682050.54
CHN,2003,gdp_usd,NY.GDP.MKTP.CD,1683903309843.85
CHN,2004,gdp_usd,NY.GDP.MKTP.CD,1984196551300.44
CHN,2005,gdp_usd,NY.GDP.MKTP.CD,2317551298052.05
CHN,2006,gdp_usd,NY.GDP.MKTP.CD,2791498472804.33
CHN,2007,gdp_usd,NY.GDP.MKTP.CD,3604055822571.63
CHN,2008,gdp_usd,NY.GDP.MKTP.CD,4667346414521.95
CHN,2009,gdp_usd,NY.GDP.MKTP.CD,5189577094997.58
CHN,2010,gdp_usd,NY.GDP.MKTP.CD,6192564874453.29
CHN,2011,gdp_usd,NY.GDP.MKTP.CD,7671757207851.29
CHN,2012,gdp_usd,NY.GDP.MKTP.CD,8673664713189.24
CHN,2013,gdp_usd,NY.GDP.MKTP.CD,9743124247267.24
CHN,2014,gdp_usd,NY.GDP.MKTP.CD,10674533168257.4
CHN,2015,gdp_usd,NY.GDP.MKTP.CD,11280814787468.9
CHN,2016,gdp_usd,NY.GDP.MKTP.CD,11456024084962
CHN,2017,gdp_usd,NY.GDP.MKTP.CD,12537559062282.9
CHN,2018,gdp_usd,NY.GDP.MKTP.CD,14147765772963.8
CHN,2019,gdp_usd,NY.GDP.MKTP.CD,14560167101283.4
CHN,2020,gdp_usd,NY.GDP.MKTP.CD,14996414166715.1
CHN,2021,gdp_usd,NY.GDP.MKTP.CD,18201698719564
CHN,2022,gdp_usd,NY.GDP.MKTP.CD,18316765021690.2
CHN,2023,gdp_usd,NY.GDP.MKTP.CD,18270356654533.2
CHN,2024,gdp_usd,NY.GDP.MKTP.CD,18743803170827.2
COL,1990,gdp_usd,NY.GDP.MKTP.CD,47844090709.9908
COL,1991,gdp_usd,NY.GDP.MKTP.CD,49175565911.0655
COL,1992,gdp_usd,NY.GDP.MKTP.CD,58418985443.3172
COL,1993,gdp_usd,NY.GDP.MKTP.CD,66446804802.5747
COL,1994,gdp_usd,NY.GDP.MKTP.CD,81703500846.0364
COL,1995,gdp_usd,NY.GDP.MKTP.CD,92507279383.0387
COL,1996,gdp_usd,NY.GDP.MKTP.CD,97160109277.8087
COL,1997,gdp_usd,NY.GDP.MKTP.CD,106659508271.255
COL,1998,gdp_usd,NY.GDP.MKTP.CD,98443739941.1664
COL,1999,gdp_usd,NY.GDP.MKTP.CD,86186158684.7685
COL,2000,gdp_usd,NY.GDP.MKTP.CD,99875074951.0278
COL,2001,gdp_usd,NY.GDP.MKTP.CD,98200641203.3892
COL,2002,gdp_usd,NY.GDP.MKTP.CD,97945812802.8882
COL,2003,gdp_usd,NY.GDP.MKTP.CD,94644969157.0987
COL,2004,gdp_usd,NY.GDP.MKTP.CD,117092416666.245
COL,2005,gdp_usd,NY.GDP.MKTP.CD,145600529605.803
COL,2006,gdp_usd,NY.GDP.MKTP.CD,161792958904.864
COL,2007,gdp_usd,NY.GDP.MKTP.CD,206229540926.312
COL,2008,gdp_usd,NY.GDP.MKTP.CD,242504150472.931
COL,2009,gdp_usd,NY.GDP.MKTP.CD,232468663109.595
COL,2010,gdp_usd,NY.GDP.MKTP.CD,286498534094.963
COL,2011,gdp_usd,NY.GDP.MKTP.CD,334966134804.887
COL,2012,gdp_usd,NY.GDP.MKTP.CD,370691143018.039
COL,2013,gdp_usd,NY.GDP.MKTP.CD,382093697077.685
COL,2014,gdp_usd,NY.GDP.MKTP.CD,381240864422.407
COL,2015,gdp_usd,NY.GDP.MKTP.CD,293492370193.166
COL,2016,gdp_usd,NY.GDP.MKTP.CD,282720100286.228
COL,2017,gdp_usd,NY.GDP.MKTP.CD,311866875156.879
COL,2018,gdp_usd,NY.GDP.MKTP.CD,334198218098.276
COL,2019,gdp_usd,NY.GDP.MKTP.CD,323031701192.84
COL,2020,gdp_usd,NY.GDP.MKTP.CD,270348342541.465
COL,2021,gdp_usd,NY.GDP.MKTP.CD,318524633225.395
COL,2022,gdp_usd,NY.GDP.MKTP.CD,345632492851.448
COL,2023,gdp_usd,NY.GDP.MKTP.CD,366291836137.916
COL,2024,gdp_usd,NY.GDP.MKTP.CD,418818154879.271
CZE,1990,gdp_usd,NY.GDP.MKTP.CD,41016881802.4843
CZE,1991,gdp_usd,NY.GDP.MKTP.CD,30071014282.3218
CZE,1992,gdp_usd,NY.GDP.MKTP.CD,35051065440.3962
CZE,1993,gdp_usd,NY.GDP.MKTP.CD,41155654032.1751
CZE,1994,gdp_usd,NY.GDP.MKTP.CD,48188478339.4129
CZE,1995,gdp_usd,NY.GDP.MKTP.CD,60572381311.2283
CZE,1996,gdp_usd,NY.GDP.MKTP.CD,67804105329.8557
CZE,1997,gdp_usd,NY.GDP.MKTP.CD,62539765163.1302
CZE,1998,gdp_usd,NY.GDP.MKTP.CD,67187217327.7326
CZE,1999,gdp_usd,NY.GDP.MKTP.CD,65586562604.8621
CZE,2000,gdp_usd,NY.GDP.MKTP.CD,62175642238.0847
CZE,2001,gdp_usd,NY.GDP.MKTP.CD,68135304463.9641
CZE,2002,gdp_usd,NY.GDP.MKTP.CD,82607869609.574
CZE,2003,gdp_usd,NY.GDP.MKTP.CD,100435924704.881
CZE,2004,gdp_usd,NY.GDP.MKTP.CD,120147899983.657
CZE,2005,gdp_usd,NY.GDP.MKTP.CD,137264185596.1
CZE,2006,gdp_usd,NY.GDP.MKTP.CD,156236258386.589
CZE,2007,gdp_usd,NY.GDP.MKTP.CD,190040702286.917
CZE,2008,gdp_usd,NY.GDP.MKTP.CD,236506264753.95
CZE,2009,gdp_usd,NY.GDP.MKTP.CD,206971882704.716
CZE,2010,gdp_usd,NY.GDP.MKTP.CD,211168667286.27
CZE,2011,gdp_usd,NY.GDP.MKTP.CD,231429378717.312
CZE,2012,gdp_usd,NY.GDP.MKTP.CD,210363223087.728
CZE,2013,gdp_usd,NY.GDP.MKTP.CD,213024360541.119
CZE,2014,gdp_usd,NY.GDP.MKTP.CD,210911285077.683
CZE,2015,gdp_usd,NY.GDP.MKTP.CD,189107698561.919
CZE,2016,gdp_usd,NY.GDP.MKTP.CD,198160659303.939
CZE,2017,gdp_usd,NY.GDP.MKTP.CD,221563575696.217
CZE,2018,gdp_usd,NY.GDP.MKTP.CD,251992360762.236
CZE,2019,gdp_usd,NY.GDP.MKTP.CD,256794209028.77
CZE,2020,gdp_usd,NY.GDP.MKTP.CD,251109660602.536
CZE,2021,gdp_usd,NY.GDP.MKTP.CD,290972714482.313
CZE,2022,gdp_usd,NY.GDP.MKTP.CD,301831228325.556
CZE,2023,gdp_usd,NY.GDP.MKTP.CD,345059295659.911
CZE,2024,gdp_usd,NY.GDP.MKTP.CD,347034062928.479
DEU,1990,gdp_usd,NY.GDP.MKTP.CD,1778162195860.07
DEU,1991,gdp_usd,NY.GDP.MKTP.CD,1875792575132.59
DEU,1992,gdp_usd,NY.GDP.MKTP.CD,2141377582968.07
DEU,1993,gdp_usd,NY.GDP.MKTP.CD,2078954217437.6
DEU,1994,gdp_usd,NY.GDP.MKTP.CD,2215282632276.73
DEU,1995,gdp_usd,NY.GDP.MKTP.CD,2593053091306.13
DEU,1996,gdp_usd,NY.GDP.MKTP.CD,2506576553158.31
DEU,1997,gdp_usd,NY.GDP.MKTP.CD,2218790886532.82
DEU,1998,gdp_usd,NY.GDP.MKTP.CD,2247760364565.97
DEU,1999,gdp_usd,NY.GDP.MKTP.CD,2213873468586.88
DEU,2000,gdp_usd,NY.GDP.MKTP.CD,1966980701145.1
DEU,2001,gdp_usd,NY.GDP.MKTP.CD,1966381496641.73
DEU,2002,gdp_usd,NY.GDP.MKTP.CD,2102350798305.89
DEU,2003,gdp_usd,NY.GDP.MKTP.CD,2534715518349.01
DEU,2004,gdp_usd,NY.GDP.MKTP.CD,2852317768061.78
DEU,2005,gdp_usd,NY.GDP.MKTP.CD,2893393187361.87
DEU,2006,gdp_usd,NY.GDP.MKTP.CD,3046308753670.58
DEU,2007,gdp_usd,NY.GDP.MKTP.CD,3484056680854.91
DEU,2008,gdp_usd,NY.GDP.MKTP.CD,3808197720125
DEU,2009,gdp_usd,NY.GDP.MKTP.CD,3478545516683.59
DEU,2010,gdp_usd,NY.GDP.MKTP.CD,3467093769666.67
DEU,2011,gdp_usd,NY.GDP.MKTP.CD,3823575803793.78
DEU,2012,gdp_usd,NY.GDP.MKTP.CD,3596483233406.25
DEU,2013,gdp_usd,NY.GDP.MKTP.CD,3807023797050.99
DEU,2014,gdp_usd,NY.GDP.MKTP.CD,3964870735760.77
DEU,2015,gdp_usd,NY.GDP.MKTP.CD,3425099578746.09
DEU,2016,gdp_usd,NY.GDP.MKTP.CD,3536787895179
DEU,2017,gdp_usd,NY.GDP.MKTP.CD,3765351626105.89
DEU,2018,gdp_usd,NY.GDP.MKTP.CD,4055433215301.96
DEU,2019,gdp_usd,NY.GDP.MKTP.CD,3959894794039.21
DEU,2020,gdp_usd,NY.GDP.MKTP.CD,3941398957073.94
DEU,2021,gdp_usd,NY.GDP.MKTP.CD,4355251953410.78
DEU,2022,gdp_usd,NY.GDP.MKTP.CD,4201021706478.62
DEU,2023,gdp_usd,NY.GDP.MKTP.CD,4562207532490.28
DEU,2024,gdp_usd,NY.GDP.MKTP.CD,4685592577804.69
DNK,1990,gdp_usd,NY.GDP.MKTP.CD,138217740684.484
DNK,1991,gdp_usd,NY.GDP.MKTP.CD,139180507777.691
DNK,1992,gdp_usd,NY.GDP.MKTP.CD,152966494259.538
DNK,1993,gdp_usd,NY.GDP.MKTP.CD,143111306004.102
DNK,1994,gdp_usd,NY.GDP.MKTP.CD,156017919221.457
DNK,1995,gdp_usd,NY.GDP.MKTP.CD,184848481008.139
DNK,1996,gdp_usd,NY.GDP.MKTP.CD,187481157845.724
DNK,1997,gdp_usd,NY.GDP.MKTP.CD,173241365735.483
DNK,1998,gdp_usd,NY.GDP.MKTP.CD,176877077513.133
DNK,1999,gdp_usd,NY.GDP.MKTP.CD,177887720535.535
DNK,2000,gdp_usd,NY.GDP.MKTP.CD,164043817223.59
DNK,2001,gdp_usd,NY.GDP.MKTP.CD,164881594415.341
DNK,2002,gdp_usd,NY.GDP.MKTP.CD,178788209558.311
DNK,2003,gdp_usd,NY.GDP.MKTP.CD,218421193436.252
DNK,2004,gdp_usd,NY.GDP.MKTP.CD,251986155630.852
DNK,2005,gdp_usd,NY.GDP.MKTP.CD,265150087711.985
DNK,2006,gdp_usd,NY.GDP.MKTP.CD,283386151543.687
DNK,2007,gdp_usd,NY.GDP.MKTP.CD,320213157595.018
DNK,2008,gdp_usd,NY.GDP.MKTP.CD,354979471960.142
DNK,2009,gdp_usd,NY.GDP.MKTP.CD,322619152194.594
DNK,2010,gdp_usd,NY.GDP.MKTP.CD,322345594075.47
DNK,2011,gdp_usd,NY.GDP.MKTP.CD,344315595263.175
DNK,2012,gdp_usd,NY.GDP.MKTP.CD,326792574244.963
DNK,2013,gdp_usd,NY.GDP.MKTP.CD,344631016965.12
DNK,2014,gdp_usd,NY.GDP.MKTP.CD,352832602064.452
DNK,2015,gdp_usd,NY.GDP.MKTP.CD,301758922337.637
DNK,2016,gdp_usd,NY.GDP.MKTP.CD,312181849372.233
DNK,2017,gdp_usd,NY.GDP.MKTP.CD,331610593961.988
DNK,2018,gdp_usd,NY.GDP.MKTP.CD,355293374912.393
DNK,2019,gdp_usd,NY.GDP.MKTP.CD,345401473012.615
DNK,2020,gdp_usd,NY.GDP.MKTP.CD,355631021931.621
DNK,2021,gdp_usd,NY.GDP.MKTP.CD,406110162088.054
DNK,2022,gdp_usd,NY.GDP.MKTP.CD,400114306337.077
DNK,2023,gdp_usd,NY.GDP.MKTP.CD,404651706117.557
DNK,2024,gdp_usd,NY.GDP.MKTP.CD,424524722037.047
EGY,1990,gdp_usd,NY.GDP.MKTP.CD,42978914311.3504
EGY,1991,gdp_usd,NY.GDP.MKTP.CD,37387836490.5284
EGY,1992,gdp_usd,NY.GDP.MKTP.CD,41855986519.4235
EGY,1993,gdp_usd,NY.GDP.MKTP.CD,46578631452.581
EGY,1994,gdp_usd,NY.GDP.MKTP.CD,51897983392.6453
EGY,1995,gdp_usd,NY.GDP.MKTP.CD,60159245060.4541
EGY,1996,gdp_usd,NY.GDP.MKTP.CD,67629716981.1321
EGY,1997,gdp_usd,NY.GDP.MKTP.CD,78436578171.0914
EGY,1998,gdp_usd,NY.GDP.MKTP.CD,84828807556.0803
EGY,1999,gdp_usd,NY.GDP.MKTP.CD,90710704806.8416
EGY,2000,gdp_usd,NY.GDP.MKTP.CD,99838543960.0763
EGY,2001,gdp_usd,NY.GDP.MKTP.CD,96684636118.5984
EGY,2002,gdp_usd,NY.GDP.MKTP.CD,85146067415.7303
EGY,2003,gdp_usd,NY.GDP.MKTP.CD,80288461538.4615
EGY,2004,gdp_usd,NY.GDP.MKTP.CD,78782467532.4675
EGY,2005,gdp_usd,NY.GDP.MKTP.CD,89660339660.3397
EGY,2006,gdp_usd,NY.GDP.MKTP.CD,107426086956.522
EGY,2007,gdp_usd,NY.GDP.MKTP.CD,130437828371.278
EGY,2008,gdp_usd,NY.GDP.MKTP.CD,162818181818.182
EGY,2009,gdp_usd,NY.GDP.MKTP.CD,189147005444.646
EGY,2010,gdp_usd,NY.GDP.MKTP.CD,218983666061.706
EGY,2011,gdp_usd,NY.GDP.MKTP.CD,235989672977.625
EGY,2012,gdp_usd,NY.GDP.MKTP.CD,279116666666.667
EGY,2013,gdp_usd,NY.GDP.MKTP.CD,288434108527.132
EGY,2014,gdp_usd,NY.GDP.MKTP.CD,305595408895.265
EGY,2015,gdp_usd,NY.GDP.MKTP.CD,329366576819.407
EGY,2016,gdp_usd,NY.GDP.MKTP.CD,332441717791.411
EGY,2017,gdp_usd,NY.GDP.MKTP.CD,248362771739.13
EGY,2018,gdp_usd,NY.GDP.MKTP.CD,262588632526.73
EGY,2019,gdp_usd,NY.GDP.MKTP.CD,318678815489.749
EGY,2020,gdp_usd,NY.GDP.MKTP.CD,383817841547.099
EGY,2021,gdp_usd,NY.GDP.MKTP.CD,424671765455.704
EGY,2022,gdp_usd,NY.GDP.MKTP.CD,476747720364.742
EGY,2023,gdp_usd,NY.GDP.MKTP.CD,395926075163.006
EGY,2024,gdp_usd,NY.GDP.MKTP.CD,389059911003.566
ESP,1990,gdp_usd,NY.GDP.MKTP.CD,536175326477.31
ESP,1991,gdp_usd,NY.GDP.MKTP.CD,576753902321.857
ESP,1992,gdp_usd,NY.GDP.MKTP.CD,630465353486.104
ESP,1993,gdp_usd,NY.GDP.MKTP.CD,524700572623.872
ESP,1994,gdp_usd,NY.GDP.MKTP.CD,530183651720.283
ESP,1995,gdp_usd,NY.GDP.MKTP.CD,614170002668.802
ESP,1996,gdp_usd,NY.GDP.MKTP.CD,642251412058.321
ESP,1997,gdp_usd,NY.GDP.MKTP.CD,589739772727.273
ESP,1998,gdp_usd,NY.GDP.MKTP.CD,618731484575.12
ESP,1999,gdp_usd,NY.GDP.MKTP.CD,634394904386.874
ESP,2000,gdp_usd,NY.GDP.MKTP.CD,598102854756.08
ESP,2001,gdp_usd,NY.GDP.MKTP.CD,627798682378.741
ESP,2002,gdp_usd,NY.GDP.MKTP.CD,708938227243.923
ESP,2003,gdp_usd,NY.GDP.MKTP.CD,907963217057.645
ESP,2004,gdp_usd,NY.GDP.MKTP.CD,1069829382514.67
ESP,2005,gdp_usd,NY.GDP.MKTP.CD,1154667551775.88
ESP,2006,gdp_usd,NY.GDP.MKTP.CD,1261846683275.29
ESP,2007,gdp_usd,NY.GDP.MKTP.CD,1476746276854.51
ESP,2008,gdp_usd,NY.GDP.MKTP.CD,1636115447612.5
ESP,2009,gdp_usd,NY.GDP.MKTP.CD,1496587590847.66
ESP,2010,gdp_usd,NY.GDP.MKTP.CD,1427989078916.67
ESP,2011,gdp_usd,NY.GDP.MKTP.CD,1487568659241.25
ESP,2012,gdp_usd,NY.GDP.MKTP.CD,1330994811670.31
ESP,2013,gdp_usd,NY.GDP.MKTP.CD,1362186923157.65
ESP,2014,gdp_usd,NY.GDP.MKTP.CD,1380244561361.96
ESP,2015,gdp_usd,NY.GDP.MKTP.CD,1206164777553.12
ESP,2016,gdp_usd,NY.GDP.MKTP.CD,1243015667917.12
ESP,2017,gdp_usd,NY.GDP.MKTP.CD,1321754088818.83
ESP,2018,gdp_usd,NY.GDP.MKTP.CD,1431642809327.06
ESP,2019,gdp_usd,NY.GDP.MKTP.CD,1403496387686.27
ESP,2020,gdp_usd,NY.GDP.MKTP.CD,1289783836971.21
ESP,2021,gdp_usd,NY.GDP.MKTP.CD,1461244901852.69
ESP,2022,gdp_usd,NY.GDP.MKTP.CD,1448850658406.62
ESP,2023,gdp_usd,NY.GDP.MKTP.CD,1619481980719.64
ESP,2024,gdp_usd,NY.GDP.MKTP.CD,1725671652742.19
FIN,1990,gdp_usd,NY.GDP.MKTP.CD,141446120354.533
FIN,1991,gdp_usd,NY.GDP.MKTP.CD,127794441993.824
FIN,1992,gdp_usd,NY.GDP.MKTP.CD,112537828510.751
FIN,1993,gdp_usd,NY.GDP.MKTP.CD,89112105756.2194
FIN,1994,gdp_usd,NY.GDP.MKTP.CD,103182697780.307
FIN,1995,gdp_usd,NY.GDP.MKTP.CD,134060457516.34
FIN,1996,gdp_usd,NY.GDP.MKTP.CD,131991975148.848
FIN,1997,gdp_usd,NY.GDP.MKTP.CD,126862902302.142
FIN,1998,gdp_usd,NY.GDP.MKTP.CD,133990876724.522
FIN,1999,gdp_usd,NY.GDP.MKTP.CD,135234241918.147
FIN,2000,gdp_usd,NY.GDP.MKTP.CD,125967821110.589
FIN,2001,gdp_usd,NY.GDP.MKTP.CD,129519672868.898
FIN,2002,gdp_usd,NY.GDP.MKTP.CD,140360963811.765
FIN,2003,gdp_usd,NY.GDP.MKTP.CD,171612867735.686
FIN,2004,gdp_usd,NY.GDP.MKTP.CD,197458297639.769
FIN,2005,gdp_usd,NY.GDP.MKTP.CD,204859368790.661
FIN,2006,gdp_usd,NY.GDP.MKTP.CD,217044068234.117
FIN,2007,gdp_usd,NY.GDP.MKTP.CD,256360251537.648
FIN,2008,gdp_usd,NY.GDP.MKTP.CD,285698662071.094
FIN,2009,gdp_usd,NY.GDP.MKTP.CD,253480783439.453
FIN,2010,gdp_usd,NY.GDP.MKTP.CD,249429613683.334
FIN,2011,gdp_usd,NY.GDP.MKTP.CD,275126915515.565
FIN,2012,gdp_usd,NY.GDP.MKTP.CD,257443384492.969
FIN,2013,gdp_usd,NY.GDP.MKTP.CD,270268036626.275
FIN,2014,gdp_usd,NY.GDP.MKTP.CD,273478528954.901
FIN,2015,gdp_usd,NY.GDP.MKTP.CD,233210733506.25
FIN,2016,gdp_usd,NY.GDP.MKTP.CD,238777818792.608
FIN,2017,gdp_usd,NY.GDP.MKTP.CD,253846138440
FIN,2018,gdp_usd,NY.GDP.MKTP.CD,273869255596.078
FIN,2019,gdp_usd,NY.GDP.MKTP.CD,267014821129.411
FIN,2020,gdp_usd,NY.GDP.MKTP.CD,270000311606.226
FIN,2021,gdp_usd,NY.GDP.MKTP.CD,294223210496.119
FIN,2022,gdp_usd,NY.GDP.MKTP.CD,280253099309.34
FIN,2023,gdp_usd,NY.GDP.MKTP.CD,295021982462.75
FIN,2024,gdp_usd,NY.GDP.MKTP.CD,298696961297.656
FRA,1990,gdp_usd,NY.GDP.MKTP.CD,1257649439826.53
FRA,1991,gdp_usd,NY.GDP.MKTP.CD,1258961748633.88
FRA,1992,gdp_usd,NY.GDP.MKTP.CD,1389663073110.28
FRA,1993,gdp_usd,NY.GDP.MKTP.CD,1314383368079.69
FRA,1994,gdp_usd,NY.GDP.MKTP.CD,1385822778827.98
FRA,1995,gdp_usd,NY.GDP.MKTP.CD,1595219345511.89
FRA,1996,gdp_usd,NY.GDP.MKTP.CD,1598889216566.23
FRA,1997,gdp_usd,NY.GDP.MKTP.CD,1449392222971.45
FRA,1998,gdp_usd,NY.GDP.MKTP.CD,1496906382032.47
FRA,1999,gdp_usd,NY.GDP.MKTP.CD,1486915879701.93
FRA,2000,gdp_usd,NY.GDP.MKTP.CD,1360959069477.49
FRA,2001,gdp_usd,NY.GDP.MKTP.CD,1370376677298.86
FRA,2002,gdp_usd,NY.GDP.MKTP.CD,1492427756382.43
FRA,2003,gdp_usd,NY.GDP.MKTP.CD,1835095983049.09
FRA,2004,gdp_usd,NY.GDP.MKTP.CD,2109792297237.03
FRA,2005,gdp_usd,NY.GDP.MKTP.CD,2192146403028.17
FRA,2006,gdp_usd,NY.GDP.MKTP.CD,2317861544690.82
FRA,2007,gdp_usd,NY.GDP.MKTP.CD,2655816911866.56
FRA,2008,gdp_usd,NY.GDP.MKTP.CD,2926802941585.86
FRA,2009,gdp_usd,NY.GDP.MKTP.CD,2700075882518.98
FRA,2010,gdp_usd,NY.GDP.MKTP.CD,2646230027988.34
FRA,2011,gdp_usd,NY.GDP.MKTP.CD,2870408553990.28
FRA,2012,gdp_usd,NY.GDP.MKTP.CD,2683007095787.23
FRA,2013,gdp_usd,NY.GDP.MKTP.CD,2816077607875.26
FRA,2014,gdp_usd,NY.GDP.MKTP.CD,2861236112552.42
FRA,2015,gdp_usd,NY.GDP.MKTP.CD,2442483452642.5
FRA,2016,gdp_usd,NY.GDP.MKTP.CD,2470407619777.13
FRA,2017,gdp_usd,NY.GDP.MKTP.CD,2588868323334.71
FRA,2018,gdp_usd,NY.GDP.MKTP.CD,2781576320884.39
FRA,2019,gdp_usd,NY.GDP.MKTP.CD,2722793515171.76
FRA,2020,gdp_usd,NY.GDP.MKTP.CD,2647926055110.05
FRA,2021,gdp_usd,NY.GDP.MKTP.CD,2966433692008.09
FRA,2022,gdp_usd,NY.GDP.MKTP.CD,2794788137066.94
FRA,2023,gdp_usd,NY.GDP.MKTP.CD,3056250648138.29
FRA,2024,gdp_usd,NY.GDP.MKTP.CD,3160442622465.08
GBR,1990,gdp_usd,NY.GDP.MKTP.CD,1093169389204.55
GBR,1991,gdp_usd,NY.GDP.MKTP.CD,1142797178130.51
GBR,1992,gdp_usd,NY.GDP.MKTP.CD,1179659529659.53
GBR,1993,gdp_usd,NY.GDP.MKTP.CD,1061388722255.55
GBR,1994,gdp_usd,NY.GDP.MKTP.CD,1140489745944.29
GBR,1995,gdp_usd,NY.GDP.MKTP.CD,1349094208616.06
GBR,1996,gdp_usd,NY.GDP.MKTP.CD,1425287051482.06
GBR,1997,gdp_usd,NY.GDP.MKTP.CD,1569317288801.57
GBR,1998,gdp_usd,NY.GDP.MKTP.CD,1660821464060.95
GBR,1999,gdp_usd,NY.GDP.MKTP.CD,1693458987218.9
GBR,2000,gdp_usd,NY.GDP.MKTP.CD,1671597821152.97
GBR,2001,gdp_usd,NY.GDP.MKTP.CD,1656171009068.66
GBR,2002,gdp_usd,NY.GDP.MKTP.CD,1790536570743.41
GBR,2003,gdp_usd,NY.GDP.MKTP.CD,2061227755102.04
GBR,2004,gdp_usd,NY.GDP.MKTP.CD,2429774807762.72
GBR,2005,gdp_usd,NY.GDP.MKTP.CD,2551361818181.82
GBR,2006,gdp_usd,NY.GDP.MKTP.CD,2719558417663.29
GBR,2007,gdp_usd,NY.GDP.MKTP.CD,3104699879951.98
GBR,2008,gdp_usd,NY.GDP.MKTP.CD,2945251838235.29
GBR,2009,gdp_usd,NY.GDP.MKTP.CD,2429358155475.93
GBR,2010,gdp_usd,NY.GDP.MKTP.CD,2496740681057.14
GBR,2011,gdp_usd,NY.GDP.MKTP.CD,2675590034128.66
GBR,2012,gdp_usd,NY.GDP.MKTP.CD,2719715961539.83
GBR,2013,gdp_usd,NY.GDP.MKTP.CD,2796908333283.39
GBR,2014,gdp_usd,NY.GDP.MKTP.CD,3085362169410.29
GBR,2015,gdp_usd,NY.GDP.MKTP.CD,2945579890258.46
GBR,2016,gdp_usd,NY.GDP.MKTP.CD,2706807606538.73
GBR,2017,gdp_usd,NY.GDP.MKTP.CD,2699118387873.1
GBR,2018,gdp_usd,NY.GDP.MKTP.CD,2897028009916.05
GBR,2019,gdp_usd,NY.GDP.MKTP.CD,2875710080015.3
GBR,2020,gdp_usd,NY.GDP.MKTP.CD,2724001478304.59
GBR,2021,gdp_usd,NY.GDP.MKTP.CD,3194559188925.93
GBR,2022,gdp_usd,NY.GDP.MKTP.CD,3181244350465.41
GBR,2023,gdp_usd,NY.GDP.MKTP.CD,3420796653789.08
GBR,2024,gdp_usd,NY.GDP.MKTP.CD,3686033044482.13
HKG,1990,gdp_usd,NY.GDP.MKTP.CD,76928784620.8158
HKG,1991,gdp_usd,NY.GDP.MKTP.CD,88959997899.9293
HKG,1992,gdp_usd,NY.GDP.MKTP.CD,104272507639.282
HKG,1993,gdp_usd,NY.GDP.MKTP.CD,120354212475
HKG,1994,gdp_usd,NY.GDP.MKTP.CD,135811771026.33
HKG,1995,gdp_usd,NY.GDP.MKTP.CD,144652295363.667
HKG,1996,gdp_usd,NY.GDP.MKTP.CD,159718183550.734
HKG,1997,gdp_usd,NY.GDP.MKTP.CD,177353174849.714
HKG,1998,gdp_usd,NY.GDP.MKTP.CD,168885443660.072
HKG,1999,gdp_usd,NY.GDP.MKTP.CD,165768095391.557
HKG,2000,gdp_usd,NY.GDP.MKTP.CD,171668891194.349
HKG,2001,gdp_usd,NY.GDP.MKTP.CD,169404327616.605
HKG,2002,gdp_usd,NY.GDP.MKTP.CD,166348866131.028
HKG,2003,gdp_usd,NY.GDP.MKTP.CD,161385558801.811
HKG,2004,gdp_usd,NY.GDP.MKTP.CD,169099768875.193
HKG,2005,gdp_usd,NY.GDP.MKTP.CD,181569311742.213
HKG,2006,gdp_usd,NY.GDP.MKTP.CD,193535442896.365
HKG,2007,gdp_usd,NY.GDP.MKTP.CD,211596944503.8
HKG,2008,gdp_usd,NY.GDP.MKTP.CD,219278749139.734
HKG,2009,gdp_usd,NY.GDP.MKTP.CD,214047795659.045
HKG,2010,gdp_usd,NY.GDP.MKTP.CD,228638668727.291
HKG,2011,gdp_usd,NY.GDP.MKTP.CD,248513617677.287
HKG,2012,gdp_usd,NY.GDP.MKTP.CD,262628865879.697
HKG,2013,gdp_usd,NY.GDP.MKTP.CD,275696879834.966
HKG,2014,gdp_usd,NY.GDP.MKTP.CD,291459995978.893
HKG,2015,gdp_usd,NY.GDP.MKTP.CD,309385622601.348
HKG,2016,gdp_usd,NY.GDP.MKTP.CD,320860317562.562
HKG,2017,gdp_usd,NY.GDP.MKTP.CD,341273289534.466
HKG,2018,gdp_usd,NY.GDP.MKTP.CD,361731070995.726
HKG,2019,gdp_usd,NY.GDP.MKTP.CD,363074545072.389
HKG,2020,gdp_usd,NY.GDP.MKTP.CD,344943149590.058
HKG,2021,gdp_usd,NY.GDP.MKTP.CD,368954169748.818
HKG,2022,gdp_usd,NY.GDP.MKTP.CD,358679533984.718
HKG,2023,gdp_usd,NY.GDP.MKTP.CD,381043026173.935
HKG,2024,gdp_usd,NY.GDP.MKTP.CD,406863396487.342
IDN,1990,gdp_usd,NY.GDP.MKTP.CD,106140727333.636
IDN,1991,gdp_usd,NY.GDP.MKTP.CD,116621996217.133
IDN,1992,gdp_usd,NY.GDP.MKTP.CD,128026966579.964
IDN,1993,gdp_usd,NY.GDP.MKTP.CD,158006700301.533
IDN,1994,gdp_usd,NY.GDP.MKTP.CD,176892143931.505
IDN,1995,gdp_usd,NY.GDP.MKTP.CD,202132028723.115
IDN,1996,gdp_usd,NY.GDP.MKTP.CD,227369679374.973
IDN,1997,gdp_usd,NY.GDP.MKTP.CD,215748998609.635
IDN,1998,gdp_usd,NY.GDP.MKTP.CD,95445547872.715
IDN,1999,gdp_usd,NY.GDP.MKTP.CD,140001351215.462
IDN,2000,gdp_usd,NY.GDP.MKTP.CD,165021012077.81
IDN,2001,gdp_usd,NY.GDP.MKTP.CD,160446947784.909
IDN,2002,gdp_usd,NY.GDP.MKTP.CD,195660611165.183
IDN,2003,gdp_usd,NY.GDP.MKTP.CD,234772463823.808
IDN,2004,gdp_usd,NY.GDP.MKTP.CD,256836875295.452
IDN,2005,gdp_usd,NY.GDP.MKTP.CD,285868619196.085
IDN,2006,gdp_usd,NY.GDP.MKTP.CD,364570515618.357
IDN,2007,gdp_usd,NY.GDP.MKTP.CD,432216737774.861
IDN,2008,gdp_usd,NY.GDP.MKTP.CD,510228634992.258
IDN,2009,gdp_usd,NY.GDP.MKTP.CD,539580085612.401
IDN,2010,gdp_usd,NY.GDP.MKTP.CD,755094157621.936
IDN,2011,gdp_usd,NY.GDP.MKTP.CD,892969104563.171
IDN,2012,gdp_usd,NY.GDP.MKTP.CD,917869913332.649
IDN,2013,gdp_usd,NY.GDP.MKTP.CD,912524136718.018
IDN,2014,gdp_usd,NY.GDP.MKTP.CD,890814755533.537
IDN,2015,gdp_usd,NY.GDP.MKTP.CD,860854232686.214
IDN,2016,gdp_usd,NY.GDP.MKTP.CD,931877364037.698
IDN,2017,gdp_usd,NY.GDP.MKTP.CD,1015618744159.73
IDN,2018,gdp_usd,NY.GDP.MKTP.CD,1042271532988.63
IDN,2019,gdp_usd,NY.GDP.MKTP.CD,1119099871350.2
IDN,2020,gdp_usd,NY.GDP.MKTP.CD,1059054842698.48
IDN,2021,gdp_usd,NY.GDP.MKTP.CD,1186509691086.73
IDN,2022,gdp_usd,NY.GDP.MKTP.CD,1319101183380.15
IDN,2023,gdp_usd,NY.GDP.MKTP.CD,1371169301563.62
IDN,2024,gdp_usd,NY.GDP.MKTP.CD,1396300098190.97
IND,1990,gdp_usd,NY.GDP.MKTP.CD,320979026420.035
IND,1991,gdp_usd,NY.GDP.MKTP.CD,270105341879.226
IND,1992,gdp_usd,NY.GDP.MKTP.CD,288208070278.013
IND,1993,gdp_usd,NY.GDP.MKTP.CD,279295648982.529
IND,1994,gdp_usd,NY.GDP.MKTP.CD,327274843459.429
IND,1995,gdp_usd,NY.GDP.MKTP.CD,360281909643.489
IND,1996,gdp_usd,NY.GDP.MKTP.CD,392896866204.516
IND,1997,gdp_usd,NY.GDP.MKTP.CD,415867563592.829
IND,1998,gdp_usd,NY.GDP.MKTP.CD,421351317224.941
IND,1999,gdp_usd,NY.GDP.MKTP.CD,458821052615.79
IND,2000,gdp_usd,NY.GDP.MKTP.CD,468395521654.458
IND,2001,gdp_usd,NY.GDP.MKTP.CD,485440139204.171
IND,2002,gdp_usd,NY.GDP.MKTP.CD,514939140318.756
IND,2003,gdp_usd,NY.GDP.MKTP.CD,607700687237.318
IND,2004,gdp_usd,NY.GDP.MKTP.CD,709152728830.775
IND,2005,gdp_usd,NY.GDP.MKTP.CD,820383763511.445
IND,2006,gdp_usd,NY.GDP.MKTP.CD,940259888787.721
IND,2007,gdp_usd,NY.GDP.MKTP.CD,1216736438834.96
IND,2008,gdp_usd,NY.GDP.MKTP.CD,1198895139005.92
IND,2009,gdp_usd,NY.GDP.MKTP.CD,1341888016994.9
IND,2010,gdp_usd,NY.GDP.MKTP.CD,1675615519484.96
IND,2011,gdp_usd,NY.GDP.MKTP.CD,1823051829894.55
IND,2012,gdp_usd,NY.GDP.MKTP.CD,1827637590410.41
IND,2013,gdp_usd,NY.GDP.MKTP.CD,1856721507621.58
IND,2014,gdp_usd,NY.GDP.MKTP.CD,2039126479154.52
IND,2015,gdp_usd,NY.GDP.MKTP.CD,2103588360044.94
IND,2016,gdp_usd,NY.GDP.MKTP.CD,2294796885663.16
IND,2017,gdp_usd,NY.GDP.MKTP.CD,2651474262755.45
IND,2018,gdp_usd,NY.GDP.MKTP.CD,2702929641648.74
IND,2019,gdp_usd,NY.GDP.MKTP.CD,2835606256558.19
IND,2020,gdp_usd,NY.GDP.MKTP.CD,2674851578587.27
IND,2021,gdp_usd,NY.GDP.MKTP.CD,3167270623260.47
IND,2022,gdp_usd,NY.GDP.MKTP.CD,3346107287730.93
IND,2023,gdp_usd,NY.GDP.MKTP.CD,3638489096033.86
IND,2024,gdp_usd,NY.GDP.MKTP.CD,3909891533858.08
IRL,1990,gdp_usd,NY.GDP.MKTP.CD,49305632408.4929
IRL,1991,gdp_usd,NY.GDP.MKTP.CD,49787501584.4847
IRL,1992,gdp_usd,NY.GDP.MKTP.CD,55918538121.3989
IRL,1993,gdp_usd,NY.GDP.MKTP.CD,52417477613.676
IRL,1994,gdp_usd,NY.GDP.MKTP.CD,57097656065.96
IRL,1995,gdp_usd,NY.GDP.MKTP.CD,69139823232.3232
IRL,1996,gdp_usd,NY.GDP.MKTP.CD,75790786290.3226
IRL,1997,gdp_usd,NY.GDP.MKTP.CD,82856648758.3572
IRL,1998,gdp_usd,NY.GDP.MKTP.CD,90199410115.5097
IRL,1999,gdp_usd,NY.GDP.MKTP.CD,98893958262.6438
IRL,2000,gdp_usd,NY.GDP.MKTP.CD,100207610429.909
IRL,2001,gdp_usd,NY.GDP.MKTP.CD,109346669229.695
IRL,2002,gdp_usd,NY.GDP.MKTP.CD,128596035288.401
IRL,2003,gdp_usd,NY.GDP.MKTP.CD,164670771259.602
IRL,2004,gdp_usd,NY.GDP.MKTP.CD,194372115041.065
IRL,2005,gdp_usd,NY.GDP.MKTP.CD,211876989655.907
IRL,2006,gdp_usd,NY.GDP.MKTP.CD,232180617162.279
IRL,2007,gdp_usd,NY.GDP.MKTP.CD,270079279419.5
IRL,2008,gdp_usd,NY.GDP.MKTP.CD,275447471451.063
IRL,2009,gdp_usd,NY.GDP.MKTP.CD,236443115853.695
IRL,2010,gdp_usd,NY.GDP.MKTP.CD,221732824603.484
IRL,2011,gdp_usd,NY.GDP.MKTP.CD,240975871046.644
IRL,2012,gdp_usd,NY.GDP.MKTP.CD,226921827888.137
IRL,2013,gdp_usd,NY.GDP.MKTP.CD,242924245718.756
IRL,2014,gdp_usd,NY.GDP.MKTP.CD,266490442124.309
IRL,2015,gdp_usd,NY.GDP.MKTP.CD,302101388556.271
IRL,2016,gdp_usd,NY.GDP.MKTP.CD,305431252708.748
IRL,2017,gdp_usd,NY.GDP.MKTP.CD,348355212568.515
IRL,2018,gdp_usd,NY.GDP.MKTP.CD,395780319816.603
IRL,2019,gdp_usd,NY.GDP.MKTP.CD,407211793800.713
IRL,2020,gdp_usd,NY.GDP.MKTP.CD,436009027818.948
IRL,2021,gdp_usd,NY.GDP.MKTP.CD,530394123829.763
IRL,2022,gdp_usd,NY.GDP.MKTP.CD,548341794599.09
IRL,2023,gdp_usd,NY.GDP.MKTP.CD,567372737459.116
IRL,2024,gdp_usd,NY.GDP.MKTP.CD,609157459747.205
IRN,1990,gdp_usd,NY.GDP.MKTP.CD,124813263926.225
IRN,1991,gdp_usd,NY.GDP.MKTP.CD,131637664958.014
IRN,1992,gdp_usd,NY.GDP.MKTP.CD,119768691216.667
IRN,1993,gdp_usd,NY.GDP.MKTP.CD,63743623232.012
IRN,1994,gdp_usd,NY.GDP.MKTP.CD,71841461172.5964
IRN,1995,gdp_usd,NY.GDP.MKTP.CD,96419225743.6737
IRN,1996,gdp_usd,NY.GDP.MKTP.CD,120403931885.441
IRN,1997,gdp_usd,NY.GDP.MKTP.CD,113919163421.155
IRN,1998,gdp_usd,NY.GDP.MKTP.CD,110276913362.508
IRN,1999,gdp_usd,NY.GDP.MKTP.CD,113848450088.351
IRN,2000,gdp_usd,NY.GDP.MKTP.CD,109591707802.216
IRN,2001,gdp_usd,NY.GDP.MKTP.CD,126878750295.944
IRN,2002,gdp_usd,NY.GDP.MKTP.CD,128626917503.72
IRN,2003,gdp_usd,NY.GDP.MKTP.CD,151911222119.488
IRN,2004,gdp_usd,NY.GDP.MKTP.CD,187754571247.666
IRN,2005,gdp_usd,NY.GDP.MKTP.CD,224970371324.67
IRN,2006,gdp_usd,NY.GDP.MKTP.CD,265602187403.643
IRN,2007,gdp_usd,NY.GDP.MKTP.CD,349736591832.418
IRN,2008,gdp_usd,NY.GDP.MKTP.CD,406070949553.875
IRN,2009,gdp_usd,NY.GDP.MKTP.CD,414059094949.063
IRN,2010,gdp_usd,NY.GDP.MKTP.CD,487069570463.768
IRN,2011,gdp_usd,NY.GDP.MKTP.CD,629082257472.368
IRN,2012,gdp_usd,NY.GDP.MKTP.CD,644019315003.54
IRN,2013,gdp_usd,NY.GDP.MKTP.CD,500399839839.877
IRN,2014,gdp_usd,NY.GDP.MKTP.CD,462284793280.825
IRN,2015,gdp_usd,NY.GDP.MKTP.CD,409191686496.677
IRN,2016,gdp_usd,NY.GDP.MKTP.CD,478618064870.999
IRN,2017,gdp_usd,NY.GDP.MKTP.CD,510239893417.645
IRN,2018,gdp_usd,NY.GDP.MKTP.CD,411903303606.044
IRN,2019,gdp_usd,NY.GDP.MKTP.CD,347988400957.999
IRN,2020,gdp_usd,NY.GDP.MKTP.CD,280934329279.723
IRN,2021,gdp_usd,NY.GDP.MKTP.CD,407350685583.335
IRN,2022,gdp_usd,NY.GDP.MKTP.CD,422662261525.665
IRN,2023,gdp_usd,NY.GDP.MKTP.CD,457510482317.483
IRN,2024,gdp_usd,NY.GDP.MKTP.CD,475252089215.416
IRQ,1990,gdp_usd,NY.GDP.MKTP.CD,180408064516.129
IRQ,1991,gdp_usd,NY.GDP.MKTP.CD,407796349.663785
IRQ,1992,gdp_usd,NY.GDP.MKTP.CD,553671957.671958
IRQ,1993,gdp_usd,NY.GDP.MKTP.CD,1031944881.13189
IRQ,1994,gdp_usd,NY.GDP.MKTP.CD,3991349282.75729
IRQ,1995,gdp_usd,NY.GDP.MKTP.CD,12894029888.1122
IRQ,1996,gdp_usd,NY.GDP.MKTP.CD,10433698621.3427
IRQ,1997,gdp_usd,NY.GDP.MKTP.CD,20764857056.3795
IRQ,1998,gdp_usd,NY.GDP.MKTP.CD,20617405044.2425
IRQ,1999,gdp_usd,NY.GDP.MKTP.CD,36881601583.8194
IRQ,2000,gdp_usd,NY.GDP.MKTP.CD,48364250943.9051
IRQ,2001,gdp_usd,NY.GDP.MKTP.CD,36176430128.8057
IRQ,2002,gdp_usd,NY.GDP.MKTP.CD,32928454672.4246
IRQ,2003,gdp_usd,NY.GDP.MKTP.CD,21921569478.8163
IRQ,2004,gdp_usd,NY.GDP.MKTP.CD,36633669269.3981
IRQ,2005,gdp_usd,NY.GDP.MKTP.CD,50065104667.8159
IRQ,2006,gdp_usd,NY.GDP.MKTP.CD,65147051918.0219
IRQ,2007,gdp_usd,NY.GDP.MKTP.CD,88837057319.5179
IRQ,2008,gdp_usd,NY.GDP.MKTP.CD,131614434153.505
IRQ,2009,gdp_usd,NY.GDP.MKTP.CD,111657580326.315
IRQ,2010,gdp_usd,NY.GDP.MKTP.CD,138516722649.573
IRQ,2011,gdp_usd,NY.GDP.MKTP.CD,185749664444.444
IRQ,2012,gdp_usd,NY.GDP.MKTP.CD,218002476129.472
IRQ,2013,gdp_usd,NY.GDP.MKTP.CD,234637675128.645
IRQ,2014,gdp_usd,NY.GDP.MKTP.CD,228415656174.957
IRQ,2015,gdp_usd,NY.GDP.MKTP.CD,166774104959.102
IRQ,2016,gdp_usd,NY.GDP.MKTP.CD,166743557747.671
IRQ,2017,gdp_usd,NY.GDP.MKTP.CD,187217660050.676
IRQ,2018,gdp_usd,NY.GDP.MKTP.CD,227367469034.031
IRQ,2019,gdp_usd,NY.GDP.MKTP.CD,233636097800.338
IRQ,2020,gdp_usd,NY.GDP.MKTP.CD,180898797516.874
IRQ,2021,gdp_usd,NY.GDP.MKTP.CD,209691945713.103
IRQ,2022,gdp_usd,NY.GDP.MKTP.CD,287372232137.931
IRQ,2023,gdp_usd,NY.GDP.MKTP.CD,268881051643.549
IRQ,2024,gdp_usd,NY.GDP.MKTP.CD,279641257615.385
ISR,1990,gdp_usd,NY.GDP.MKTP.CD,62016729540.7093
ISR,1991,gdp_usd,NY.GDP.MKTP.CD,70998755006.9019
ISR,1992,gdp_usd,NY.GDP.MKTP.CD,79457685757.166
ISR,1993,gdp_usd,NY.GDP.MKTP.CD,79855877174.4429
ISR,1994,gdp_usd,NY.GDP.MKTP.CD,90740103828.6058
ISR,1995,gdp_usd,NY.GDP.MKTP.CD,105497418058.646
ISR,1996,gdp_usd,NY.GDP.MKTP.CD,115116595544.694
ISR,1997,gdp_usd,NY.GDP.MKTP.CD,119459826346.611
ISR,1998,gdp_usd,NY.GDP.MKTP.CD,120547409278.703
ISR,1999,gdp_usd,NY.GDP.MKTP.CD,121417185061.719
ISR,2000,gdp_usd,NY.GDP.MKTP.CD,136512300542.025
ISR,2001,gdp_usd,NY.GDP.MKTP.CD,135002039612.906
ISR,2002,gdp_usd,NY.GDP.MKTP.CD,125332331883.997
ISR,2003,gdp_usd,NY.GDP.MKTP.CD,131408914824.005
ISR,2004,gdp_usd,NY.GDP.MKTP.CD,140047984605.087
ISR,2005,gdp_usd,NY.GDP.MKTP.CD,147519922009.047
ISR,2006,gdp_usd,NY.GDP.MKTP.CD,158900547825.306
ISR,2007,gdp_usd,NY.GDP.MKTP.CD,184681214673.45
ISR,2008,gdp_usd,NY.GDP.MKTP.CD,221231658862.876
ISR,2009,gdp_usd,NY.GDP.MKTP.CD,213403181852.86
ISR,2010,gdp_usd,NY.GDP.MKTP.CD,239679036634.372
ISR,2011,gdp_usd,NY.GDP.MKTP.CD,268094998225.028
ISR,2012,gdp_usd,NY.GDP.MKTP.CD,263589172712.391
ISR,2013,gdp_usd,NY.GDP.MKTP.CD,298478070673.058
ISR,2014,gdp_usd,NY.GDP.MKTP.CD,315017088116.716
ISR,2015,gdp_usd,NY.GDP.MKTP.CD,303469434072.296
ISR,2016,gdp_usd,NY.GDP.MKTP.CD,321940971558.016
ISR,2017,gdp_usd,NY.GDP.MKTP.CD,358451839052.991
ISR,2018,gdp_usd,NY.GDP.MKTP.CD,376299083108.497
ISR,2019,gdp_usd,NY.GDP.MKTP.CD,400645216358.857
ISR,2020,gdp_usd,NY.GDP.MKTP.CD,410768352657.612
ISR,2021,gdp_usd,NY.GDP.MKTP.CD,489851549972.347
ISR,2022,gdp_usd,NY.GDP.MKTP.CD,525181008025.57
ISR,2023,gdp_usd,NY.GDP.MKTP.CD,512184638998.974
ISR,2024,gdp_usd,NY.GDP.MKTP.CD,540379921261.681
ITA,1990,gdp_usd,NY.GDP.MKTP.CD,1183945130898.51
ITA,1991,gdp_usd,NY.GDP.MKTP.CD,1249092439519.28
ITA,1992,gdp_usd,NY.GDP.MKTP.CD,1323204350353.5
ITA,1993,gdp_usd,NY.GDP.MKTP.CD,1067412587670.73
ITA,1994,gdp_usd,NY.GDP.MKTP.CD,1101750159702.21
ITA,1995,gdp_usd,NY.GDP.MKTP.CD,1177369428265.78
ITA,1996,gdp_usd,NY.GDP.MKTP.CD,1314776508972.27
ITA,1997,gdp_usd,NY.GDP.MKTP.CD,1244988176443.84
ITA,1998,gdp_usd,NY.GDP.MKTP.CD,1272729786996.77
ITA,1999,gdp_usd,NY.GDP.MKTP.CD,1255004736463.98
ITA,2000,gdp_usd,NY.GDP.MKTP.CD,1149661363439.38
ITA,2001,gdp_usd,NY.GDP.MKTP.CD,1172041488805.87
ITA,2002,gdp_usd,NY.GDP.MKTP.CD,1281746271196.04
ITA,2003,gdp_usd,NY.GDP.MKTP.CD,1582930016538.82
ITA,2004,gdp_usd,NY.GDP.MKTP.CD,1812808753294.75
ITA,2005,gdp_usd,NY.GDP.MKTP.CD,1864982261286.85
ITA,2006,gdp_usd,NY.GDP.MKTP.CD,1958563654385.64
ITA,2007,gdp_usd,NY.GDP.MKTP.CD,2222524108127.65
ITA,2008,gdp_usd,NY.GDP.MKTP.CD,2417508414187.19
ITA,2009,gdp_usd,NY.GDP.MKTP.CD,2209484319012.65
ITA,2010,gdp_usd,NY.GDP.MKTP.CD,2144936254535
ITA,2011,gdp_usd,NY.GDP.MKTP.CD,2306974020278.21
ITA,2012,gdp_usd,NY.GDP.MKTP.CD,2097929495121.68
ITA,2013,gdp_usd,NY.GDP.MKTP.CD,2153225581941.46
ITA,2014,gdp_usd,NY.GDP.MKTP.CD,2173255507985.84
ITA,2015,gdp_usd,NY.GDP.MKTP.CD,1845428048839.1
ITA,2016,gdp_usd,NY.GDP.MKTP.CD,1887111188176.93
ITA,2017,gdp_usd,NY.GDP.MKTP.CD,1970720904584.71
ITA,2018,gdp_usd,NY.GDP.MKTP.CD,2099435266458.67
ITA,2019,gdp_usd,NY.GDP.MKTP.CD,2019606796583.53
ITA,2020,gdp_usd,NY.GDP.MKTP.CD,1907481094079.23
ITA,2021,gdp_usd,NY.GDP.MKTP.CD,2179207773596.09
ITA,2022,gdp_usd,NY.GDP.MKTP.CD,2104067630319.46
ITA,2023,gdp_usd,NY.GDP.MKTP.CD,2316727999333.18
ITA,2024,gdp_usd,NY.GDP.MKTP.CD,2380825077243.59
JPN,1990,gdp_usd,NY.GDP.MKTP.CD,3185904656663.85
JPN,1991,gdp_usd,NY.GDP.MKTP.CD,3648065760648.88
JPN,1992,gdp_usd,NY.GDP.MKTP.CD,3980702922117.66
JPN,1993,gdp_usd,NY.GDP.MKTP.CD,4536940479038.25
JPN,1994,gdp_usd,NY.GDP.MKTP.CD,4998797547740.97
JPN,1995,gdp_usd,NY.GDP.MKTP.CD,5545563663889.7
JPN,1996,gdp_usd,NY.GDP.MKTP.CD,4923391533851.63
JPN,1997,gdp_usd,NY.GDP.MKTP.CD,4492448605638.94
JPN,1998,gdp_usd,NY.GDP.MKTP.CD,4098362709531.24
JPN,1999,gdp_usd,NY.GDP.MKTP.CD,4635982224063.88
JPN,2000,gdp_usd,NY.GDP.MKTP.CD,4968359075956.59
JPN,2001,gdp_usd,NY.GDP.MKTP.CD,4374711694090.87
JPN,2002,gdp_usd,NY.GDP.MKTP.CD,4182846045873.61
JPN,2003,gdp_usd,NY.GDP.MKTP.CD,4519561645253.53
JPN,2004,gdp_usd,NY.GDP.MKTP.CD,4893116005656.56
JPN,2005,gdp_usd,NY.GDP.MKTP.CD,4831467035389.8
JPN,2006,gdp_usd,NY.GDP.MKTP.CD,4601663122649.92
JPN,2007,gdp_usd,NY.GDP.MKTP.CD,4579750920354.81
JPN,2008,gdp_usd,NY.GDP.MKTP.CD,5106679115127.3
JPN,2009,gdp_usd,NY.GDP.MKTP.CD,5289493117993.89
JPN,2010,gdp_usd,NY.GDP.MKTP.CD,5759071769013.11
JPN,2011,gdp_usd,NY.GDP.MKTP.CD,6233147172341.35
JPN,2012,gdp_usd,NY.GDP.MKTP.CD,6272362996105.03
JPN,2013,gdp_usd,NY.GDP.MKTP.CD,5212328181166.18
JPN,2014,gdp_usd,NY.GDP.MKTP.CD,4896994405353.29
JPN,2015,gdp_usd,NY.GDP.MKTP.CD,4444930651964.18
JPN,2016,gdp_usd,NY.GDP.MKTP.CD,5003677627544.24
JPN,2017,gdp_usd,NY.GDP.MKTP.CD,4930837369151.42
JPN,2018,gdp_usd,NY.GDP.MKTP.CD,5040880939324.86
JPN,2019,gdp_usd,NY.GDP.MKTP.CD,5117993853016.51
JPN,2020,gdp_usd,NY.GDP.MKTP.CD,5054068005376.28
JPN,2021,gdp_usd,NY.GDP.MKTP.CD,5039148168861.22
JPN,2022,gdp_usd,NY.GDP.MKTP.CD,4262463317796.53
JPN,2023,gdp_usd,NY.GDP.MKTP.CD,4213167237905.83
JPN,2024,gdp_usd,NY.GDP.MKTP.CD,4027597523550.58
KOR,1990,gdp_usd,NY.GDP.MKTP.CD,292064221388.988
KOR,1991,gdp_usd,NY.GDP.MKTP.CD,340851946803.812
KOR,1992,gdp_usd,NY.GDP.MKTP.CD,366921291824.719
KOR,1993,gdp_usd,NY.GDP.MKTP.CD,405705302846.447
KOR,1994,gdp_usd,NY.GDP.MKTP.CD,479181794216.859
KOR,1995,gdp_usd,NY.GDP.MKTP.CD,586286469400.665
KOR,1996,gdp_usd,NY.GDP.MKTP.CD,631196863758.281
KOR,1997,gdp_usd,NY.GDP.MKTP.CD,589202526424.141
KOR,1998,gdp_usd,NY.GDP.MKTP.CD,397297216492.19
KOR,1999,gdp_usd,NY.GDP.MKTP.CD,515697079289.011
KOR,2000,gdp_usd,NY.GDP.MKTP.CD,597487173479.109
KOR,2001,gdp_usd,NY.GDP.MKTP.CD,567564806235.441
KOR,2002,gdp_usd,NY.GDP.MKTP.CD,650014391470.21
KOR,2003,gdp_usd,NY.GDP.MKTP.CD,728516494684.269
KOR,2004,gdp_usd,NY.GDP.MKTP.CD,823251107638.814
KOR,2005,gdp_usd,NY.GDP.MKTP.CD,971740329983.878
KOR,2006,gdp_usd,NY.GDP.MKTP.CD,1095175538508.19
KOR,2007,gdp_usd,NY.GDP.MKTP.CD,1220911904593.06
KOR,2008,gdp_usd,NY.GDP.MKTP.CD,1091580692542.34
KOR,2009,gdp_usd,NY.GDP.MKTP.CD,983065242417.36
KOR,2010,gdp_usd,NY.GDP.MKTP.CD,1192830015737.68
KOR,2011,gdp_usd,NY.GDP.MKTP.CD,1307103477219.1
KOR,2012,gdp_usd,NY.GDP.MKTP.CD,1335343586437.67
KOR,2013,gdp_usd,NY.GDP.MKTP.CD,1434669686501.84
KOR,2014,gdp_usd,NY.GDP.MKTP.CD,1556252422020.44
KOR,2015,gdp_usd,NY.GDP.MKTP.CD,1539212301135.55
KOR,2016,gdp_usd,NY.GDP.MKTP.CD,1579150518945.44
KOR,2017,gdp_usd,NY.GDP.MKTP.CD,1710196756713.17
KOR,2018,gdp_usd,NY.GDP.MKTP.CD,1824251454306.83
KOR,2019,gdp_usd,NY.GDP.MKTP.CD,1751045752054.63
KOR,2020,gdp_usd,NY.GDP.MKTP.CD,1744070276373.34
KOR,2021,gdp_usd,NY.GDP.MKTP.CD,1942313560965.9
KOR,2022,gdp_usd,NY.GDP.MKTP.CD,1799363116866.52
KOR,2023,gdp_usd,NY.GDP.MKTP.CD,1844800934391.54
KOR,2024,gdp_usd,NY.GDP.MKTP.CD,1875388209406.8
MEX,1990,gdp_usd,NY.GDP.MKTP.CD,261253675692.838
MEX,1991,gdp_usd,NY.GDP.MKTP.CD,313139656145.745
MEX,1992,gdp_usd,NY.GDP.MKTP.CD,363157832923.734
MEX,1993,gdp_usd,NY.GDP.MKTP.CD,530160763662.543
MEX,1994,gdp_usd,NY.GDP.MKTP.CD,553618247900.74
MEX,1995,gdp_usd,NY.GDP.MKTP.CD,380157469866.849
MEX,1996,gdp_usd,NY.GDP.MKTP.CD,432157945024.428
MEX,1997,gdp_usd,NY.GDP.MKTP.CD,523449530464.257
MEX,1998,gdp_usd,NY.GDP.MKTP.CD,557461102630.658
MEX,1999,gdp_usd,NY.GDP.MKTP.CD,631249359702.389
MEX,2000,gdp_usd,NY.GDP.MKTP.CD,742061329749.127
MEX,2001,gdp_usd,NY.GDP.MKTP.CD,796064590549.136
MEX,2002,gdp_usd,NY.GDP.MKTP.CD,810666116401.915
MEX,2003,gdp_usd,NY.GDP.MKTP.CD,765549967703.273
MEX,2004,gdp_usd,NY.GDP.MKTP.CD,819459227375.022
MEX,2005,gdp_usd,NY.GDP.MKTP.CD,917571853529.104
MEX,2006,gdp_usd,NY.GDP.MKTP.CD,1020265057882.01
MEX,2007,gdp_usd,NY.GDP.MKTP.CD,1102355554971.95
MEX,2008,gdp_usd,NY.GDP.MKTP.CD,1161553459715.1
MEX,2009,gdp_usd,NY.GDP.MKTP.CD,943437415024.633
MEX,2010,gdp_usd,NY.GDP.MKTP.CD,1105424238731.09
MEX,2011,gdp_usd,NY.GDP.MKTP.CD,1229013703416.76
MEX,2012,gdp_usd,NY.GDP.MKTP.CD,1255110424817.79
MEX,2013,gdp_usd,NY.GDP.MKTP.CD,1327436290282.67
MEX,2014,gdp_usd,NY.GDP.MKTP.CD,1364507717614.13
MEX,2015,gdp_usd,NY.GDP.MKTP.CD,1213294467716.88
MEX,2016,gdp_usd,NY.GDP.MKTP.CD,1112233497452.7
MEX,2017,gdp_usd,NY.GDP.MKTP.CD,1190721475906
MEX,2018,gdp_usd,NY.GDP.MKTP.CD,1256300182879.73
MEX,2019,gdp_usd,NY.GDP.MKTP.CD,1304106203902.45
MEX,2020,gdp_usd,NY.GDP.MKTP.CD,1121064767308.42
MEX,2021,gdp_usd,NY.GDP.MKTP.CD,1316569466685.95
MEX,2022,gdp_usd,NY.GDP.MKTP.CD,1466934724293.06
MEX,2023,gdp_usd,NY.GDP.MKTP.CD,1798317581486.88
MEX,2024,gdp_usd,NY.GDP.MKTP.CD,1856365616165.94
MYS,1990,gdp_usd,NY.GDP.MKTP.CD,44024585239.6137
MYS,1991,gdp_usd,NY.GDP.MKTP.CD,49143148094.2683
MYS,1992,gdp_usd,NY.GDP.MKTP.CD,59167550162.956
MYS,1993,gdp_usd,NY.GDP.MKTP.CD,66894966968.9736
MYS,1994,gdp_usd,NY.GDP.MKTP.CD,74478356957.7808
MYS,1995,gdp_usd,NY.GDP.MKTP.CD,88705342902.7113
MYS,1996,gdp_usd,NY.GDP.MKTP.CD,100855393910.486
MYS,1997,gdp_usd,NY.GDP.MKTP.CD,100005323301.867
MYS,1998,gdp_usd,NY.GDP.MKTP.CD,72167498980.8398
MYS,1999,gdp_usd,NY.GDP.MKTP.CD,79148421052.6316
MYS,2000,gdp_usd,NY.GDP.MKTP.CD,93789736842.1053
MYS,2001,gdp_usd,NY.GDP.MKTP.CD,92783947368.4211
MYS,2002,gdp_usd,NY.GDP.MKTP.CD,100845526315.789
MYS,2003,gdp_usd,NY.GDP.MKTP.CD,110202368421.053
MYS,2004,gdp_usd,NY.GDP.MKTP.CD,124749473684.211
MYS,2005,gdp_usd,NY.GDP.MKTP.CD,143534405818.501
MYS,2006,gdp_usd,NY.GDP.MKTP.CD,162692258307.056
MYS,2007,gdp_usd,NY.GDP.MKTP.CD,193549569477.733
MYS,2008,gdp_usd,NY.GDP.MKTP.CD,230811614370.384
MYS,2009,gdp_usd,NY.GDP.MKTP.CD,202257453036.641
MYS,2010,gdp_usd,NY.GDP.MKTP.CD,255017638455.59
MYS,2011,gdp_usd,NY.GDP.MKTP.CD,297951668674.835
MYS,2012,gdp_usd,NY.GDP.MKTP.CD,314443047642.111
MYS,2013,gdp_usd,NY.GDP.MKTP.CD,323276235524.415
MYS,2014,gdp_usd,NY.GDP.MKTP.CD,338066095097.254
MYS,2015,gdp_usd,NY.GDP.MKTP.CD,301355266964.947
MYS,2016,gdp_usd,NY.GDP.MKTP.CD,301256033870.334
MYS,2017,gdp_usd,NY.GDP.MKTP.CD,319109094160.343
MYS,2018,gdp_usd,NY.GDP.MKTP.CD,358788845712.53
MYS,2019,gdp_usd,NY.GDP.MKTP.CD,365177721021.516
MYS,2020,gdp_usd,NY.GDP.MKTP.CD,337456163961.211
MYS,2021,gdp_usd,NY.GDP.MKTP.CD,373784553029.978
MYS,2022,gdp_usd,NY.GDP.MKTP.CD,407830525989.553
MYS,2023,gdp_usd,NY.GDP.MKTP.CD,399949418752.657
MYS,2024,gdp_usd,NY.GDP.MKTP.CD,422227005428.688
NGA,1990,gdp_usd,NY.GDP.MKTP.CD,54035795387.8086
NGA,1991,gdp_usd,NY.GDP.MKTP.CD,59526833412.3581
NGA,1992,gdp_usd,NY.GDP.MKTP.CD,52058181853.8055
NGA,1993,gdp_usd,NY.GDP.MKTP.CD,56721051402.4732
NGA,1994,gdp_usd,NY.GDP.MKTP.CD,80399613063.6364
NGA,1995,gdp_usd,NY.GDP.MKTP.CD,140919776986.364
NGA,1996,gdp_usd,NY.GDP.MKTP.CD,185730236700
NGA,1997,gdp_usd,NY.GDP.MKTP.CD,200850397618.182
NGA,1998,gdp_usd,NY.GDP.MKTP.CD,218416200672.727
NGA,1999,gdp_usd,NY.GDP.MKTP.CD,59145077039.1437
NGA,2000,gdp_usd,NY.GDP.MKTP.CD,69171451627.2465
NGA,2001,gdp_usd,NY.GDP.MKTP.CD,73557840064.489
NGA,2002,gdp_usd,NY.GDP.MKTP.CD,95054059302.6995
NGA,2003,gdp_usd,NY.GDP.MKTP.CD,104738954264.226
NGA,2004,gdp_usd,NY.GDP.MKTP.CD,135764731645.611
NGA,2005,gdp_usd,NY.GDP.MKTP.CD,175670569969.346
NGA,2006,gdp_usd,NY.GDP.MKTP.CD,238454997161.48
NGA,2007,gdp_usd,NY.GDP.MKTP.CD,278260846800.103
NGA,2008,gdp_usd,NY.GDP.MKTP.CD,339476276257.793
NGA,2009,gdp_usd,NY.GDP.MKTP.CD,295008835380.997
NGA,2010,gdp_usd,NY.GDP.MKTP.CD,366990417129.04
NGA,2011,gdp_usd,NY.GDP.MKTP.CD,414466676831.16
NGA,2012,gdp_usd,NY.GDP.MKTP.CD,463971018239.281
NGA,2013,gdp_usd,NY.GDP.MKTP.CD,520117180313.906
NGA,2014,gdp_usd,NY.GDP.MKTP.CD,574183763411.508
NGA,2015,gdp_usd,NY.GDP.MKTP.CD,493026682800.63
NGA,2016,gdp_usd,NY.GDP.MKTP.CD,404649125252.16
NGA,2017,gdp_usd,NY.GDP.MKTP.CD,375745731053.427
NGA,2018,gdp_usd,NY.GDP.MKTP.CD,421739251509.08
NGA,2019,gdp_usd,NY.GDP.MKTP.CD,668219992691.462
NGA,2020,gdp_usd,NY.GDP.MKTP.CD,598586817819.073
NGA,2021,gdp_usd,NY.GDP.MKTP.CD,609147716972.859
NGA,2022,gdp_usd,NY.GDP.MKTP.CD,646950257577.814
NGA,2023,gdp_usd,NY.GDP.MKTP.CD,487387801880.597
NGA,2024,gdp_usd,NY.GDP.MKTP.CD,252261880141.151
NLD,1990,gdp_usd,NY.GDP.MKTP.CD,318799003993.707
NLD,1991,gdp_usd,NY.GDP.MKTP.CD,327982316124.47
NLD,1992,gdp_usd,NY.GDP.MKTP.CD,363497050125.313
NLD,1993,gdp_usd,NY.GDP.MKTP.CD,354070495965.828
NLD,1994,gdp_usd,NY.GDP.MKTP.CD,379688232231.505
NLD,1995,gdp_usd,NY.GDP.MKTP.CD,452967334614.329
NLD,1996,gdp_usd,NY.GDP.MKTP.CD,451372549019.608
NLD,1997,gdp_usd,NY.GDP.MKTP.CD,417506211881.635
NLD,1998,gdp_usd,NY.GDP.MKTP.CD,438612530548.767
NLD,1999,gdp_usd,NY.GDP.MKTP.CD,447778514140.155
NLD,2000,gdp_usd,NY.GDP.MKTP.CD,417649282153.726
NLD,2001,gdp_usd,NY.GDP.MKTP.CD,432536219668.898
NLD,2002,gdp_usd,NY.GDP.MKTP.CD,475529972122.746
NLD,2003,gdp_usd,NY.GDP.MKTP.CD,582435617081.96
NLD,2004,gdp_usd,NY.GDP.MKTP.CD,661224886143.245
NLD,2005,gdp_usd,NY.GDP.MKTP.CD,688133699635.797
NLD,2006,gdp_usd,NY.GDP.MKTP.CD,737593995289.411
NLD,2007,gdp_usd,NY.GDP.MKTP.CD,853499460872.552
NLD,2008,gdp_usd,NY.GDP.MKTP.CD,957901566041.406
NLD,2009,gdp_usd,NY.GDP.MKTP.CD,878954223140.234
NLD,2010,gdp_usd,NY.GDP.MKTP.CD,852464982433.335
NLD,2011,gdp_usd,NY.GDP.MKTP.CD,913140741332.687
NLD,2012,gdp_usd,NY.GDP.MKTP.CD,845689017065.625
NLD,2013,gdp_usd,NY.GDP.MKTP.CD,883951539006.669
NLD,2014,gdp_usd,NY.GDP.MKTP.CD,901556501756.467
NLD,2015,gdp_usd,NY.GDP.MKTP.CD,775743675302.734
NLD,2016,gdp_usd,NY.GDP.MKTP.CD,797163949289.885
NLD,2017,gdp_usd,NY.GDP.MKTP.CD,848233537845.884
NLD,2018,gdp_usd,NY.GDP.MKTP.CD,929733599796.862
NLD,2019,gdp_usd,NY.GDP.MKTP.CD,928903005576.469
NLD,2020,gdp_usd,NY.GDP.MKTP.CD,932560861701.17
NLD,2021,gdp_usd,NY.GDP.MKTP.CD,1054472123449.6
NLD,2022,gdp_usd,NY.GDP.MKTP.CD,1046540797548.64
NLD,2023,gdp_usd,NY.GDP.MKTP.CD,1135475867551
NLD,2024,gdp_usd,NY.GDP.MKTP.CD,1214927698572.66
NOR,1990,gdp_usd,NY.GDP.MKTP.CD,119791843059.572
NOR,1991,gdp_usd,NY.GDP.MKTP.CD,121872464483.487
NOR,1992,gdp_usd,NY.GDP.MKTP.CD,130838040067.584
NOR,1993,gdp_usd,NY.GDP.MKTP.CD,120579213712.804
NOR,1994,gdp_usd,NY.GDP.MKTP.CD,127131319428.701
NOR,1995,gdp_usd,NY.GDP.MKTP.CD,152029612324.788
NOR,1996,gdp_usd,NY.GDP.MKTP.CD,163520109150.671
NOR,1997,gdp_usd,NY.GDP.MKTP.CD,161356631888.484
NOR,1998,gdp_usd,NY.GDP.MKTP.CD,154230295158.447
NOR,1999,gdp_usd,NY.GDP.MKTP.CD,162383706021.13
NOR,2000,gdp_usd,NY.GDP.MKTP.CD,171457201935.968
NOR,2001,gdp_usd,NY.GDP.MKTP.CD,174239354070.977
NOR,2002,gdp_usd,NY.GDP.MKTP.CD,195914852576.467
NOR,2003,gdp_usd,NY.GDP.MKTP.CD,229385469337.024
NOR,2004,gdp_usd,NY.GDP.MKTP.CD,265268662473.297
NOR,2005,gdp_usd,NY.GDP.MKTP.CD,309978579743.888
NOR,2006,gdp_usd,NY.GDP.MKTP.CD,346915160681.708
NOR,2007,gdp_usd,NY.GDP.MKTP.CD,402643260487.572
NOR,2008,gdp_usd,NY.GDP.MKTP.CD,464917553191.489
NOR,2009,gdp_usd,NY.GDP.MKTP.CD,387976400617.019
NOR,2010,gdp_usd,NY.GDP.MKTP.CD,431052143940.438
NOR,2011,gdp_usd,NY.GDP.MKTP.CD,501360549669.404
NOR,2012,gdp_usd,NY.GDP.MKTP.CD,512777309840.997
NOR,2013,gdp_usd,NY.GDP.MKTP.CD,526014468085.106
NOR,2014,gdp_usd,NY.GDP.MKTP.CD,501736471832.848
NOR,2015,gdp_usd,NY.GDP.MKTP.CD,388159512245.53
NOR,2016,gdp_usd,NY.GDP.MKTP.CD,370956547619.048
NOR,2017,gdp_usd,NY.GDP.MKTP.CD,401745275035.261
NOR,2018,gdp_usd,NY.GDP.MKTP.CD,439788625883.8
NOR,2019,gdp_usd,NY.GDP.MKTP.CD,408742840909.091
NOR,2020,gdp_usd,NY.GDP.MKTP.CD,367633418886.627
NOR,2021,gdp_usd,NY.GDP.MKTP.CD,503367986030.268
NOR,2022,gdp_usd,NY.GDP.MKTP.CD,596297651035.798
NOR,2023,gdp_usd,NY.GDP.MKTP.CD,482949731776.587
NOR,2024,gdp_usd,NY.GDP.MKTP.CD,483592648313.301
PAK,1990,gdp_usd,NY.GDP.MKTP.CD,40010423970.4576
PAK,1991,gdp_usd,NY.GDP.MKTP.CD,45625336680.2047
PAK,1992,gdp_usd,NY.GDP.MKTP.CD,48884671947.4657
PAK,1993,gdp_usd,NY.GDP.MKTP.CD,51809999353.1614
PAK,1994,gdp_usd,NY.GDP.MKTP.CD,52293470813.1336
PAK,1995,gdp_usd,NY.GDP.MKTP.CD,60636071684.1918
PAK,1996,gdp_usd,NY.GDP.MKTP.CD,63320170084.4076
PAK,1997,gdp_usd,NY.GDP.MKTP.CD,62433340468.0228
PAK,1998,gdp_usd,NY.GDP.MKTP.CD,62191955814.3478
PAK,1999,gdp_usd,NY.GDP.MKTP.CD,62973857068.5113
PAK,2000,gdp_usd,NY.GDP.MKTP.CD,99484802344.5277
PAK,2001,gdp_usd,NY.GDP.MKTP.CD,97145618479.9038
PAK,2002,gdp_usd,NY.GDP.MKTP.CD,97923302809.3537
PAK,2003,gdp_usd,NY.GDP.MKTP.CD,112371913740.823
PAK,2004,gdp_usd,NY.GDP.MKTP.CD,132216048339.413
PAK,2005,gdp_usd,NY.GDP.MKTP.CD,145208562960.767
PAK,2006,gdp_usd,NY.GDP.MKTP.CD,161871385506.36
PAK,2007,gdp_usd,NY.GDP.MKTP.CD,184140869997.46
PAK,2008,gdp_usd,NY.GDP.MKTP.CD,202203748583.854
PAK,2009,gdp_usd,NY.GDP.MKTP.CD,187337783856.466
PAK,2010,gdp_usd,NY.GDP.MKTP.CD,196709621849.586
PAK,2011,gdp_usd,NY.GDP.MKTP.CD,230586581059.665
PAK,2012,gdp_usd,NY.GDP.MKTP.CD,250106966104.704
PAK,2013,gdp_usd,NY.GDP.MKTP.CD,258657231672.412
PAK,2014,gdp_usd,NY.GDP.MKTP.CD,271390474857.632
PAK,2015,gdp_usd,NY.GDP.MKTP.CD,299963590534.773
PAK,2016,gdp_usd,NY.GDP.MKTP.CD,313630000130.435
PAK,2017,gdp_usd,NY.GDP.MKTP.CD,339205534861.1
PAK,2018,gdp_usd,NY.GDP.MKTP.CD,356128166704.921
PAK,2019,gdp_usd,NY.GDP.MKTP.CD,320909472770.669
PAK,2020,gdp_usd,NY.GDP.MKTP.CD,300425609817.981
PAK,2021,gdp_usd,NY.GDP.MKTP.CD,348516647445.148
PAK,2022,gdp_usd,NY.GDP.MKTP.CD,374890295666.694
PAK,2023,gdp_usd,NY.GDP.MKTP.CD,336686348609.266
PAK,2024,gdp_usd,NY.GDP.MKTP.CD,371570000121.266
PHL,1990,gdp_usd,NY.GDP.MKTP.CD,50508286641.5746
PHL,1991,gdp_usd,NY.GDP.MKTP.CD,51784144942.727
PHL,1992,gdp_usd,NY.GDP.MKTP.CD,60422328242.1803
PHL,1993,gdp_usd,NY.GDP.MKTP.CD,62036529147.1831
PHL,1994,gdp_usd,NY.GDP.MKTP.CD,73159336915.2718
PHL,1995,gdp_usd,NY.GDP.MKTP.CD,84644328727.4825
PHL,1996,gdp_usd,NY.GDP.MKTP.CD,94648084429.0341
PHL,1997,gdp_usd,NY.GDP.MKTP.CD,94106317565.0846
PHL,1998,gdp_usd,NY.GDP.MKTP.CD,74492416329.9142
PHL,1999,gdp_usd,NY.GDP.MKTP.CD,85640171045.1254
PHL,2000,gdp_usd,NY.GDP.MKTP.CD,83669788376.9213
PHL,2001,gdp_usd,NY.GDP.MKTP.CD,78921234457.5487
PHL,2002,gdp_usd,NY.GDP.MKTP.CD,84307345887.543
PHL,2003,gdp_usd,NY.GDP.MKTP.CD,87039092974.2272
PHL,2004,gdp_usd,NY.GDP.MKTP.CD,95001999685.3314
PHL,2005,gdp_usd,NY.GDP.MKTP.CD,107419977318.166
PHL,2006,gdp_usd,NY.GDP.MKTP.CD,127652926368.069
PHL,2007,gdp_usd,NY.GDP.MKTP.CD,155980408673.403
PHL,2008,gdp_usd,NY.GDP.MKTP.CD,181624626327.361
PHL,2009,gdp_usd,NY.GDP.MKTP.CD,175974755881.372
PHL,2010,gdp_usd,NY.GDP.MKTP.CD,208368893151.144
PHL,2011,gdp_usd,NY.GDP.MKTP.CD,234216730291.32
PHL,2012,gdp_usd,NY.GDP.MKTP.CD,261920540962.63
PHL,2013,gdp_usd,NY.GDP.MKTP.CD,283902828588.718
PHL,2014,gdp_usd,NY.GDP.MKTP.CD,297483555338.044
PHL,2015,gdp_usd,NY.GDP.MKTP.CD,306445871242.322
PHL,2016,gdp_usd,NY.GDP.MKTP.CD,318627003016.731
PHL,2017,gdp_usd,NY.GDP.MKTP.CD,328480736802.76
PHL,2018,gdp_usd,NY.GDP.MKTP.CD,346841896587.313
PHL,2019,gdp_usd,NY.GDP.MKTP.CD,376823402239.136
PHL,2020,gdp_usd,NY.GDP.MKTP.CD,361751145451.597
PHL,2021,gdp_usd,NY.GDP.MKTP.CD,394087359848.11
PHL,2022,gdp_usd,NY.GDP.MKTP.CD,404353369604.631
PHL,2023,gdp_usd,NY.GDP.MKTP.CD,437055627244.424
PHL,2024,gdp_usd,NY.GDP.MKTP.CD,461617509782.355
POL,1990,gdp_usd,NY.GDP.MKTP.CD,65977748210.5263
POL,1991,gdp_usd,NY.GDP.MKTP.CD,85500935934.9901
POL,1992,gdp_usd,NY.GDP.MKTP.CD,94337050693.2727
POL,1993,gdp_usd,NY.GDP.MKTP.CD,96043157272.862
POL,1994,gdp_usd,NY.GDP.MKTP.CD,110803635287.621
POL,1995,gdp_usd,NY.GDP.MKTP.CD,142838527115.448
POL,1996,gdp_usd,NY.GDP.MKTP.CD,160813026223.063
POL,1997,gdp_usd,NY.GDP.MKTP.CD,159893964916.817
POL,1998,gdp_usd,NY.GDP.MKTP.CD,175282269666.801
POL,1999,gdp_usd,NY.GDP.MKTP.CD,170704452714.673
POL,2000,gdp_usd,NY.GDP.MKTP.CD,172953527033.013
POL,2001,gdp_usd,NY.GDP.MKTP.CD,191823200371.284
POL,2002,gdp_usd,NY.GDP.MKTP.CD,199694463255.567
POL,2003,gdp_usd,NY.GDP.MKTP.CD,218561225998.47
POL,2004,gdp_usd,NY.GDP.MKTP.CD,256268656145.134
POL,2005,gdp_usd,NY.GDP.MKTP.CD,306999913150.525
POL,2006,gdp_usd,NY.GDP.MKTP.CD,345897630736.173
POL,2007,gdp_usd,NY.GDP.MKTP.CD,429715132137.503
POL,2008,gdp_usd,NY.GDP.MKTP.CD,535612030671.888
POL,2009,gdp_usd,NY.GDP.MKTP.CD,440891472247.096
POL,2010,gdp_usd,NY.GDP.MKTP.CD,478111630683.514
POL,2011,gdp_usd,NY.GDP.MKTP.CD,527848543023.469
POL,2012,gdp_usd,NY.GDP.MKTP.CD,498148649702.66
POL,2013,gdp_usd,NY.GDP.MKTP.CD,518179836405.36
POL,2014,gdp_usd,NY.GDP.MKTP.CD,542134167178.627
POL,2015,gdp_usd,NY.GDP.MKTP.CD,480054118583.367
POL,2016,gdp_usd,NY.GDP.MKTP.CD,473259583969.643
POL,2017,gdp_usd,NY.GDP.MKTP.CD,528356676667.211
POL,2018,gdp_usd,NY.GDP.MKTP.CD,594616687350.017
POL,2019,gdp_usd,NY.GDP.MKTP.CD,602683770144.88
POL,2020,gdp_usd,NY.GDP.MKTP.CD,605914237903.742
POL,2021,gdp_usd,NY.GDP.MKTP.CD,689170230665.35
POL,2022,gdp_usd,NY.GDP.MKTP.CD,695607470875.276
POL,2023,gdp_usd,NY.GDP.MKTP.CD,812451193396.143
POL,2024,gdp_usd,NY.GDP.MKTP.CD,917767106146.761
PRT,1990,gdp_usd,NY.GDP.MKTP.CD,78713860216.5659
PRT,1991,gdp_usd,NY.GDP.MKTP.CD,89233599278.4792
PRT,1992,gdp_usd,NY.GDP.MKTP.CD,107592098307.098
PRT,1993,gdp_usd,NY.GDP.MKTP.CD,95009751901.2592
PRT,1994,gdp_usd,NY.GDP.MKTP.CD,99688641304.3478
PRT,1995,gdp_usd,NY.GDP.MKTP.CD,118122007430.012
PRT,1996,gdp_usd,NY.GDP.MKTP.CD,122630089680.27
PRT,1997,gdp_usd,NY.GDP.MKTP.CD,117016535162.95
PRT,1998,gdp_usd,NY.GDP.MKTP.CD,123946327916.296
PRT,1999,gdp_usd,NY.GDP.MKTP.CD,127470385557.184
PRT,2000,gdp_usd,NY.GDP.MKTP.CD,118605192877.388
PRT,2001,gdp_usd,NY.GDP.MKTP.CD,121604107164.997
PRT,2002,gdp_usd,NY.GDP.MKTP.CD,134795565549.419
PRT,2003,gdp_usd,NY.GDP.MKTP.CD,165226175536.793
PRT,2004,gdp_usd,NY.GDP.MKTP.CD,189382122532.169
PRT,2005,gdp_usd,NY.GDP.MKTP.CD,197253876704.921
PRT,2006,gdp_usd,NY.GDP.MKTP.CD,208756449275.848
PRT,2007,gdp_usd,NY.GDP.MKTP.CD,240496147317.381
PRT,2008,gdp_usd,NY.GDP.MKTP.CD,263416394624.084
PRT,2009,gdp_usd,NY.GDP.MKTP.CD,244667762835.543
PRT,2010,gdp_usd,NY.GDP.MKTP.CD,238443864993.217
PRT,2011,gdp_usd,NY.GDP.MKTP.CD,245426767676.002
PRT,2012,gdp_usd,NY.GDP.MKTP.CD,216536676771.973
PRT,2013,gdp_usd,NY.GDP.MKTP.CD,226677408291.745
PRT,2014,gdp_usd,NY.GDP.MKTP.CD,230078616299.675
PRT,2015,gdp_usd,NY.GDP.MKTP.CD,199038523119.639
PRT,2016,gdp_usd,NY.GDP.MKTP.CD,206305431241.638
PRT,2017,gdp_usd,NY.GDP.MKTP.CD,220862990767.229
PRT,2018,gdp_usd,NY.GDP.MKTP.CD,242092894542.888
PRT,2019,gdp_usd,NY.GDP.MKTP.CD,240115970063.019
PRT,2020,gdp_usd,NY.GDP.MKTP.CD,229618773422.577
PRT,2021,gdp_usd,NY.GDP.MKTP.CD,256055879091.139
PRT,2022,gdp_usd,NY.GDP.MKTP.CD,256898677175.024
PRT,2023,gdp_usd,NY.GDP.MKTP.CD,292323800948.839
PRT,2024,gdp_usd,NY.GDP.MKTP.CD,313271185085.102
ROU,1990,gdp_usd,NY.GDP.MKTP.CD,38247882300.4904
ROU,1991,gdp_usd,NY.GDP.MKTP.CD,28850634899.856
ROU,1992,gdp_usd,NY.GDP.MKTP.CD,25121666666.6667
ROU,1993,gdp_usd,NY.GDP.MKTP.CD,26361160449.9704
ROU,1994,gdp_usd,NY.GDP.MKTP.CD,30072805104.2542
ROU,1995,gdp_usd,NY.GDP.MKTP.CD,37430162102.6125
ROU,1996,gdp_usd,NY.GDP.MKTP.CD,36937074278.3004
ROU,1997,gdp_usd,NY.GDP.MKTP.CD,35575214078.2428
ROU,1998,gdp_usd,NY.GDP.MKTP.CD,41696091973.7076
ROU,1999,gdp_usd,NY.GDP.MKTP.CD,35953156753.739
ROU,2000,gdp_usd,NY.GDP.MKTP.CD,37253739511.1273
ROU,2001,gdp_usd,NY.GDP.MKTP.CD,40395116581.4832
ROU,2002,gdp_usd,NY.GDP.MKTP.CD,46065502702.5817
ROU,2003,gdp_usd,NY.GDP.MKTP.CD,57806384143.166
ROU,2004,gdp_usd,NY.GDP.MKTP.CD,74973656851.8076
ROU,2005,gdp_usd,NY.GDP.MKTP.CD,98454380120.0761
ROU,2006,gdp_usd,NY.GDP.MKTP.CD,122023735992.706
ROU,2007,gdp_usd,NY.GDP.MKTP.CD,174588782938.583
ROU,2008,gdp_usd,NY.GDP.MKTP.CD,214315932061.275
ROU,2009,gdp_usd,NY.GDP.MKTP.CD,174110532658.867
ROU,2010,gdp_usd,NY.GDP.MKTP.CD,170064350671.827
ROU,2011,gdp_usd,NY.GDP.MKTP.CD,192623977894.173
ROU,2012,gdp_usd,NY.GDP.MKTP.CD,179117323107.087
ROU,2013,gdp_usd,NY.GDP.MKTP.CD,189798603751.235
ROU,2014,gdp_usd,NY.GDP.MKTP.CD,199722319675.741
ROU,2015,gdp_usd,NY.GDP.MKTP.CD,177885131240.315
ROU,2016,gdp_usd,NY.GDP.MKTP.CD,185290759248.844
ROU,2017,gdp_usd,NY.GDP.MKTP.CD,210147385855.419
ROU,2018,gdp_usd,NY.GDP.MKTP.CD,241791427223.903
ROU,2019,gdp_usd,NY.GDP.MKTP.CD,250080428511.595
ROU,2020,gdp_usd,NY.GDP.MKTP.CD,250625048303.578
ROU,2021,gdp_usd,NY.GDP.MKTP.CD,285071280114.469
ROU,2022,gdp_usd,NY.GDP.MKTP.CD,295319437556.988
ROU,2023,gdp_usd,NY.GDP.MKTP.CD,347757995758.914
ROU,2024,gdp_usd,NY.GDP.MKTP.CD,382564217988.866
RUS,1990,gdp_usd,NY.GDP.MKTP.CD,517014446227.929
RUS,1991,gdp_usd,NY.GDP.MKTP.CD,517962962962.963
RUS,1992,gdp_usd,NY.GDP.MKTP.CD,460290556900.726
RUS,1993,gdp_usd,NY.GDP.MKTP.CD,435083713850.837
RUS,1994,gdp_usd,NY.GDP.MKTP.CD,395077301248.464
RUS,1995,gdp_usd,NY.GDP.MKTP.CD,395537185734.854
RUS,1996,gdp_usd,NY.GDP.MKTP.CD,391724890744.498
RUS,1997,gdp_usd,NY.GDP.MKTP.CD,404928954191.876
RUS,1998,gdp_usd,NY.GDP.MKTP.CD,270955486862.442
RUS,1999,gdp_usd,NY.GDP.MKTP.CD,195907128350.934
RUS,2000,gdp_usd,NY.GDP.MKTP.CD,259710142196.943
RUS,2001,gdp_usd,NY.GDP.MKTP.CD,306602070620.5
RUS,2002,gdp_usd,NY.GDP.MKTP.CD,345470494417.863
RUS,2003,gdp_usd,NY.GDP.MKTP.CD,430347420184.885
RUS,2004,gdp_usd,NY.GDP.MKTP.CD,591016690732.385
RUS,2005,gdp_usd,NY.GDP.MKTP.CD,764015973481.11
RUS,2006,gdp_usd,NY.GDP.MKTP.CD,989932071352.543
RUS,2007,gdp_usd,NY.GDP.MKTP.CD,1299703478481.65
RUS,2008,gdp_usd,NY.GDP.MKTP.CD,1660848058303.11
RUS,2009,gdp_usd,NY.GDP.MKTP.CD,1222645900055.7
RUS,2010,gdp_usd,NY.GDP.MKTP.CD,1524916715223.95
RUS,2011,gdp_usd,NY.GDP.MKTP.CD,2045922753398.04
RUS,2012,gdp_usd,NY.GDP.MKTP.CD,2208293553878.42
RUS,2013,gdp_usd,NY.GDP.MKTP.CD,2292470078346.22
RUS,2014,gdp_usd,NY.GDP.MKTP.CD,2059241589895.01
RUS,2015,gdp_usd,NY.GDP.MKTP.CD,1363482182197.71
RUS,2016,gdp_usd,NY.GDP.MKTP.CD,1276786350881.14
RUS,2017,gdp_usd,NY.GDP.MKTP.CD,1574199360089
RUS,2018,gdp_usd,NY.GDP.MKTP.CD,1657328773461.31
RUS,2019,gdp_usd,NY.GDP.MKTP.CD,1693115002708.32
RUS,2020,gdp_usd,NY.GDP.MKTP.CD,1493075894362.14
RUS,2021,gdp_usd,NY.GDP.MKTP.CD,1829186719575.1
RUS,2022,gdp_usd,NY.GDP.MKTP.CD,2291612121334.64
RUS,2023,gdp_usd,NY.GDP.MKTP.CD,2071505725030.58
RUS,2024,gdp_usd,NY.GDP.MKTP.CD,2173835806671.66
SAU,1990,gdp_usd,NY.GDP.MKTP.CD,117630173564.753
SAU,1991,gdp_usd,NY.GDP.MKTP.CD,132223230974.633
SAU,1992,gdp_usd,NY.GDP.MKTP.CD,137087850467.29
SAU,1993,gdp_usd,NY.GDP.MKTP.CD,132967957276.368
SAU,1994,gdp_usd,NY.GDP.MKTP.CD,135174899866.489
SAU,1995,gdp_usd,NY.GDP.MKTP.CD,143343124165.554
SAU,1996,gdp_usd,NY.GDP.MKTP.CD,158662483311.081
SAU,1997,gdp_usd,NY.GDP.MKTP.CD,165963684913.218
SAU,1998,gdp_usd,NY.GDP.MKTP.CD,146775466666.667
SAU,1999,gdp_usd,NY.GDP.MKTP.CD,161717066666.667
SAU,2000,gdp_usd,NY.GDP.MKTP.CD,189514933333.333
SAU,2001,gdp_usd,NY.GDP.MKTP.CD,184137600000
SAU,2002,gdp_usd,NY.GDP.MKTP.CD,189605866666.667
SAU,2003,gdp_usd,NY.GDP.MKTP.CD,215807733333.333
SAU,2004,gdp_usd,NY.GDP.MKTP.CD,258742133333.333
SAU,2005,gdp_usd,NY.GDP.MKTP.CD,328459608764.111
SAU,2006,gdp_usd,NY.GDP.MKTP.CD,376900133511.348
SAU,2007,gdp_usd,NY.GDP.MKTP.CD,415964509673.115
SAU,2008,gdp_usd,NY.GDP.MKTP.CD,519796800000
SAU,2009,gdp_usd,NY.GDP.MKTP.CD,429097866666.667
SAU,2010,gdp_usd,NY.GDP.MKTP.CD,528207466666.667
SAU,2011,gdp_usd,NY.GDP.MKTP.CD,680660800000
SAU,2012,gdp_usd,NY.GDP.MKTP.CD,751921333333.333
SAU,2013,gdp_usd,NY.GDP.MKTP.CD,769755733333.333
SAU,2014,gdp_usd,NY.GDP.MKTP.CD,787153066666.667
SAU,2015,gdp_usd,NY.GDP.MKTP.CD,693414400000
SAU,2016,gdp_usd,NY.GDP.MKTP.CD,689279466666.667
SAU,2017,gdp_usd,NY.GDP.MKTP.CD,741266133333.333
SAU,2018,gdp_usd,NY.GDP.MKTP.CD,886564800000
SAU,2019,gdp_usd,NY.GDP.MKTP.CD,888890133333.333
SAU,2020,gdp_usd,NY.GDP.MKTP.CD,767951200000
SAU,2021,gdp_usd,NY.GDP.MKTP.CD,982661066666.667
SAU,2022,gdp_usd,NY.GDP.MKTP.CD,1239075200000
SAU,2023,gdp_usd,NY.GDP.MKTP.CD,1218584533333.33
SAU,2024,gdp_usd,NY.GDP.MKTP.CD,1239804533333.33
SGP,1990,gdp_usd,NY.GDP.MKTP.CD,36144336768.7023
SGP,1991,gdp_usd,NY.GDP.MKTP.CD,45466164978.2923
SGP,1992,gdp_usd,NY.GDP.MKTP.CD,52131320032.8797
SGP,1993,gdp_usd,NY.GDP.MKTP.CD,60603815716.2653
SGP,1994,gdp_usd,NY.GDP.MKTP.CD,73688724431.1412
SGP,1995,gdp_usd,NY.GDP.MKTP.CD,87812540788.4293
SGP,1996,gdp_usd,NY.GDP.MKTP.CD,96293086513.0872
SGP,1997,gdp_usd,NY.GDP.MKTP.CD,100123787215.299
SGP,1998,gdp_usd,NY.GDP.MKTP.CD,85728207781.7785
SGP,1999,gdp_usd,NY.GDP.MKTP.CD,86286849754.8905
SGP,2000,gdp_usd,NY.GDP.MKTP.CD,96076539925.7409
SGP,2001,gdp_usd,NY.GDP.MKTP.CD,89793790669.6515
SGP,2002,gdp_usd,NY.GDP.MKTP.CD,92538372869.6942
SGP,2003,gdp_usd,NY.GDP.MKTP.CD,97646401095.6369
SGP,2004,gdp_usd,NY.GDP.MKTP.CD,115033593101.049
SGP,2005,gdp_usd,NY.GDP.MKTP.CD,127807848728.398
SGP,2006,gdp_usd,NY.GDP.MKTP.CD,148627286361.351
SGP,2007,gdp_usd,NY.GDP.MKTP.CD,180941701357.97
SGP,2008,gdp_usd,NY.GDP.MKTP.CD,193617323539.203
SGP,2009,gdp_usd,NY.GDP.MKTP.CD,194150283771.566
SGP,2010,gdp_usd,NY.GDP.MKTP.CD,239807980591.24
SGP,2011,gdp_usd,NY.GDP.MKTP.CD,279356499090.458
SGP,2012,gdp_usd,NY.GDP.MKTP.CD,295092888076.589
SGP,2013,gdp_usd,NY.GDP.MKTP.CD,307576360584.992
SGP,2014,gdp_usd,NY.GDP.MKTP.CD,314863580758.455
SGP,2015,gdp_usd,NY.GDP.MKTP.CD,307998545269.398
SGP,2016,gdp_usd,NY.GDP.MKTP.CD,319646468521.497
SGP,2017,gdp_usd,NY.GDP.MKTP.CD,343673334902.33
SGP,2018,gdp_usd,NY.GDP.MKTP.CD,377123710560.614
SGP,2019,gdp_usd,NY.GDP.MKTP.CD,376161998830.048
SGP,2020,gdp_usd,NY.GDP.MKTP.CD,349165858544.568
SGP,2021,gdp_usd,NY.GDP.MKTP.CD,436591382250.464
SGP,2022,gdp_usd,NY.GDP.MKTP.CD,509017841146.557
SGP,2023,gdp_usd,NY.GDP.MKTP.CD,505439514078.019
SGP,2024,gdp_usd,NY.GDP.MKTP.CD,547386645891.847
SWE,1990,gdp_usd,NY.GDP.MKTP.CD,261466577008.853
SWE,1991,gdp_usd,NY.GDP.MKTP.CD,273831464572.137
SWE,1992,gdp_usd,NY.GDP.MKTP.CD,283908914454.48
SWE,1993,gdp_usd,NY.GDP.MKTP.CD,212644602615.823
SWE,1994,gdp_usd,NY.GDP.MKTP.CD,228699066874.028
SWE,1995,gdp_usd,NY.GDP.MKTP.CD,267050453506.792
SWE,1996,gdp_usd,NY.GDP.MKTP.CD,291949597375.485
SWE,1997,gdp_usd,NY.GDP.MKTP.CD,268249616890.856
SWE,1998,gdp_usd,NY.GDP.MKTP.CD,270887306758.576
SWE,1999,gdp_usd,NY.GDP.MKTP.CD,274318357862.122
SWE,2000,gdp_usd,NY.GDP.MKTP.CD,262903560280.282
SWE,2001,gdp_usd,NY.GDP.MKTP.CD,242497797484.776
SWE,2002,gdp_usd,NY.GDP.MKTP.CD,267371907446.776
SWE,2003,gdp_usd,NY.GDP.MKTP.CD,334072443515.576
SWE,2004,gdp_usd,NY.GDP.MKTP.CD,384545442175.019
SWE,2005,gdp_usd,NY.GDP.MKTP.CD,391688455928.597
SWE,2006,gdp_usd,NY.GDP.MKTP.CD,422528394459.353
SWE,2007,gdp_usd,NY.GDP.MKTP.CD,490047789548.441
SWE,2008,gdp_usd,NY.GDP.MKTP.CD,514614100832.941
SWE,2009,gdp_usd,NY.GDP.MKTP.CD,434311714442.499
SWE,2010,gdp_usd,NY.GDP.MKTP.CD,492750897239.447
SWE,2011,gdp_usd,NY.GDP.MKTP.CD,570538581144.45
SWE,2012,gdp_usd,NY.GDP.MKTP.CD,549739674655.127
SWE,2013,gdp_usd,NY.GDP.MKTP.CD,584125353119.18
SWE,2014,gdp_usd,NY.GDP.MKTP.CD,577727767303.596
SWE,2015,gdp_usd,NY.GDP.MKTP.CD,501602351911.6
SWE,2016,gdp_usd,NY.GDP.MKTP.CD,513058312950.939
SWE,2017,gdp_usd,NY.GDP.MKTP.CD,535172356784.769
SWE,2018,gdp_usd,NY.GDP.MKTP.CD,549649344043.182
SWE,2019,gdp_usd,NY.GDP.MKTP.CD,530894124494.418
SWE,2020,gdp_usd,NY.GDP.MKTP.CD,544265668451.678
SWE,2021,gdp_usd,NY.GDP.MKTP.CD,631693331300.776
SWE,2022,gdp_usd,NY.GDP.MKTP.CD,575071237640.921
SWE,2023,gdp_usd,NY.GDP.MKTP.CD,578990915246.07
SWE,2024,gdp_usd,NY.GDP.MKTP.CD,603715224265.798
THA,1990,gdp_usd,NY.GDP.MKTP.CD,85343190719.0107
THA,1991,gdp_usd,NY.GDP.MKTP.CD,98234714971.0612
THA,1992,gdp_usd,NY.GDP.MKTP.CD,111452746517.655
THA,1993,gdp_usd,NY.GDP.MKTP.CD,128889262951.157
THA,1994,gdp_usd,NY.GDP.MKTP.CD,146683778959.101
THA,1995,gdp_usd,NY.GDP.MKTP.CD,169278916592.843
THA,1996,gdp_usd,NY.GDP.MKTP.CD,183035237429.281
THA,1997,gdp_usd,NY.GDP.MKTP.CD,150180456565.728
THA,1998,gdp_usd,NY.GDP.MKTP.CD,113675596787.738
THA,1999,gdp_usd,NY.GDP.MKTP.CD,126669211778.94
THA,2000,gdp_usd,NY.GDP.MKTP.CD,126392224253.794
THA,2001,gdp_usd,NY.GDP.MKTP.CD,120296476180.402
THA,2002,gdp_usd,NY.GDP.MKTP.CD,134300904400.022
THA,2003,gdp_usd,NY.GDP.MKTP.CD,152280615245.887
THA,2004,gdp_usd,NY.GDP.MKTP.CD,172895685154.658
THA,2005,gdp_usd,NY.GDP.MKTP.CD,189318408468.595
THA,2006,gdp_usd,NY.GDP.MKTP.CD,221758296021.621
THA,2007,gdp_usd,NY.GDP.MKTP.CD,262942621455.053
THA,2008,gdp_usd,NY.GDP.MKTP.CD,291382982430.951
THA,2009,gdp_usd,NY.GDP.MKTP.CD,281710630187.319
THA,2010,gdp_usd,NY.GDP.MKTP.CD,341104766329.17
THA,2011,gdp_usd,NY.GDP.MKTP.CD,370818739623.622
THA,2012,gdp_usd,NY.GDP.MKTP.CD,397558325278.579
THA,2013,gdp_usd,NY.GDP.MKTP.CD,420333654592.547
THA,2014,gdp_usd,NY.GDP.MKTP.CD,407339040197.651
THA,2015,gdp_usd,NY.GDP.MKTP.CD,401296238228.084
THA,2016,gdp_usd,NY.GDP.MKTP.CD,413366349747.508
THA,2017,gdp_usd,NY.GDP.MKTP.CD,456356813536.764
THA,2018,gdp_usd,NY.GDP.MKTP.CD,506754208404.485
THA,2019,gdp_usd,NY.GDP.MKTP.CD,543976691793.886
THA,2020,gdp_usd,NY.GDP.MKTP.CD,500461898480.246
THA,2021,gdp_usd,NY.GDP.MKTP.CD,506194668789.937
THA,2022,gdp_usd,NY.GDP.MKTP.CD,495644697587.661
THA,2023,gdp_usd,NY.GDP.MKTP.CD,515906283940.933
THA,2024,gdp_usd,NY.GDP.MKTP.CD,526517658841.684
TUR,1990,gdp_usd,NY.GDP.MKTP.CD,150655500191.644
TUR,1991,gdp_usd,NY.GDP.MKTP.CD,151034731543.624
TUR,1992,gdp_usd,NY.GDP.MKTP.CD,159104772991.851
TUR,1993,gdp_usd,NY.GDP.MKTP.CD,180415757851.616
TUR,1994,gdp_usd,NY.GDP.MKTP.CD,130650447499.071
TUR,1995,gdp_usd,NY.GDP.MKTP.CD,234699627004.035
TUR,1996,gdp_usd,NY.GDP.MKTP.CD,250366965174.129
TUR,1997,gdp_usd,NY.GDP.MKTP.CD,263817553748.395
TUR,1998,gdp_usd,NY.GDP.MKTP.CD,276035372654.608
TUR,1999,gdp_usd,NY.GDP.MKTP.CD,256673939247.773
TUR,2000,gdp_usd,NY.GDP.MKTP.CD,274748463178.502
TUR,2001,gdp_usd,NY.GDP.MKTP.CD,202195080239.036
TUR,2002,gdp_usd,NY.GDP.MKTP.CD,240778008473.845
TUR,2003,gdp_usd,NY.GDP.MKTP.CD,315392899922.379
TUR,2004,gdp_usd,NY.GDP.MKTP.CD,410156784495.948
TUR,2005,gdp_usd,NY.GDP.MKTP.CD,508314210212.544
TUR,2006,gdp_usd,NY.GDP.MKTP.CD,559668118237.002
TUR,2007,gdp_usd,NY.GDP.MKTP.CD,685228481017.03
TUR,2008,gdp_usd,NY.GDP.MKTP.CD,775415944332.866
TUR,2009,gdp_usd,NY.GDP.MKTP.CD,653894449921.288
TUR,2010,gdp_usd,NY.GDP.MKTP.CD,782545664268.333
TUR,2011,gdp_usd,NY.GDP.MKTP.CD,844192507380.795
TUR,2012,gdp_usd,NY.GDP.MKTP.CD,885327622479.052
TUR,2013,gdp_usd,NY.GDP.MKTP.CD,962167643588.925
TUR,2014,gdp_usd,NY.GDP.MKTP.CD,942343431928.654
TUR,2015,gdp_usd,NY.GDP.MKTP.CD,865460050683.656
TUR,2016,gdp_usd,NY.GDP.MKTP.CD,870818016909.84
TUR,2017,gdp_usd,NY.GDP.MKTP.CD,863874522365.276
TUR,2018,gdp_usd,NY.GDP.MKTP.CD,788356985773.667
TUR,2019,gdp_usd,NY.GDP.MKTP.CD,775853144222.613
TUR,2020,gdp_usd,NY.GDP.MKTP.CD,733628247119.077
TUR,2021,gdp_usd,NY.GDP.MKTP.CD,839938668172.134
TUR,2022,gdp_usd,NY.GDP.MKTP.CD,926097476913.818
TUR,2023,gdp_usd,NY.GDP.MKTP.CD,1141242864657.45
TUR,2024,gdp_usd,NY.GDP.MKTP.CD,1359123768774.12
USA,1990,gdp_usd,NY.GDP.MKTP.CD,5963144000000
USA,1991,gdp_usd,NY.GDP.MKTP.CD,6158129000000
USA,1992,gdp_usd,NY.GDP.MKTP.CD,6520327000000
USA,1993,gdp_usd,NY.GDP.MKTP.CD,6858559000000
USA,1994,gdp_usd,NY.GDP.MKTP.CD,7287236000000
USA,1995,gdp_usd,NY.GDP.MKTP.CD,7639749000000
USA,1996,gdp_usd,NY.GDP.MKTP.CD,8073122000000
USA,1997,gdp_usd,NY.GDP.MKTP.CD,8577554457000
USA,1998,gdp_usd,NY.GDP.MKTP.CD,9062818202000
USA,1999,gdp_usd,NY.GDP.MKTP.CD,9631174489000
USA,2000,gdp_usd,NY.GDP.MKTP.CD,10250947997000
USA,2001,gdp_usd,NY.GDP.MKTP.CD,10581929774000
USA,2002,gdp_usd,NY.GDP.MKTP.CD,10929112955000
USA,2003,gdp_usd,NY.GDP.MKTP.CD,11456442041000
USA,2004,gdp_usd,NY.GDP.MKTP.CD,12217193198000
USA,2005,gdp_usd,NY.GDP.MKTP.CD,13039199193000
USA,2006,gdp_usd,NY.GDP.MKTP.CD,13815586948000
USA,2007,gdp_usd,NY.GDP.MKTP.CD,14474226905000
USA,2008,gdp_usd,NY.GDP.MKTP.CD,14769857911000
USA,2009,gdp_usd,NY.GDP.MKTP.CD,14478064934000
USA,2010,gdp_usd,NY.GDP.MKTP.CD,15048964444000
USA,2011,gdp_usd,NY.GDP.MKTP.CD,15599728123000
USA,2012,gdp_usd,NY.GDP.MKTP.CD,16253972230000
USA,2013,gdp_usd,NY.GDP.MKTP.CD,16843190993000
USA,2014,gdp_usd,NY.GDP.MKTP.CD,17550680174000
USA,2015,gdp_usd,NY.GDP.MKTP.CD,18206020741000
USA,2016,gdp_usd,NY.GDP.MKTP.CD,18695110842000
USA,2017,gdp_usd,NY.GDP.MKTP.CD,19477336549000
USA,2018,gdp_usd,NY.GDP.MKTP.CD,20533057312000
USA,2019,gdp_usd,NY.GDP.MKTP.CD,21380976119000
USA,2020,gdp_usd,NY.GDP.MKTP.CD,21060473613000
USA,2021,gdp_usd,NY.GDP.MKTP.CD,23315080560000
USA,2022,gdp_usd,NY.GDP.MKTP.CD,25604848907611
USA,2023,gdp_usd,NY.GDP.MKTP.CD,27292170793214.4
USA,2024,gdp_usd,NY.GDP.MKTP.CD,28750956130731.2
VNM,1990,gdp_usd,NY.GDP.MKTP.CD,6471740805.56984
VNM,1991,gdp_usd,NY.GDP.MKTP.CD,9613369520.41885
VNM,1992,gdp_usd,NY.GDP.MKTP.CD,9866990236.43587
VNM,1993,gdp_usd,NY.GDP.MKTP.CD,13180953598.1716
VNM,1994,gdp_usd,NY.GDP.MKTP.CD,16286433533.3228
VNM,1995,gdp_usd,NY.GDP.MKTP.CD,20736164458.9505
VNM,1996,gdp_usd,NY.GDP.MKTP.CD,24657470574.7501
VNM,1997,gdp_usd,NY.GDP.MKTP.CD,26843700441.5482
VNM,1998,gdp_usd,NY.GDP.MKTP.CD,27209602050.0452
VNM,1999,gdp_usd,NY.GDP.MKTP.CD,28683659006.7752
VNM,2000,gdp_usd,NY.GDP.MKTP.CD,31172518403.3162
VNM,2001,gdp_usd,NY.GDP.MKTP.CD,32685198808.5549
VNM,2002,gdp_usd,NY.GDP.MKTP.CD,35064105500.8344
VNM,2003,gdp_usd,NY.GDP.MKTP.CD,39552513231.9169
VNM,2004,gdp_usd,NY.GDP.MKTP.CD,45427854693.2554
VNM,2005,gdp_usd,NY.GDP.MKTP.CD,57633255738.1992
VNM,2006,gdp_usd,NY.GDP.MKTP.CD,66371664817.0436
VNM,2007,gdp_usd,NY.GDP.MKTP.CD,77414425532.2452
VNM,2008,gdp_usd,NY.GDP.MKTP.CD,99130304099.1274
VNM,2009,gdp_usd,NY.GDP.MKTP.CD,106014659565.214
VNM,2010,gdp_usd,NY.GDP.MKTP.CD,147201173196.979
VNM,2011,gdp_usd,NY.GDP.MKTP.CD,172595049183.925
VNM,2012,gdp_usd,NY.GDP.MKTP.CD,195590661129.249
VNM,2013,gdp_usd,NY.GDP.MKTP.CD,213708811665.34
VNM,2014,gdp_usd,NY.GDP.MKTP.CD,233451469642.519
VNM,2015,gdp_usd,NY.GDP.MKTP.CD,239258328381.741
VNM,2016,gdp_usd,NY.GDP.MKTP.CD,257096001177.982
VNM,2017,gdp_usd,NY.GDP.MKTP.CD,281353605986.903
VNM,2018,gdp_usd,NY.GDP.MKTP.CD,310106478394.659
VNM,2019,gdp_usd,NY.GDP.MKTP.CD,334365270496.667
VNM,2020,gdp_usd,NY.GDP.MKTP.CD,346615738537.796
VNM,2021,gdp_usd,NY.GDP.MKTP.CD,366474752771.009
VNM,2022,gdp_usd,NY.GDP.MKTP.CD,413445230668.578
VNM,2023,gdp_usd,NY.GDP.MKTP.CD,433857681378.291
VNM,2024,gdp_usd,NY.GDP.MKTP.CD,476388230307.175
ZAF,1990,gdp_usd,NY.GDP.MKTP.CD,126048140141.869
ZAF,1991,gdp_usd,NY.GDP.MKTP.CD,135203698237.977
ZAF,1992,gdp_usd,NY.GDP.MKTP.CD,146956150986.636
ZAF,1993,gdp_usd,NY.GDP.MKTP.CD,147194747565.75
ZAF,1994,gdp_usd,NY.GDP.MKTP.CD,153512712381.836
ZAF,1995,gdp_usd,NY.GDP.MKTP.CD,171735933897.331
ZAF,1996,gdp_usd,NY.GDP.MKTP.CD,163234925380.563
ZAF,1997,gdp_usd,NY.GDP.MKTP.CD,168978057327.73
ZAF,1998,gdp_usd,NY.GDP.MKTP.CD,152982984557.233
ZAF,1999,gdp_usd,NY.GDP.MKTP.CD,151516957078.536
ZAF,2000,gdp_usd,NY.GDP.MKTP.CD,151752757215.309
ZAF,2001,gdp_usd,NY.GDP.MKTP.CD,135429905922.526
ZAF,2002,gdp_usd,NY.GDP.MKTP.CD,129087556612.449
ZAF,2003,gdp_usd,NY.GDP.MKTP.CD,197018965308.697
ZAF,2004,gdp_usd,NY.GDP.MKTP.CD,255806908594.573
ZAF,2005,gdp_usd,NY.GDP.MKTP.CD,288867217196.534
ZAF,2006,gdp_usd,NY.GDP.MKTP.CD,303858675363.643
ZAF,2007,gdp_usd,NY.GDP.MKTP.CD,333077117253.684
ZAF,2008,gdp_usd,NY.GDP.MKTP.CD,316131258616.309
ZAF,2009,gdp_usd,NY.GDP.MKTP.CD,329754060647.129
ZAF,2010,gdp_usd,NY.GDP.MKTP.CD,417363822801.713
ZAF,2011,gdp_usd,NY.GDP.MKTP.CD,458199494830.834
ZAF,2012,gdp_usd,NY.GDP.MKTP.CD,434400545085.811
ZAF,2013,gdp_usd,NY.GDP.MKTP.CD,400886013595.573
ZAF,2014,gdp_usd,NY.GDP.MKTP.CD,381198869776.106
ZAF,2015,gdp_usd,NY.GDP.MKTP.CD,346709790458.563
ZAF,2016,gdp_usd,NY.GDP.MKTP.CD,323585509674.481
ZAF,2017,gdp_usd,NY.GDP.MKTP.CD,381448814653.456
ZAF,2018,gdp_usd,NY.GDP.MKTP.CD,405260723892.517
ZAF,2019,gdp_usd,NY.GDP.MKTP.CD,389330032224.269
ZAF,2020,gdp_usd,NY.GDP.MKTP.CD,337974655408.055
ZAF,2021,gdp_usd,NY.GDP.MKTP.CD,419986284375.368
ZAF,2022,gdp_usd,NY.GDP.MKTP.CD,407596043067.885
ZAF,2023,gdp_usd,NY.GDP.MKTP.CD,381440724491.232
ZAF,2024,gdp_usd,NY.GDP.MKTP.CD,401144998373.585
ARE,2013,gini_wb,SI.POV.GINI,32.5
ARE,2018,gini_wb,SI.POV.GINI,26.4
ARG,1991,gini_wb,SI.POV.GINI,46.8
ARG,1992,gini_wb,SI.POV.GINI,45.5
ARG,1993,gini_wb,SI.POV.GINI,44.8
ARG,1994,gini_wb,SI.POV.GINI,45.9
ARG,1995,gini_wb,SI.POV.GINI,48.9
ARG,1996,gini_wb,SI.POV.GINI,49.5
ARG,1997,gini_wb,SI.POV.GINI,49.1
ARG,1998,gini_wb,SI.POV.GINI,50.7
ARG,1999,gini_wb,SI.POV.GINI,49.8
ARG,2000,gini_wb,SI.POV.GINI,51
ARG,2001,gini_wb,SI.POV.GINI,53.3
ARG,2002,gini_wb,SI.POV.GINI,53.8
ARG,2003,gini_wb,SI.POV.GINI,51
ARG,2004,gini_wb,SI.POV.GINI,48.5
ARG,2005,gini_wb,SI.POV.GINI,47.8
ARG,2006,gini_wb,SI.POV.GINI,46.4
ARG,2007,gini_wb,SI.POV.GINI,46.3
ARG,2008,gini_wb,SI.POV.GINI,45
ARG,2009,gini_wb,SI.POV.GINI,43.8
ARG,2010,gini_wb,SI.POV.GINI,43.7
ARG,2011,gini_wb,SI.POV.GINI,42.7
ARG,2012,gini_wb,SI.POV.GINI,41.4
ARG,2013,gini_wb,SI.POV.GINI,41.1
ARG,2014,gini_wb,SI.POV.GINI,41.8
ARG,2016,gini_wb,SI.POV.GINI,42.3
ARG,2017,gini_wb,SI.POV.GINI,41.4
ARG,2018,gini_wb,SI.POV.GINI,41.7
ARG,2019,gini_wb,SI.POV.GINI,43.3
ARG,2020,gini_wb,SI.POV.GINI,42.7
ARG,2021,gini_wb,SI.POV.GINI,42.4
ARG,2022,gini_wb,SI.POV.GINI,40.7
ARG,2023,gini_wb,SI.POV.GINI,42.4
ARG,2024,gini_wb,SI.POV.GINI,42.4
AUS,1995,gini_wb,SI.POV.GINI,32.6
AUS,2001,gini_wb,SI.POV.GINI,33.5
AUS,2003,gini_wb,SI.POV.GINI,33.5
AUS,2004,gini_wb,SI.POV.GINI,33.1
AUS,2008,gini_wb,SI.POV.GINI,35.4
AUS,2010,gini_wb,SI.POV.GINI,34.7
AUS,2014,gini_wb,SI.POV.GINI,34.4
AUS,2016,gini_wb,SI.POV.GINI,33.7
AUS,2018,gini_wb,SI.POV.GINI,34.3
AUS,2020,gini_wb,SI.POV.GINI,33.8
AUT,1994,gini_wb,SI.POV.GINI,30.8
AUT,1995,gini_wb,SI.POV.GINI,29.9
AUT,1996,gini_wb,SI.POV.GINI,29.3
AUT,1997,gini_wb,SI.POV.GINI,29.1
AUT,1998,gini_wb,SI.POV.GINI,31.3
AUT,1999,gini_wb,SI.POV.GINI,29.7
AUT,2000,gini_wb,SI.POV.GINI,29
AUT,2003,gini_wb,SI.POV.GINI,29.5
AUT,2004,gini_wb,SI.POV.GINI,29.8
AUT,2005,gini_wb,SI.POV.GINI,28.7
AUT,2006,gini_wb,SI.POV.GINI,29.6
AUT,2007,gini_wb,SI.POV.GINI,30.6
AUT,2008,gini_wb,SI.POV.GINI,30.4
AUT,2009,gini_wb,SI.POV.GINI,31.5
AUT,2010,gini_wb,SI.POV.GINI,30.3
AUT,2011,gini_wb,SI.POV.GINI,30.8
AUT,2012,gini_wb,SI.POV.GINI,30.5
AUT,2013,gini_wb,SI.POV.GINI,30.8
AUT,2014,gini_wb,SI.POV.GINI,30.5
AUT,2015,gini_wb,SI.POV.GINI,30.5
AUT,2016,gini_wb,SI.POV.GINI,30.8
AUT,2017,gini_wb,SI.POV.GINI,29.7
AUT,2018,gini_wb,SI.POV.GINI,30.8
AUT,2019,gini_wb,SI.POV.GINI,30.2
AUT,2020,gini_wb,SI.POV.GINI,29.8
AUT,2021,gini_wb,SI.POV.GINI,30.7
AUT,2022,gini_wb,SI.POV.GINI,30.9
AUT,2023,gini_wb,SI.POV.GINI,31.2
BEL,1992,gini_wb,SI.POV.GINI,24.9
BEL,1995,gini_wb,SI.POV.GINI,28.4
BEL,1997,gini_wb,SI.POV.GINI,26.8
BEL,2000,gini_wb,SI.POV.GINI,33.1
BEL,2003,gini_wb,SI.POV.GINI,28.1
BEL,2004,gini_wb,SI.POV.GINI,30.5
BEL,2005,gini_wb,SI.POV.GINI,29.3
BEL,2006,gini_wb,SI.POV.GINI,28.1
BEL,2007,gini_wb,SI.POV.GINI,29.2
BEL,2008,gini_wb,SI.POV.GINI,28.4
BEL,2009,gini_wb,SI.POV.GINI,28.6
BEL,2010,gini_wb,SI.POV.GINI,28.4
BEL,2011,gini_wb,SI.POV.GINI,28.1
BEL,2012,gini_wb,SI.POV.GINI,27.5
BEL,2013,gini_wb,SI.POV.GINI,27.7
BEL,2014,gini_wb,SI.POV.GINI,28.1
BEL,2015,gini_wb,SI.POV.GINI,27.7
BEL,2016,gini_wb,SI.POV.GINI,27.6
BEL,2017,gini_wb,SI.POV.GINI,27.4
BEL,2018,gini_wb,SI.POV.GINI,27.2
BEL,2019,gini_wb,SI.POV.GINI,27.2
BEL,2020,gini_wb,SI.POV.GINI,26
BEL,2021,gini_wb,SI.POV.GINI,26.6
BEL,2022,gini_wb,SI.POV.GINI,26.4
BEL,2023,gini_wb,SI.POV.GINI,26.8
BGD,1991,gini_wb,SI.POV.GINI,27.6
BGD,1995,gini_wb,SI.POV.GINI,32.9
BGD,2000,gini_wb,SI.POV.GINI,33.4
BGD,2005,gini_wb,SI.POV.GINI,33.2
BGD,2010,gini_wb,SI.POV.GINI,32.1
BGD,2016,gini_wb,SI.POV.GINI,32.4
BGD,2022,gini_wb,SI.POV.GINI,30.9
BRA,1990,gini_wb,SI.POV.GINI,60.5
BRA,1992,gini_wb,SI.POV.GINI,53.1
BRA,1993,gini_wb,SI.POV.GINI,60.1
BRA,1995,gini_wb,SI.POV.GINI,59.5
BRA,1996,gini_wb,SI.POV.GINI,59.8
BRA,1997,gini_wb,SI.POV.GINI,59.8
BRA,1998,gini_wb,SI.POV.GINI,59.6
BRA,1999,gini_wb,SI.POV.GINI,59
BRA,2001,gini_wb,SI.POV.GINI,58.4
BRA,2002,gini_wb,SI.POV.GINI,58.1
BRA,2003,gini_wb,SI.POV.GINI,57.6
BRA,2004,gini_wb,SI.POV.GINI,56.5
BRA,2005,gini_wb,SI.POV.GINI,56.3
BRA,2006,gini_wb,SI.POV.GINI,55.6
BRA,2007,gini_wb,SI.POV.GINI,54.9
BRA,2008,gini_wb,SI.POV.GINI,54
BRA,2009,gini_wb,SI.POV.GINI,53.7
BRA,2011,gini_wb,SI.POV.GINI,52.9
BRA,2012,gini_wb,SI.POV.GINI,53.4
BRA,2013,gini_wb,SI.POV.GINI,52.7
BRA,2014,gini_wb,SI.POV.GINI,52.1
BRA,2015,gini_wb,SI.POV.GINI,51.9
BRA,2016,gini_wb,SI.POV.GINI,53.4
BRA,2017,gini_wb,SI.POV.GINI,53.3
BRA,2018,gini_wb,SI.POV.GINI,53.9
BRA,2019,gini_wb,SI.POV.GINI,53.5
BRA,2020,gini_wb,SI.POV.GINI,48.8
BRA,2021,gini_wb,SI.POV.GINI,52.9
BRA,2022,gini_wb,SI.POV.GINI,51.9
BRA,2023,gini_wb,SI.POV.GINI,51.5
BRA,2024,gini_wb,SI.POV.GINI,50.3
CAN,1990,gini_wb,SI.POV.GINI,31.4
CAN,1991,gini_wb,SI.POV.GINI,31.9
CAN,1992,gini_wb,SI.POV.GINI,31.6
CAN,1993,gini_wb,SI.POV.GINI,31.7
CAN,1994,gini_wb,SI.POV.GINI,31.3
CAN,1995,gini_wb,SI.POV.GINI,31.5
CAN,1996,gini_wb,SI.POV.GINI,32.8
CAN,1997,gini_wb,SI.POV.GINI,33.1
CAN,1998,gini_wb,SI.POV.GINI,33.2
CAN,1999,gini_wb,SI.POV.GINI,33.1
CAN,2000,gini_wb,SI.POV.GINI,33.4
CAN,2001,gini_wb,SI.POV.GINI,33.6
CAN,2002,gini_wb,SI.POV.GINI,33.6
CAN,2003,gini_wb,SI.POV.GINI,33.8
CAN,2004,gini_wb,SI.POV.GINI,33.8
CAN,2005,gini_wb,SI.POV.GINI,33.6
CAN,2006,gini_wb,SI.POV.GINI,34.1
CAN,2007,gini_wb,SI.POV.GINI,33.8
CAN,2008,gini_wb,SI.POV.GINI,33.9
CAN,2009,gini_wb,SI.POV.GINI,34
CAN,2010,gini_wb,SI.POV.GINI,33.6
CAN,2011,gini_wb,SI.POV.GINI,32.7
CAN,2012,gini_wb,SI.POV.GINI,33.5
CAN,2013,gini_wb,SI.POV.GINI,33.8
CAN,2014,gini_wb,SI.POV.GINI,33.2
CAN,2015,gini_wb,SI.POV.GINI,33.7
CAN,2016,gini_wb,SI.POV.GINI,32.7
CAN,2017,gini_wb,SI.POV.GINI,33.3
CAN,2018,gini_wb,SI.POV.GINI,32.5
CAN,2019,gini_wb,SI.POV.GINI,31.8
CAN,2020,gini_wb,SI.POV.GINI,29.9
CAN,2021,gini_wb,SI.POV.GINI,31.1
CAN,2022,gini_wb,SI.POV.GINI,31.5
CHE,1992,gini_wb,SI.POV.GINI,33.9
CHE,2000,gini_wb,SI.POV.GINI,33.4
CHE,2002,gini_wb,SI.POV.GINI,31.7
CHE,2004,gini_wb,SI.POV.GINI,31.6
CHE,2006,gini_wb,SI.POV.GINI,33.9
CHE,2007,gini_wb,SI.POV.GINI,34.3
CHE,2008,gini_wb,SI.POV.GINI,33.8
CHE,2009,gini_wb,SI.POV.GINI,32.9
CHE,2010,gini_wb,SI.POV.GINI,32.6
CHE,2011,gini_wb,SI.POV.GINI,31.7
CHE,2012,gini_wb,SI.POV.GINI,31.6
CHE,2013,gini_wb,SI.POV.GINI,32.5
CHE,2014,gini_wb,SI.POV.GINI,32.5
CHE,2015,gini_wb,SI.POV.GINI,32.3
CHE,2016,gini_wb,SI.POV.GINI,33
CHE,2017,gini_wb,SI.POV.GINI,32.7
CHE,2018,gini_wb,SI.POV.GINI,33.1
CHE,2019,gini_wb,SI.POV.GINI,34
CHE,2020,gini_wb,SI.POV.GINI,33.7
CHE,2021,gini_wb,SI.POV.GINI,33.8
CHE,2022,gini_wb,SI.POV.GINI,33.8
CHL,1990,gini_wb,SI.POV.GINI,57.2
CHL,1992,gini_wb,SI.POV.GINI,54.8
CHL,1994,gini_wb,SI.POV.GINI,56.4
CHL,1996,gini_wb,SI.POV.GINI,54.9
CHL,1998,gini_wb,SI.POV.GINI,55.5
CHL,2000,gini_wb,SI.POV.GINI,52.8
CHL,2003,gini_wb,SI.POV.GINI,51.5
CHL,2006,gini_wb,SI.POV.GINI,47.7
CHL,2009,gini_wb,SI.POV.GINI,47.4
CHL,2011,gini_wb,SI.POV.GINI,46.9
CHL,2013,gini_wb,SI.POV.GINI,46.8
CHL,2015,gini_wb,SI.POV.GINI,45.3
CHL,2017,gini_wb,SI.POV.GINI,45.3
CHL,2020,gini_wb,SI.POV.GINI,47
CHL,2022,gini_wb,SI.POV.GINI,43.2
CHL,2024,gini_wb,SI.POV.GINI,43
CHN,1990,gini_wb,SI.POV.GINI,32.2
CHN,1993,gini_wb,SI.POV.GINI,33.9
CHN,1996,gini_wb,SI.POV.GINI,35.2
CHN,1999,gini_wb,SI.POV.GINI,38.7
CHN,2002,gini_wb,SI.POV.GINI,42
CHN,2005,gini_wb,SI.POV.GINI,40.9
CHN,2008,gini_wb,SI.POV.GINI,43
CHN,2010,gini_wb,SI.POV.GINI,43.7
CHN,2011,gini_wb,SI.POV.GINI,42.4
CHN,2012,gini_wb,SI.POV.GINI,42.2
CHN,2013,gini_wb,SI.POV.GINI,39.7
CHN,2014,gini_wb,SI.POV.GINI,39.2
CHN,2015,gini_wb,SI.POV.GINI,38.6
CHN,2016,gini_wb,SI.POV.GINI,38.5
CHN,2017,gini_wb,SI.POV.GINI,39.1
CHN,2018,gini_wb,SI.POV.GINI,38.5
CHN,2019,gini_wb,SI.POV.GINI,38.2
CHN,2020,gini_wb,SI.POV.GINI,37.1
CHN,2021,gini_wb,SI.POV.GINI,35.7
CHN,2022,gini_wb,SI.POV.GINI,36
COL,1991,gini_wb,SI.POV.GINI,51.3
COL,1992,gini_wb,SI.POV.GINI,51.3
COL,1996,gini_wb,SI.POV.GINI,56.8
COL,1999,gini_wb,SI.POV.GINI,58.5
COL,2000,gini_wb,SI.POV.GINI,58.4
COL,2001,gini_wb,SI.POV.GINI,57.3
COL,2002,gini_wb,SI.POV.GINI,56
COL,2003,gini_wb,SI.POV.GINI,53.6
COL,2004,gini_wb,SI.POV.GINI,55
COL,2005,gini_wb,SI.POV.GINI,53.9
COL,2008,gini_wb,SI.POV.GINI,55
COL,2009,gini_wb,SI.POV.GINI,54.1
COL,2010,gini_wb,SI.POV.GINI,54.4
COL,2011,gini_wb,SI.POV.GINI,53.3
COL,2012,gini_wb,SI.POV.GINI,53.6
COL,2013,gini_wb,SI.POV.GINI,53.5
COL,2014,gini_wb,SI.POV.GINI,53.6
COL,2015,gini_wb,SI.POV.GINI,52
COL,2016,gini_wb,SI.POV.GINI,51.7
COL,2017,gini_wb,SI.POV.GINI,50.9
COL,2018,gini_wb,SI.POV.GINI,51.6
COL,2019,gini_wb,SI.POV.GINI,52.5
COL,2020,gini_wb,SI.POV.GINI,54.4
COL,2021,gini_wb,SI.POV.GINI,55.1
COL,2022,gini_wb,SI.POV.GINI,54.8
COL,2023,gini_wb,SI.POV.GINI,54.6
COL,2024,gini_wb,SI.POV.GINI,54.4
CZE,1992,gini_wb,SI.POV.GINI,20.7
CZE,1993,gini_wb,SI.POV.GINI,26.6
CZE,1996,gini_wb,SI.POV.GINI,25.8
CZE,2002,gini_wb,SI.POV.GINI,26.6
CZE,2004,gini_wb,SI.POV.GINI,27.5
CZE,2005,gini_wb,SI.POV.GINI,26.9
CZE,2006,gini_wb,SI.POV.GINI,26.7
CZE,2007,gini_wb,SI.POV.GINI,26
CZE,2008,gini_wb,SI.POV.GINI,26.3
CZE,2009,gini_wb,SI.POV.GINI,26.2
CZE,2010,gini_wb,SI.POV.GINI,26.6
CZE,2011,gini_wb,SI.POV.GINI,26.4
CZE,2012,gini_wb,SI.POV.GINI,26.1
CZE,2013,gini_wb,SI.POV.GINI,26.5
CZE,2014,gini_wb,SI.POV.GINI,25.9
CZE,2015,gini_wb,SI.POV.GINI,25.9
CZE,2016,gini_wb,SI.POV.GINI,25.4
CZE,2017,gini_wb,SI.POV.GINI,24.9
CZE,2018,gini_wb,SI.POV.GINI,25
CZE,2019,gini_wb,SI.POV.GINI,25.3
CZE,2020,gini_wb,SI.POV.GINI,26.2
CZE,2021,gini_wb,SI.POV.GINI,26.2
CZE,2022,gini_wb,SI.POV.GINI,25.9
CZE,2023,gini_wb,SI.POV.GINI,25.7
DEU,1991,gini_wb,SI.POV.GINI,29.3
DEU,1992,gini_wb,SI.POV.GINI,29
DEU,1993,gini_wb,SI.POV.GINI,28.4
DEU,1994,gini_wb,SI.POV.GINI,29.1
DEU,1995,gini_wb,SI.POV.GINI,28.7
DEU,1996,gini_wb,SI.POV.GINI,28.3
DEU,1997,gini_wb,SI.POV.GINI,28.2
DEU,1998,gini_wb,SI.POV.GINI,28.1
DEU,1999,gini_wb,SI.POV.GINI,29
DEU,2000,gini_wb,SI.POV.GINI,28.7
DEU,2001,gini_wb,SI.POV.GINI,29.9
DEU,2002,gini_wb,SI.POV.GINI,29.9
DEU,2003,gini_wb,SI.POV.GINI,29.9
DEU,2004,gini_wb,SI.POV.GINI,30.1
DEU,2005,gini_wb,SI.POV.GINI,31.6
DEU,2006,gini_wb,SI.POV.GINI,31
DEU,2007,gini_wb,SI.POV.GINI,31.2
DEU,2008,gini_wb,SI.POV.GINI,30.6
DEU,2009,gini_wb,SI.POV.GINI,30.4
DEU,2010,gini_wb,SI.POV.GINI,30.2
DEU,2011,gini_wb,SI.POV.GINI,30.4
DEU,2012,gini_wb,SI.POV.GINI,30.9
DEU,2013,gini_wb,SI.POV.GINI,31.4
DEU,2014,gini_wb,SI.POV.GINI,30.8
DEU,2015,gini_wb,SI.POV.GINI,31.4
DEU,2016,gini_wb,SI.POV.GINI,31.3
DEU,2017,gini_wb,SI.POV.GINI,31.3
DEU,2018,gini_wb,SI.POV.GINI,31.9
DEU,2019,gini_wb,SI.POV.GINI,32.2
DEU,2020,gini_wb,SI.POV.GINI,32.5
DEU,2021,gini_wb,SI.POV.GINI,33.6
DEU,2022,gini_wb,SI.POV.GINI,33.7
DNK,1992,gini_wb,SI.POV.GINI,24.7
DNK,1995,gini_wb,SI.POV.GINI,23
DNK,2000,gini_wb,SI.POV.GINI,23.8
DNK,2003,gini_wb,SI.POV.GINI,25.6
DNK,2004,gini_wb,SI.POV.GINI,24.9
DNK,2005,gini_wb,SI.POV.GINI,25.2
DNK,2006,gini_wb,SI.POV.GINI,25.9
DNK,2007,gini_wb,SI.POV.GINI,26.2
DNK,2008,gini_wb,SI.POV.GINI,25.2
DNK,2009,gini_wb,SI.POV.GINI,26.7
DNK,2010,gini_wb,SI.POV.GINI,27.2
DNK,2011,gini_wb,SI.POV.GINI,27.3
DNK,2012,gini_wb,SI.POV.GINI,27.8
DNK,2013,gini_wb,SI.POV.GINI,28.5
DNK,2014,gini_wb,SI.POV.GINI,28.4
DNK,2015,gini_wb,SI.POV.GINI,28.2
DNK,2016,gini_wb,SI.POV.GINI,28.2
DNK,2017,gini_wb,SI.POV.GINI,28.7
DNK,2018,gini_wb,SI.POV.GINI,28.2
DNK,2019,gini_wb,SI.POV.GINI,27.7
DNK,2020,gini_wb,SI.POV.GINI,27.5
DNK,2021,gini_wb,SI.POV.GINI,28.3
DNK,2022,gini_wb,SI.POV.GINI,29.3
DNK,2023,gini_wb,SI.POV.GINI,29.9
EGY,1990,gini_wb,SI.POV.GINI,32
EGY,1995,gini_wb,SI.POV.GINI,30.1
EGY,1999,gini_wb,SI.POV.GINI,30.8
EGY,2004,gini_wb,SI.POV.GINI,31.8
EGY,2008,gini_wb,SI.POV.GINI,31.1
EGY,2010,gini_wb,SI.POV.GINI,30.2
EGY,2012,gini_wb,SI.POV.GINI,28.3
EGY,2015,gini_wb,SI.POV.GINI,31.8
EGY,2017,gini_wb,SI.POV.GINI,31.5
EGY,2019,gini_wb,SI.POV.GINI,31.9
EGY,2021,gini_wb,SI.POV.GINI,28.5
ESP,1990,gini_wb,SI.POV.GINI,32
ESP,1993,gini_wb,SI.POV.GINI,35.7
ESP,1994,gini_wb,SI.POV.GINI,35.1
ESP,1995,gini_wb,SI.POV.GINI,35.7
ESP,1996,gini_wb,SI.POV.GINI,36.5
ESP,1997,gini_wb,SI.POV.GINI,35.3
ESP,1998,gini_wb,SI.POV.GINI,34.6
ESP,1999,gini_wb,SI.POV.GINI,33.8
ESP,2000,gini_wb,SI.POV.GINI,34.1
ESP,2003,gini_wb,SI.POV.GINI,31.8
ESP,2004,gini_wb,SI.POV.GINI,33.3
ESP,2005,gini_wb,SI.POV.GINI,32.4
ESP,2006,gini_wb,SI.POV.GINI,33.5
ESP,2007,gini_wb,SI.POV.GINI,34.1
ESP,2008,gini_wb,SI.POV.GINI,34.2
ESP,2009,gini_wb,SI.POV.GINI,34.9
ESP,2010,gini_wb,SI.POV.GINI,35.2
ESP,2011,gini_wb,SI.POV.GINI,35.7
ESP,2012,gini_wb,SI.POV.GINI,35.4
ESP,2013,gini_wb,SI.POV.GINI,36.2
ESP,2014,gini_wb,SI.POV.GINI,36.1
ESP,2015,gini_wb,SI.POV.GINI,36.2
ESP,2016,gini_wb,SI.POV.GINI,35.8
ESP,2017,gini_wb,SI.POV.GINI,34.7
ESP,2018,gini_wb,SI.POV.GINI,34.7
ESP,2019,gini_wb,SI.POV.GINI,34.3
ESP,2020,gini_wb,SI.POV.GINI,34.9
ESP,2021,gini_wb,SI.POV.GINI,33.9
ESP,2022,gini_wb,SI.POV.GINI,33.6
ESP,2023,gini_wb,SI.POV.GINI,33.4
FIN,1991,gini_wb,SI.POV.GINI,22.9
FIN,1995,gini_wb,SI.POV.GINI,23.5
FIN,2000,gini_wb,SI.POV.GINI,27.2
FIN,2003,gini_wb,SI.POV.GINI,27.7
FIN,2004,gini_wb,SI.POV.GINI,27.9
FIN,2005,gini_wb,SI.POV.GINI,27.6
FIN,2006,gini_wb,SI.POV.GINI,28
FIN,2007,gini_wb,SI.POV.GINI,28.3
FIN,2008,gini_wb,SI.POV.GINI,27.8
FIN,2009,gini_wb,SI.POV.GINI,27.5
FIN,2010,gini_wb,SI.POV.GINI,27.7
FIN,2011,gini_wb,SI.POV.GINI,27.6
FIN,2012,gini_wb,SI.POV.GINI,27.1
FIN,2013,gini_wb,SI.POV.GINI,27.2
FIN,2014,gini_wb,SI.POV.GINI,26.8
FIN,2015,gini_wb,SI.POV.GINI,27.1
FIN,2016,gini_wb,SI.POV.GINI,27.1
FIN,2017,gini_wb,SI.POV.GINI,27.4
FIN,2018,gini_wb,SI.POV.GINI,27.3
FIN,2019,gini_wb,SI.POV.GINI,27.7
FIN,2020,gini_wb,SI.POV.GINI,27.1
FIN,2021,gini_wb,SI.POV.GINI,27.7
FIN,2022,gini_wb,SI.POV.GINI,27.9
FIN,2023,gini_wb,SI.POV.GINI,27.4
FRA,1990,gini_wb,SI.POV.GINI,32.1
FRA,1996,gini_wb,SI.POV.GINI,32
FRA,1997,gini_wb,SI.POV.GINI,31.9
FRA,1998,gini_wb,SI.POV.GINI,31.7
FRA,1999,gini_wb,SI.POV.GINI,32.5
FRA,2000,gini_wb,SI.POV.GINI,32.6
FRA,2001,gini_wb,SI.POV.GINI,32.5
FRA,2002,gini_wb,SI.POV.GINI,31.8
FRA,2003,gini_wb,SI.POV.GINI,31.4
FRA,2004,gini_wb,SI.POV.GINI,30.6
FRA,2005,gini_wb,SI.POV.GINI,29.8
FRA,2006,gini_wb,SI.POV.GINI,29.7
FRA,2007,gini_wb,SI.POV.GINI,32.4
FRA,2008,gini_wb,SI.POV.GINI,33
FRA,2009,gini_wb,SI.POV.GINI,32.7
FRA,2010,gini_wb,SI.POV.GINI,33.7
FRA,2011,gini_wb,SI.POV.GINI,33.3
FRA,2012,gini_wb,SI.POV.GINI,33.1
FRA,2013,gini_wb,SI.POV.GINI,32.5
FRA,2014,gini_wb,SI.POV.GINI,32.3
FRA,2015,gini_wb,SI.POV.GINI,32.7
FRA,2016,gini_wb,SI.POV.GINI,31.9
FRA,2017,gini_wb,SI.POV.GINI,31.6
FRA,2018,gini_wb,SI.POV.GINI,32.4
FRA,2019,gini_wb,SI.POV.GINI,31.2
FRA,2020,gini_wb,SI.POV.GINI,30.7
FRA,2021,gini_wb,SI.POV.GINI,31.5
FRA,2022,gini_wb,SI.POV.GINI,31.2
FRA,2023,gini_wb,SI.POV.GINI,31.8
GBR,1990,gini_wb,SI.POV.GINI,35.7
GBR,1991,gini_wb,SI.POV.GINI,35
GBR,1992,gini_wb,SI.POV.GINI,35
GBR,1993,gini_wb,SI.POV.GINI,35.1
GBR,1994,gini_wb,SI.POV.GINI,36
GBR,1995,gini_wb,SI.POV.GINI,35.5
GBR,1996,gini_wb,SI.POV.GINI,35.3
GBR,1997,gini_wb,SI.POV.GINI,35.7
GBR,1998,gini_wb,SI.POV.GINI,36.6
GBR,1999,gini_wb,SI.POV.GINI,36.8
GBR,2000,gini_wb,SI.POV.GINI,38.9
GBR,2001,gini_wb,SI.POV.GINI,37.1
GBR,2002,gini_wb,SI.POV.GINI,35.1
GBR,2003,gini_wb,SI.POV.GINI,34.9
GBR,2004,gini_wb,SI.POV.GINI,34.8
GBR,2005,gini_wb,SI.POV.GINI,35.5
GBR,2006,gini_wb,SI.POV.GINI,35.9
GBR,2007,gini_wb,SI.POV.GINI,34.4
GBR,2008,gini_wb,SI.POV.GINI,35.4
GBR,2009,gini_wb,SI.POV.GINI,35.1
GBR,2010,gini_wb,SI.POV.GINI,33.7
GBR,2011,gini_wb,SI.POV.GINI,33.2
GBR,2012,gini_wb,SI.POV.GINI,33.1
GBR,2013,gini_wb,SI.POV.GINI,32.7
GBR,2014,gini_wb,SI.POV.GINI,33.1
GBR,2015,gini_wb,SI.POV.GINI,33.3
GBR,2016,gini_wb,SI.POV.GINI,33.1
GBR,2017,gini_wb,SI.POV.GINI,32.6
GBR,2018,gini_wb,SI.POV.GINI,33.7
GBR,2019,gini_wb,SI.POV.GINI,32.8
GBR,2020,gini_wb,SI.POV.GINI,32.7
GBR,2021,gini_wb,SI.POV.GINI,32.4
IDN,1990,gini_wb,SI.POV.GINI,31.1
IDN,1993,gini_wb,SI.POV.GINI,31.8
IDN,1996,gini_wb,SI.POV.GINI,34.2
IDN,1998,gini_wb,SI.POV.GINI,30.9
IDN,1999,gini_wb,SI.POV.GINI,30.8
IDN,2000,gini_wb,SI.POV.GINI,30.3
IDN,2001,gini_wb,SI.POV.GINI,31.2
IDN,2002,gini_wb,SI.POV.GINI,30.2
IDN,2003,gini_wb,SI.POV.GINI,29.3
IDN,2004,gini_wb,SI.POV.GINI,30.4
IDN,2005,gini_wb,SI.POV.GINI,29.9
IDN,2006,gini_wb,SI.POV.GINI,31.5
IDN,2007,gini_wb,SI.POV.GINI,33.2
IDN,2008,gini_wb,SI.POV.GINI,32.6
IDN,2009,gini_wb,SI.POV.GINI,33.4
IDN,2010,gini_wb,SI.POV.GINI,34.6
IDN,2011,gini_wb,SI.POV.GINI,37.9
IDN,2012,gini_wb,SI.POV.GINI,37.1
IDN,2013,gini_wb,SI.POV.GINI,38.9
IDN,2014,gini_wb,SI.POV.GINI,38.8
IDN,2015,gini_wb,SI.POV.GINI,38.2
IDN,2016,gini_wb,SI.POV.GINI,36.9
IDN,2017,gini_wb,SI.POV.GINI,36.4
IDN,2018,gini_wb,SI.POV.GINI,36.3
IDN,2019,gini_wb,SI.POV.GINI,35.4
IDN,2020,gini_wb,SI.POV.GINI,35.3
IDN,2021,gini_wb,SI.POV.GINI,35.5
IDN,2022,gini_wb,SI.POV.GINI,35.5
IDN,2023,gini_wb,SI.POV.GINI,36.1
IDN,2024,gini_wb,SI.POV.GINI,34.9
IND,1993,gini_wb,SI.POV.GINI,26.1
IND,2004,gini_wb,SI.POV.GINI,27.7
IND,2009,gini_wb,SI.POV.GINI,27.8
IND,2011,gini_wb,SI.POV.GINI,28.8
IND,2022,gini_wb,SI.POV.GINI,25.5
IRL,1994,gini_wb,SI.POV.GINI,36.9
IRL,1995,gini_wb,SI.POV.GINI,37
IRL,1996,gini_wb,SI.POV.GINI,35.6
IRL,2000,gini_wb,SI.POV.GINI,33
IRL,2002,gini_wb,SI.POV.GINI,32.3
IRL,2003,gini_wb,SI.POV.GINI,32.9
IRL,2004,gini_wb,SI.POV.GINI,33.6
IRL,2005,gini_wb,SI.POV.GINI,33.8
IRL,2006,gini_wb,SI.POV.GINI,32.7
IRL,2007,gini_wb,SI.POV.GINI,31.9
IRL,2008,gini_wb,SI.POV.GINI,30.9
IRL,2009,gini_wb,SI.POV.GINI,32.7
IRL,2010,gini_wb,SI.POV.GINI,32.3
IRL,2011,gini_wb,SI.POV.GINI,32.9
IRL,2012,gini_wb,SI.POV.GINI,33.2
IRL,2013,gini_wb,SI.POV.GINI,33.5
IRL,2014,gini_wb,SI.POV.GINI,31.9
IRL,2015,gini_wb,SI.POV.GINI,31.8
IRL,2016,gini_wb,SI.POV.GINI,32.8
IRL,2017,gini_wb,SI.POV.GINI,31.4
IRL,2018,gini_wb,SI.POV.GINI,30.6
IRL,2019,gini_wb,SI.POV.GINI,30.3
IRL,2020,gini_wb,SI.POV.GINI,29.2
IRL,2021,gini_wb,SI.POV.GINI,29.4
IRL,2022,gini_wb,SI.POV.GINI,29.9
IRL,2023,gini_wb,SI.POV.GINI,29
IRN,1990,gini_wb,SI.POV.GINI,43.6
IRN,1994,gini_wb,SI.POV.GINI,43
IRN,1998,gini_wb,SI.POV.GINI,44.1
IRN,2005,gini_wb,SI.POV.GINI,43.6
IRN,2006,gini_wb,SI.POV.GINI,44.8
IRN,2009,gini_wb,SI.POV.GINI,42.1
IRN,2011,gini_wb,SI.POV.GINI,34.7
IRN,2012,gini_wb,SI.POV.GINI,34.4
IRN,2013,gini_wb,SI.POV.GINI,34
IRN,2014,gini_wb,SI.POV.GINI,34.8
IRN,2015,gini_wb,SI.POV.GINI,35.3
IRN,2016,gini_wb,SI.POV.GINI,35.9
IRN,2017,gini_wb,SI.POV.GINI,36.7
IRN,2018,gini_wb,SI.POV.GINI,37.4
IRN,2019,gini_wb,SI.POV.GINI,36.5
IRN,2020,gini_wb,SI.POV.GINI,35.8
IRN,2021,gini_wb,SI.POV.GINI,35.5
IRN,2022,gini_wb,SI.POV.GINI,34.8
IRN,2023,gini_wb,SI.POV.GINI,35.9
IRQ,2006,gini_wb,SI.POV.GINI,28.6
IRQ,2012,gini_wb,SI.POV.GINI,29.5
IRQ,2023,gini_wb,SI.POV.GINI,29.8
ISR,1992,gini_wb,SI.POV.GINI,35.5
ISR,1997,gini_wb,SI.POV.GINI,38.1
ISR,2001,gini_wb,SI.POV.GINI,38.9
ISR,2002,gini_wb,SI.POV.GINI,39.6
ISR,2003,gini_wb,SI.POV.GINI,40.7
ISR,2004,gini_wb,SI.POV.GINI,41.5
ISR,2005,gini_wb,SI.POV.GINI,42.3
ISR,2006,gini_wb,SI.POV.GINI,41.6
ISR,2007,gini_wb,SI.POV.GINI,41.1
ISR,2008,gini_wb,SI.POV.GINI,41.6
ISR,2009,gini_wb,SI.POV.GINI,42.6
ISR,2010,gini_wb,SI.POV.GINI,42.6
ISR,2011,gini_wb,SI.POV.GINI,41.5
ISR,2012,gini_wb,SI.POV.GINI,41.3
ISR,2013,gini_wb,SI.POV.GINI,39.9
ISR,2014,gini_wb,SI.POV.GINI,39.8
ISR,2015,gini_wb,SI.POV.GINI,39.7
ISR,2016,gini_wb,SI.POV.GINI,39
ISR,2017,gini_wb,SI.POV.GINI,38.2
ISR,2018,gini_wb,SI.POV.GINI,38.6
ISR,2019,gini_wb,SI.POV.GINI,38.3
ISR,2020,gini_wb,SI.POV.GINI,37.8
ISR,2021,gini_wb,SI.POV.GINI,37.9
ISR,2022,gini_wb,SI.POV.GINI,38.3
ITA,1991,gini_wb,SI.POV.GINI,31.1
ITA,1993,gini_wb,SI.POV.GINI,35.1
ITA,1995,gini_wb,SI.POV.GINI,35.2
ITA,1998,gini_wb,SI.POV.GINI,36.7
ITA,2000,gini_wb,SI.POV.GINI,35.2
ITA,2002,gini_wb,SI.POV.GINI,34.7
ITA,2003,gini_wb,SI.POV.GINI,34.9
ITA,2004,gini_wb,SI.POV.GINI,34.3
ITA,2005,gini_wb,SI.POV.GINI,33.8
ITA,2006,gini_wb,SI.POV.GINI,33.7
ITA,2007,gini_wb,SI.POV.GINI,32.9
ITA,2008,gini_wb,SI.POV.GINI,33.8
ITA,2009,gini_wb,SI.POV.GINI,33.8
ITA,2010,gini_wb,SI.POV.GINI,34.7
ITA,2011,gini_wb,SI.POV.GINI,35.1
ITA,2012,gini_wb,SI.POV.GINI,35.2
ITA,2013,gini_wb,SI.POV.GINI,34.9
ITA,2014,gini_wb,SI.POV.GINI,34.7
ITA,2015,gini_wb,SI.POV.GINI,35.4
ITA,2016,gini_wb,SI.POV.GINI,35.2
ITA,2017,gini_wb,SI.POV.GINI,35.9
ITA,2018,gini_wb,SI.POV.GINI,35.2
ITA,2019,gini_wb,SI.POV.GINI,34.6
ITA,2020,gini_wb,SI.POV.GINI,35.2
ITA,2021,gini_wb,SI.POV.GINI,34.8
ITA,2022,gini_wb,SI.POV.GINI,33.7
ITA,2023,gini_wb,SI.POV.GINI,34.3
JPN,2008,gini_wb,SI.POV.GINI,34.6
JPN,2009,gini_wb,SI.POV.GINI,33
JPN,2010,gini_wb,SI.POV.GINI,31.5
JPN,2011,gini_wb,SI.POV.GINI,33
JPN,2012,gini_wb,SI.POV.GINI,32.5
JPN,2013,gini_wb,SI.POV.GINI,31.5
JPN,2014,gini_wb,SI.POV.GINI,31.3
JPN,2015,gini_wb,SI.POV.GINI,30.7
JPN,2016,gini_wb,SI.POV.GINI,31.8
JPN,2017,gini_wb,SI.POV.GINI,31.8
JPN,2018,gini_wb,SI.POV.GINI,32.9
JPN,2019,gini_wb,SI.POV.GINI,33
JPN,2020,gini_wb,SI.POV.GINI,32.3
KOR,2006,gini_wb,SI.POV.GINI,31.7
KOR,2008,gini_wb,SI.POV.GINI,32.3
KOR,2010,gini_wb,SI.POV.GINI,32
KOR,2012,gini_wb,SI.POV.GINI,31.6
KOR,2014,gini_wb,SI.POV.GINI,31.2
KOR,2016,gini_wb,SI.POV.GINI,35.2
KOR,2017,gini_wb,SI.POV.GINI,34.9
KOR,2018,gini_wb,SI.POV.GINI,33.7
KOR,2019,gini_wb,SI.POV.GINI,33.2
KOR,2020,gini_wb,SI.POV.GINI,32.7
KOR,2021,gini_wb,SI.POV.GINI,32.9
MEX,1992,gini_wb,SI.POV.GINI,52.3
MEX,1994,gini_wb,SI.POV.GINI,53.4
MEX,1996,gini_wb,SI.POV.GINI,52
MEX,1998,gini_wb,SI.POV.GINI,53.3
MEX,2000,gini_wb,SI.POV.GINI,53.4
MEX,2002,gini_wb,SI.POV.GINI,50.6
MEX,2004,gini_wb,SI.POV.GINI,50.3
MEX,2005,gini_wb,SI.POV.GINI,50.9
MEX,2006,gini_wb,SI.POV.GINI,49.7
MEX,2008,gini_wb,SI.POV.GINI,50.8
MEX,2010,gini_wb,SI.POV.GINI,47.7
MEX,2012,gini_wb,SI.POV.GINI,49.6
MEX,2014,gini_wb,SI.POV.GINI,48.9
MEX,2016,gini_wb,SI.POV.GINI,46.9
MEX,2018,gini_wb,SI.POV.GINI,46
MEX,2020,gini_wb,SI.POV.GINI,44.6
MEX,2022,gini_wb,SI.POV.GINI,43.5
MEX,2024,gini_wb,SI.POV.GINI,42.6
MYS,1992,gini_wb,SI.POV.GINI,47.7
MYS,1995,gini_wb,SI.POV.GINI,48.5
MYS,1997,gini_wb,SI.POV.GINI,49.1
MYS,2003,gini_wb,SI.POV.GINI,46.4
MYS,2006,gini_wb,SI.POV.GINI,44.8
MYS,2008,gini_wb,SI.POV.GINI,45.5
MYS,2011,gini_wb,SI.POV.GINI,43.6
MYS,2013,gini_wb,SI.POV.GINI,41.3
MYS,2015,gini_wb,SI.POV.GINI,41.1
MYS,2018,gini_wb,SI.POV.GINI,41.2
MYS,2021,gini_wb,SI.POV.GINI,40.7
NGA,1992,gini_wb,SI.POV.GINI,44.9
NGA,1996,gini_wb,SI.POV.GINI,51.9
NGA,2003,gini_wb,SI.POV.GINI,40.1
NGA,2010,gini_wb,SI.POV.GINI,35.7
NGA,2012,gini_wb,SI.POV.GINI,35.5
NGA,2015,gini_wb,SI.POV.GINI,35.9
NGA,2018,gini_wb,SI.POV.GINI,35.1
NGA,2022,gini_wb,SI.POV.GINI,33.9
NLD,1990,gini_wb,SI.POV.GINI,31.1
NLD,1993,gini_wb,SI.POV.GINI,30.4
NLD,1999,gini_wb,SI.POV.GINI,28.1
NLD,2004,gini_wb,SI.POV.GINI,29.8
NLD,2005,gini_wb,SI.POV.GINI,29
NLD,2006,gini_wb,SI.POV.GINI,30
NLD,2007,gini_wb,SI.POV.GINI,29.6
NLD,2008,gini_wb,SI.POV.GINI,29.3
NLD,2009,gini_wb,SI.POV.GINI,27.9
NLD,2010,gini_wb,SI.POV.GINI,27.8
NLD,2011,gini_wb,SI.POV.GINI,27.8
NLD,2012,gini_wb,SI.POV.GINI,27.6
NLD,2013,gini_wb,SI.POV.GINI,28.1
NLD,2014,gini_wb,SI.POV.GINI,28.6
NLD,2015,gini_wb,SI.POV.GINI,28.2
NLD,2016,gini_wb,SI.POV.GINI,28.2
NLD,2017,gini_wb,SI.POV.GINI,28.5
NLD,2018,gini_wb,SI.POV.GINI,28.1
NLD,2019,gini_wb,SI.POV.GINI,29.2
NLD,2020,gini_wb,SI.POV.GINI,26
NLD,2021,gini_wb,SI.POV.GINI,25.7
NOR,1991,gini_wb,SI.POV.GINI,25.2
NOR,1995,gini_wb,SI.POV.GINI,26
NOR,2000,gini_wb,SI.POV.GINI,27.4
NOR,2003,gini_wb,SI.POV.GINI,27.6
NOR,2004,gini_wb,SI.POV.GINI,31.6
NOR,2005,gini_wb,SI.POV.GINI,30.6
NOR,2006,gini_wb,SI.POV.GINI,26.4
NOR,2007,gini_wb,SI.POV.GINI,27.1
NOR,2008,gini_wb,SI.POV.GINI,27
NOR,2009,gini_wb,SI.POV.GINI,26.2
NOR,2010,gini_wb,SI.POV.GINI,25.7
NOR,2011,gini_wb,SI.POV.GINI,25.3
NOR,2012,gini_wb,SI.POV.GINI,25.7
NOR,2013,gini_wb,SI.POV.GINI,26.4
NOR,2014,gini_wb,SI.POV.GINI,26.8
NOR,2015,gini_wb,SI.POV.GINI,27.5
NOR,2016,gini_wb,SI.POV.GINI,28.5
NOR,2017,gini_wb,SI.POV.GINI,27
NOR,2018,gini_wb,SI.POV.GINI,27.6
NOR,2019,gini_wb,SI.POV.GINI,27.7
NOR,2020,gini_wb,SI.POV.GINI,28.4
NOR,2021,gini_wb,SI.POV.GINI,29.1
NOR,2022,gini_wb,SI.POV.GINI,26.9
NOR,2023,gini_wb,SI.POV.GINI,26.5
PAK,1990,gini_wb,SI.POV.GINI,33.2
PAK,1996,gini_wb,SI.POV.GINI,28.7
PAK,1998,gini_wb,SI.POV.GINI,33.1
PAK,2001,gini_wb,SI.POV.GINI,28.7
PAK,2004,gini_wb,SI.POV.GINI,30.9
PAK,2005,gini_wb,SI.POV.GINI,31.3
PAK,2007,gini_wb,SI.POV.GINI,29.7
PAK,2010,gini_wb,SI.POV.GINI,28.8
PAK,2011,gini_wb,SI.POV.GINI,29.7
PAK,2013,gini_wb,SI.POV.GINI,29.5
PAK,2015,gini_wb,SI.POV.GINI,31.3
PAK,2018,gini_wb,SI.POV.GINI,29.6
PAK,2024,gini_wb,SI.POV.GINI,33.5
PHL,1991,gini_wb,SI.POV.GINI,43.8
PHL,1994,gini_wb,SI.POV.GINI,42.9
PHL,1997,gini_wb,SI.POV.GINI,46
PHL,2000,gini_wb,SI.POV.GINI,47.7
PHL,2003,gini_wb,SI.POV.GINI,46.6
PHL,2006,gini_wb,SI.POV.GINI,47.2
PHL,2009,gini_wb,SI.POV.GINI,46.3
PHL,2012,gini_wb,SI.POV.GINI,46.5
PHL,2015,gini_wb,SI.POV.GINI,44.6
PHL,2018,gini_wb,SI.POV.GINI,42.3
PHL,2021,gini_wb,SI.POV.GINI,40.7
PHL,2023,gini_wb,SI.POV.GINI,39.3
POL,1992,gini_wb,SI.POV.GINI,29.3
POL,1993,gini_wb,SI.POV.GINI,26.7
POL,1995,gini_wb,SI.POV.GINI,34.6
POL,1996,gini_wb,SI.POV.GINI,32.6
POL,1998,gini_wb,SI.POV.GINI,32.3
POL,1999,gini_wb,SI.POV.GINI,32.3
POL,2000,gini_wb,SI.POV.GINI,33
POL,2001,gini_wb,SI.POV.GINI,32.8
POL,2002,gini_wb,SI.POV.GINI,34.1
POL,2003,gini_wb,SI.POV.GINI,34.9
POL,2004,gini_wb,SI.POV.GINI,38
POL,2005,gini_wb,SI.POV.GINI,35.8
POL,2006,gini_wb,SI.POV.GINI,34.7
POL,2007,gini_wb,SI.POV.GINI,34
POL,2008,gini_wb,SI.POV.GINI,33.5
POL,2009,gini_wb,SI.POV.GINI,33.4
POL,2010,gini_wb,SI.POV.GINI,33.2
POL,2011,gini_wb,SI.POV.GINI,33.2
POL,2012,gini_wb,SI.POV.GINI,33
POL,2013,gini_wb,SI.POV.GINI,33.1
POL,2014,gini_wb,SI.POV.GINI,32.8
POL,2015,gini_wb,SI.POV.GINI,31.8
POL,2016,gini_wb,SI.POV.GINI,31.2
POL,2017,gini_wb,SI.POV.GINI,29.7
POL,2018,gini_wb,SI.POV.GINI,30.2
POL,2019,gini_wb,SI.POV.GINI,28.8
POL,2020,gini_wb,SI.POV.GINI,28.5
POL,2021,gini_wb,SI.POV.GINI,28.5
POL,2022,gini_wb,SI.POV.GINI,28.9
POL,2023,gini_wb,SI.POV.GINI,28.5
PRT,2003,gini_wb,SI.POV.GINI,38.8
PRT,2004,gini_wb,SI.POV.GINI,38.9
PRT,2005,gini_wb,SI.POV.GINI,38.5
PRT,2006,gini_wb,SI.POV.GINI,38.1
PRT,2007,gini_wb,SI.POV.GINI,36.8
PRT,2008,gini_wb,SI.POV.GINI,36.6
PRT,2009,gini_wb,SI.POV.GINI,34.9
PRT,2010,gini_wb,SI.POV.GINI,35.8
PRT,2011,gini_wb,SI.POV.GINI,36.3
PRT,2012,gini_wb,SI.POV.GINI,36
PRT,2013,gini_wb,SI.POV.GINI,36.2
PRT,2014,gini_wb,SI.POV.GINI,35.6
PRT,2015,gini_wb,SI.POV.GINI,35.5
PRT,2016,gini_wb,SI.POV.GINI,35.2
PRT,2017,gini_wb,SI.POV.GINI,33.8
PRT,2018,gini_wb,SI.POV.GINI,33.5
PRT,2019,gini_wb,SI.POV.GINI,32.8
PRT,2020,gini_wb,SI.POV.GINI,34.7
PRT,2021,gini_wb,SI.POV.GINI,34.6
PRT,2022,gini_wb,SI.POV.GINI,36.3
PRT,2023,gini_wb,SI.POV.GINI,33.9
ROU,1992,gini_wb,SI.POV.GINI,25.5
ROU,1994,gini_wb,SI.POV.GINI,28.2
ROU,1995,gini_wb,SI.POV.GINI,31.2
ROU,1997,gini_wb,SI.POV.GINI,30.5
ROU,1998,gini_wb,SI.POV.GINI,31.1
ROU,1999,gini_wb,SI.POV.GINI,29.4
ROU,2000,gini_wb,SI.POV.GINI,29.3
ROU,2001,gini_wb,SI.POV.GINI,29.4
ROU,2002,gini_wb,SI.POV.GINI,30.2
ROU,2003,gini_wb,SI.POV.GINI,29.9
ROU,2004,gini_wb,SI.POV.GINI,30
ROU,2005,gini_wb,SI.POV.GINI,29.8
ROU,2006,gini_wb,SI.POV.GINI,39.6
ROU,2007,gini_wb,SI.POV.GINI,37.5
ROU,2008,gini_wb,SI.POV.GINI,36.4
ROU,2009,gini_wb,SI.POV.GINI,35.6
ROU,2010,gini_wb,SI.POV.GINI,35.5
ROU,2011,gini_wb,SI.POV.GINI,35.9
ROU,2012,gini_wb,SI.POV.GINI,36.5
ROU,2013,gini_wb,SI.POV.GINI,36.9
ROU,2014,gini_wb,SI.POV.GINI,36
ROU,2015,gini_wb,SI.POV.GINI,35.9
ROU,2016,gini_wb,SI.POV.GINI,34.4
ROU,2017,gini_wb,SI.POV.GINI,36
ROU,2018,gini_wb,SI.POV.GINI,35.8
ROU,2019,gini_wb,SI.POV.GINI,34.8
ROU,2020,gini_wb,SI.POV.GINI,34.6
ROU,2021,gini_wb,SI.POV.GINI,33.9
ROU,2022,gini_wb,SI.POV.GINI,32.3
ROU,2023,gini_wb,SI.POV.GINI,29.8
RUS,1993,gini_wb,SI.POV.GINI,45.4
RUS,1996,gini_wb,SI.POV.GINI,46.1
RUS,1997,gini_wb,SI.POV.GINI,38.4
RUS,1998,gini_wb,SI.POV.GINI,38.1
RUS,1999,gini_wb,SI.POV.GINI,37.4
RUS,2000,gini_wb,SI.POV.GINI,37.1
RUS,2001,gini_wb,SI.POV.GINI,36.9
RUS,2002,gini_wb,SI.POV.GINI,37.3
RUS,2003,gini_wb,SI.POV.GINI,40
RUS,2004,gini_wb,SI.POV.GINI,40.3
RUS,2005,gini_wb,SI.POV.GINI,41.3
RUS,2006,gini_wb,SI.POV.GINI,41
RUS,2007,gini_wb,SI.POV.GINI,42.3
RUS,2008,gini_wb,SI.POV.GINI,41.6
RUS,2009,gini_wb,SI.POV.GINI,39.8
RUS,2010,gini_wb,SI.POV.GINI,39.5
RUS,2011,gini_wb,SI.POV.GINI,39.7
RUS,2012,gini_wb,SI.POV.GINI,40.7
RUS,2013,gini_wb,SI.POV.GINI,40.9
RUS,2014,gini_wb,SI.POV.GINI,36.9
RUS,2015,gini_wb,SI.POV.GINI,36.5
RUS,2016,gini_wb,SI.POV.GINI,36.7
RUS,2017,gini_wb,SI.POV.GINI,35.5
RUS,2018,gini_wb,SI.POV.GINI,35.3
RUS,2019,gini_wb,SI.POV.GINI,35.7
RUS,2020,gini_wb,SI.POV.GINI,33.7
RUS,2021,gini_wb,SI.POV.GINI,35.1
RUS,2022,gini_wb,SI.POV.GINI,33.9
RUS,2023,gini_wb,SI.POV.GINI,33
SWE,1992,gini_wb,SI.POV.GINI,24.9
SWE,1995,gini_wb,SI.POV.GINI,25.2
SWE,2000,gini_wb,SI.POV.GINI,27
SWE,2001,gini_wb,SI.POV.GINI,26.5
SWE,2002,gini_wb,SI.POV.GINI,26.2
SWE,2003,gini_wb,SI.POV.GINI,25.3
SWE,2004,gini_wb,SI.POV.GINI,26.1
SWE,2005,gini_wb,SI.POV.GINI,26.8
SWE,2006,gini_wb,SI.POV.GINI,26.4
SWE,2007,gini_wb,SI.POV.GINI,27.1
SWE,2008,gini_wb,SI.POV.GINI,28.1
SWE,2009,gini_wb,SI.POV.GINI,27.3
SWE,2010,gini_wb,SI.POV.GINI,27.7
SWE,2011,gini_wb,SI.POV.GINI,27.6
SWE,2012,gini_wb,SI.POV.GINI,27.6
SWE,2013,gini_wb,SI.POV.GINI,28.8
SWE,2014,gini_wb,SI.POV.GINI,28.4
SWE,2015,gini_wb,SI.POV.GINI,29.2
SWE,2016,gini_wb,SI.POV.GINI,29.6
SWE,2017,gini_wb,SI.POV.GINI,28.8
SWE,2018,gini_wb,SI.POV.GINI,30
SWE,2019,gini_wb,SI.POV.GINI,29.3
SWE,2020,gini_wb,SI.POV.GINI,28.9
SWE,2021,gini_wb,SI.POV.GINI,29.8
SWE,2022,gini_wb,SI.POV.GINI,31.6
SWE,2023,gini_wb,SI.POV.GINI,29.3
THA,1990,gini_wb,SI.POV.GINI,45.3
THA,1992,gini_wb,SI.POV.GINI,47.9
THA,1994,gini_wb,SI.POV.GINI,43.5
THA,1996,gini_wb,SI.POV.GINI,42.9
THA,1998,gini_wb,SI.POV.GINI,41.5
THA,1999,gini_wb,SI.POV.GINI,43.1
THA,2000,gini_wb,SI.POV.GINI,42.8
THA,2002,gini_wb,SI.POV.GINI,41.9
THA,2004,gini_wb,SI.POV.GINI,42.5
THA,2006,gini_wb,SI.POV.GINI,41.8
THA,2007,gini_wb,SI.POV.GINI,39.8
THA,2008,gini_wb,SI.POV.GINI,40.3
THA,2009,gini_wb,SI.POV.GINI,39.6
THA,2010,gini_wb,SI.POV.GINI,39.4
THA,2011,gini_wb,SI.POV.GINI,37.5
THA,2012,gini_wb,SI.POV.GINI,39.3
THA,2013,gini_wb,SI.POV.GINI,37.8
THA,2014,gini_wb,SI.POV.GINI,37
THA,2015,gini_wb,SI.POV.GINI,36
THA,2016,gini_wb,SI.POV.GINI,36.7
THA,2017,gini_wb,SI.POV.GINI,36.4
THA,2018,gini_wb,SI.POV.GINI,36.4
THA,2019,gini_wb,SI.POV.GINI,34.9
THA,2020,gini_wb,SI.POV.GINI,35
THA,2021,gini_wb,SI.POV.GINI,34.9
THA,2022,gini_wb,SI.POV.GINI,34.3
THA,2023,gini_wb,SI.POV.GINI,33.5
THA,2024,gini_wb,SI.POV.GINI,33.3
TUR,1994,gini_wb,SI.POV.GINI,41.3
TUR,2002,gini_wb,SI.POV.GINI,41.4
TUR,2003,gini_wb,SI.POV.GINI,42.2
TUR,2004,gini_wb,SI.POV.GINI,41.3
TUR,2005,gini_wb,SI.POV.GINI,42.6
TUR,2006,gini_wb,SI.POV.GINI,39.6
TUR,2007,gini_wb,SI.POV.GINI,38.4
TUR,2008,gini_wb,SI.POV.GINI,39
TUR,2009,gini_wb,SI.POV.GINI,39
TUR,2010,gini_wb,SI.POV.GINI,38.8
TUR,2011,gini_wb,SI.POV.GINI,40
TUR,2012,gini_wb,SI.POV.GINI,40.2
TUR,2013,gini_wb,SI.POV.GINI,40.2
TUR,2014,gini_wb,SI.POV.GINI,41.2
TUR,2015,gini_wb,SI.POV.GINI,42.9
TUR,2016,gini_wb,SI.POV.GINI,41.9
TUR,2017,gini_wb,SI.POV.GINI,43.5
TUR,2018,gini_wb,SI.POV.GINI,42.4
TUR,2019,gini_wb,SI.POV.GINI,43.8
TUR,2020,gini_wb,SI.POV.GINI,43
TUR,2021,gini_wb,SI.POV.GINI,44.4
TUR,2022,gini_wb,SI.POV.GINI,44.5
TUR,2023,gini_wb,SI.POV.GINI,43.7
USA,1990,gini_wb,SI.POV.GINI,38.3
USA,1991,gini_wb,SI.POV.GINI,38
USA,1992,gini_wb,SI.POV.GINI,38.4
USA,1993,gini_wb,SI.POV.GINI,40.4
USA,1994,gini_wb,SI.POV.GINI,40
USA,1995,gini_wb,SI.POV.GINI,39.9
USA,1996,gini_wb,SI.POV.GINI,40.3
USA,1997,gini_wb,SI.POV.GINI,40.5
USA,1998,gini_wb,SI.POV.GINI,40
USA,1999,gini_wb,SI.POV.GINI,40
USA,2000,gini_wb,SI.POV.GINI,40.1
USA,2001,gini_wb,SI.POV.GINI,40.6
USA,2002,gini_wb,SI.POV.GINI,40.4
USA,2003,gini_wb,SI.POV.GINI,40.8
USA,2004,gini_wb,SI.POV.GINI,40.5
USA,2005,gini_wb,SI.POV.GINI,41.3
USA,2006,gini_wb,SI.POV.GINI,41.7
USA,2007,gini_wb,SI.POV.GINI,41.1
USA,2008,gini_wb,SI.POV.GINI,41.1
USA,2009,gini_wb,SI.POV.GINI,40.9
USA,2010,gini_wb,SI.POV.GINI,40.2
USA,2011,gini_wb,SI.POV.GINI,41.2
USA,2012,gini_wb,SI.POV.GINI,41.2
USA,2013,gini_wb,SI.POV.GINI,40.9
USA,2014,gini_wb,SI.POV.GINI,41.7
USA,2015,gini_wb,SI.POV.GINI,41.5
USA,2016,gini_wb,SI.POV.GINI,41.3
USA,2017,gini_wb,SI.POV.GINI,41.4
USA,2018,gini_wb,SI.POV.GINI,41.8
USA,2019,gini_wb,SI.POV.GINI,41.9
USA,2020,gini_wb,SI.POV.GINI,40
USA,2021,gini_wb,SI.POV.GINI,39.7
USA,2022,gini_wb,SI.POV.GINI,41.7
USA,2023,gini_wb,SI.POV.GINI,41.8
USA,2024,gini_wb,SI.POV.GINI,41.8
VNM,1992,gini_wb,SI.POV.GINI,35.7
VNM,1997,gini_wb,SI.POV.GINI,35.4
VNM,2002,gini_wb,SI.POV.GINI,37
VNM,2004,gini_wb,SI.POV.GINI,36.8
VNM,2006,gini_wb,SI.POV.GINI,35.8
VNM,2008,gini_wb,SI.POV.GINI,35.6
VNM,2010,gini_wb,SI.POV.GINI,39.3
VNM,2012,gini_wb,SI.POV.GINI,35.6
VNM,2014,gini_wb,SI.POV.GINI,34.8
VNM,2016,gini_wb,SI.POV.GINI,35.3
VNM,2018,gini_wb,SI.POV.GINI,35.7
VNM,2020,gini_wb,SI.POV.GINI,36.8
VNM,2022,gini_wb,SI.POV.GINI,36.1
ZAF,1993,gini_wb,SI.POV.GINI,59.3
ZAF,2000,gini_wb,SI.POV.GINI,57.8
ZAF,2005,gini_wb,SI.POV.GINI,65
ZAF,2008,gini_wb,SI.POV.GINI,62.5
ZAF,2010,gini_wb,SI.POV.GINI,60.9
ZAF,2014,gini_wb,SI.POV.GINI,59.6
ZAF,2022,gini_wb,SI.POV.GINI,54.1
ARE,1997,milex_pct_gdp,MS.MIL.XPND.GD.ZS,6.75906148063517
ARE,1998,milex_pct_gdp,MS.MIL.XPND.GD.ZS,8.62972120984848
ARE,1999,milex_pct_gdp,MS.MIL.XPND.GD.ZS,7.6695379976034
ARE,2000,milex_pct_gdp,MS.MIL.XPND.GD.ZS,8.3237222448449
ARE,2001,milex_pct_gdp,MS.MIL.XPND.GD.ZS,5.61210552340521
ARE,2002,milex_pct_gdp,MS.MIL.XPND.GD.ZS,4.87553180534483
ARE,2003,milex_pct_gdp,MS.MIL.XPND.GD.ZS,4.69230626722928
ARE,2004,milex_pct_gdp,MS.MIL.XPND.GD.ZS,4.6114776396626
ARE,2005,milex_pct_gdp,MS.MIL.XPND.GD.ZS,3.65647067832081
ARE,2006,milex_pct_gdp,MS.MIL.XPND.GD.ZS,3.22597447304637
ARE,2007,milex_pct_gdp,MS.MIL.XPND.GD.ZS,3.28052136989454
ARE,2008,milex_pct_gdp,MS.MIL.XPND.GD.ZS,3.6680226492701
ARE,2009,milex_pct_gdp,MS.MIL.XPND.GD.ZS,5.45710777311036
ARE,2010,milex_pct_gdp,MS.MIL.XPND.GD.ZS,6.03859220826788
ARE,2011,milex_pct_gdp,MS.MIL.XPND.GD.ZS,5.46631452753061
ARE,2012,milex_pct_gdp,MS.MIL.XPND.GD.ZS,5.07555649376756
ARE,2013,milex_pct_gdp,MS.MIL.XPND.GD.ZS,6.03468625064444
ARE,2014,milex_pct_gdp,MS.MIL.XPND.GD.ZS,5.64365135247024
ARG,1990,milex_pct_gdp,MS.MIL.XPND.GD.ZS,1.45090921225786
ARG,1991,milex_pct_gdp,MS.MIL.XPND.GD.ZS,1.50692655529635
ARG,1992,milex_pct_gdp,MS.MIL.XPND.GD.ZS,1.42122223348777
ARG,1993,milex_pct_gdp,MS.MIL.XPND.GD.ZS,1.42280290057293
ARG,1994,milex_pct_gdp,MS.MIL.XPND.GD.ZS,1.45703853325047
ARG,1995,milex_pct_gdp,MS.MIL.XPND.GD.ZS,1.47307310721151
ARG,1996,milex_pct_gdp,MS.MIL.XPND.GD.ZS,1.24122726437626
ARG,1997,milex_pct_gdp,MS.MIL.XPND.GD.ZS,1.14013911131295
ARG,1998,milex_pct_gdp,MS.MIL.XPND.GD.ZS,1.13631802186333
ARG,1999,milex_pct_gdp,MS.MIL.XPND.GD.ZS,1.22035954754993
ARG,2000,milex_pct_gdp,MS.MIL.XPND.GD.ZS,1.14882267666887
ARG,2001,milex_pct_gdp,MS.MIL.XPND.GD.ZS,1.18423354187058
ARG,2002,milex_pct_gdp,MS.MIL.XPND.GD.ZS,1.09188047859748
ARG,2003,milex_pct_gdp,MS.MIL.XPND.GD.ZS,1.06089505704838
ARG,2004,milex_pct_gdp,MS.MIL.XPND.GD.ZS,0.883295358833529
ARG,2005,milex_pct_gdp,MS.MIL.XPND.GD.ZS,0.847154783885961
ARG,2006,milex_pct_gdp,MS.MIL.XPND.GD.ZS,0.788233877461469
ARG,2007,milex_pct_gdp,MS.MIL.XPND.GD.ZS,0.792548175031362
ARG,2008,milex_pct_gdp,MS.MIL.XPND.GD.ZS,0.762756475390461
ARG,2009,milex_pct_gdp,MS.MIL.XPND.GD.ZS,0.886508576686385
ARG,2010,milex_pct_gdp,MS.MIL.XPND.GD.ZS,0.814878118220695
ARG,2011,milex_pct_gdp,MS.MIL.XPND.GD.ZS,0.764287095310235
ARG,2012,milex_pct_gdp,MS.MIL.XPND.GD.ZS,0.784824735364742
ARG,2013,milex_pct_gdp,MS.MIL.XPND.GD.ZS,0.83773642721392
ARG,2014,milex_pct_gdp,MS.MIL.XPND.GD.ZS,0.878100924236765
ARG,2015,milex_pct_gdp,MS.MIL.XPND.GD.ZS,0.850128597463815
ARG,2016,milex_pct_gdp,MS.MIL.XPND.GD.ZS,0.809245362717563
ARG,2017,milex_pct_gdp,MS.MIL.XPND.GD.ZS,0.84775481125944
ARG,2018,milex_pct_gdp,MS.MIL.XPND.GD.ZS,0.732300347538541
ARG,2019,milex_pct_gdp,MS.MIL.XPND.GD.ZS,0.699696134379197
ARG,2020,milex_pct_gdp,MS.MIL.XPND.GD.ZS,0.734111593948744
ARG,2021,milex_pct_gdp,MS.MIL.XPND.GD.ZS,0.631788619254705
ARG,2022,milex_pct_gdp,MS.MIL.XPND.GD.ZS,0.684586409291956
ARG,2023,milex_pct_gdp,MS.MIL.XPND.GD.ZS,0.75569413987974
ARG,2024,milex_pct_gdp,MS.MIL.XPND.GD.ZS,0.618350391157195
AUS,1990,milex_pct_gdp,MS.MIL.XPND.GD.ZS,2.07633746497533
AUS,1991,milex_pct_gdp,MS.MIL.XPND.GD.ZS,2.16398943025625
AUS,1992,milex_pct_gdp,MS.MIL.XPND.GD.ZS,2.1677126248268
AUS,1993,milex_pct_gdp,MS.MIL.XPND.GD.ZS,2.17544607354227
AUS,1994,milex_pct_gdp,MS.MIL.XPND.GD.ZS,2.1137746508636
AUS,1995,milex_pct_gdp,MS.MIL.XPND.GD.ZS,2.01963487798019
AUS,1996,milex_pct_gdp,MS.MIL.XPND.GD.ZS,1.92972572930819
AUS,1997,milex_pct_gdp,MS.MIL.XPND.GD.ZS,1.86485958622229
AUS,1998,milex_pct_gdp,MS.MIL.XPND.GD.ZS,1.86888717465027
AUS,1999,milex_pct_gdp,MS.MIL.XPND.GD.ZS,1.88736164284382
AUS,2000,milex_pct_gdp,MS.MIL.XPND.GD.ZS,1.8244056794188
AUS,2001,milex_pct_gdp,MS.MIL.XPND.GD.ZS,1.86297632956383
AUS,2002,milex_pct_gdp,MS.MIL.XPND.GD.ZS,1.86803152019821
AUS,2003,milex_pct_gdp,MS.MIL.XPND.GD.ZS,1.84253577993579
AUS,2004,milex_pct_gdp,MS.MIL.XPND.GD.ZS,1.82208057125111
AUS,2005,milex_pct_gdp,MS.MIL.XPND.GD.ZS,1.79628773763805
AUS,2006,milex_pct_gdp,MS.MIL.XPND.GD.ZS,1.8177309027711
AUS,2007,milex_pct_gdp,MS.MIL.XPND.GD.ZS,1.81127596229823
AUS,2008,milex_pct_gdp,MS.MIL.XPND.GD.ZS,1.79619704962465
AUS,2009,milex_pct_gdp,MS.MIL.XPND.GD.ZS,1.92365517034008
AUS,2010,milex_pct_gdp,MS.MIL.XPND.GD.ZS,1.85259869583961
AUS,2011,milex_pct_gdp,MS.MIL.XPND.GD.ZS,1.75526613878209
AUS,2012,milex_pct_gdp,MS.MIL.XPND.GD.ZS,1.67028165223311
AUS,2013,milex_pct_gdp,MS.MIL.XPND.GD.ZS,1.63819651223089
AUS,2014,milex_pct_gdp,MS.MIL.XPND.GD.ZS,1.77241725032578
AUS,2015,milex_pct_gdp,MS.MIL.XPND.GD.ZS,1.95232628501993
AUS,2016,milex_pct_gdp,MS.MIL.XPND.GD.ZS,2.0896214779767
AUS,2017,milex_pct_gdp,MS.MIL.XPND.GD.ZS,2.00509517581937
AUS,2018,milex_pct_gdp,MS.MIL.XPND.GD.ZS,1.89562007676709
AUS,2019,milex_pct_gdp,MS.MIL.XPND.GD.ZS,1.88000240626833
AUS,2020,milex_pct_gdp,MS.MIL.XPND.GD.ZS,2.00738622102391
AUS,2021,milex_pct_gdp,MS.MIL.XPND.GD.ZS,1.97847691589702
AUS,2022,milex_pct_gdp,MS.MIL.XPND.GD.ZS,1.88329708969124
AUS,2023,milex_pct_gdp,MS.MIL.XPND.GD.ZS,1.86157133456052
AUS,2024,milex_pct_gdp,MS.MIL.XPND.GD.ZS,1.8837883329175
AUT,1990,milex_pct_gdp,MS.MIL.XPND.GD.ZS,1.19566026670559
AUT,1991,milex_pct_gdp,MS.MIL.XPND.GD.ZS,1.15421711847241
AUT,1992,milex_pct_gdp,MS.MIL.XPND.GD.ZS,1.09921407158669
AUT,1993,milex_pct_gdp,MS.MIL.XPND.GD.ZS,1.11558454134251
AUT,1994,milex_pct_gdp,MS.MIL.XPND.GD.ZS,1.09445307622703
AUT,1995,milex_pct_gdp,MS.MIL.XPND.GD.ZS,1.07323205206951
AUT,1996,milex_pct_gdp,MS.MIL.XPND.GD.ZS,1.04968297742271
AUT,1997,milex_pct_gdp,MS.MIL.XPND.GD.ZS,1.04643398189713
AUT,1998,milex_pct_gdp,MS.MIL.XPND.GD.ZS,1.01807286299799
AUT,1999,milex_pct_gdp,MS.MIL.XPND.GD.ZS,0.980246123382213
AUT,2000,milex_pct_gdp,MS.MIL.XPND.GD.ZS,0.983960897278692
AUT,2001,milex_pct_gdp,MS.MIL.XPND.GD.ZS,0.911232125098393
AUT,2002,milex_pct_gdp,MS.MIL.XPND.GD.ZS,0.888297333812562
AUT,2003,milex_pct_gdp,MS.MIL.XPND.GD.ZS,0.915451921068386
AUT,2004,milex_pct_gdp,MS.MIL.XPND.GD.ZS,0.897058496971847
AUT,2005,milex_pct_gdp,MS.MIL.XPND.GD.ZS,0.855937301571622
AUT,2006,milex_pct_gdp,MS.MIL.XPND.GD.ZS,0.791400408855326
AUT,2007,milex_pct_gdp,MS.MIL.XPND.GD.ZS,0.906103987717548
AUT,2008,milex_pct_gdp,MS.MIL.XPND.GD.ZS,0.876420517647602
AUT,2009,milex_pct_gdp,MS.MIL.XPND.GD.ZS,0.838531947457704
AUT,2010,milex_pct_gdp,MS.MIL.XPND.GD.ZS,0.826388366920392
AUT,2011,milex_pct_gdp,MS.MIL.XPND.GD.ZS,0.795931958980622
AUT,2012,milex_pct_gdp,MS.MIL.XPND.GD.ZS,0.783538525853244
AUT,2013,milex_pct_gdp,MS.MIL.XPND.GD.ZS,0.757180192579996
AUT,2014,milex_pct_gdp,MS.MIL.XPND.GD.ZS,0.75464957585912
AUT,2015,milex_pct_gdp,MS.MIL.XPND.GD.ZS,0.702576919833039
AUT,2016,milex_pct_gdp,MS.MIL.XPND.GD.ZS,0.73372291194157
AUT,2017,milex_pct_gdp,MS.MIL.XPND.GD.ZS,0.761540652203723
AUT,2018,milex_pct_gdp,MS.MIL.XPND.GD.ZS,0.748993468286285
AUT,2019,milex_pct_gdp,MS.MIL.XPND.GD.ZS,0.753133437614439
AUT,2020,milex_pct_gdp,MS.MIL.XPND.GD.ZS,0.885811629497475
AUT,2021,milex_pct_gdp,MS.MIL.XPND.GD.ZS,0.873515488270759
AUT,2022,milex_pct_gdp,MS.MIL.XPND.GD.ZS,0.766706008326772
AUT,2023,milex_pct_gdp,MS.MIL.XPND.GD.ZS,0.870829952423219
AUT,2024,milex_pct_gdp,MS.MIL.XPND.GD.ZS,0.999843177036641
BEL,1990,milex_pct_gdp,MS.MIL.XPND.GD.ZS,2.35544045891723
BEL,1991,milex_pct_gdp,MS.MIL.XPND.GD.ZS,2.28769284712482
BEL,1992,milex_pct_gdp,MS.MIL.XPND.GD.ZS,1.83233253009366
BEL,1993,milex_pct_gdp,MS.MIL.XPND.GD.ZS,1.73596589343319
BEL,1994,milex_pct_gdp,MS.MIL.XPND.GD.ZS,1.67714315012305
BEL,1995,milex_pct_gdp,MS.MIL.XPND.GD.ZS,1.5446405538339
BEL,1996,milex_pct_gdp,MS.MIL.XPND.GD.ZS,1.51931684175109
BEL,1997,milex_pct_gdp,MS.MIL.XPND.GD.ZS,1.4578661900969
BEL,1998,milex_pct_gdp,MS.MIL.XPND.GD.ZS,1.41739581246631
BEL,1999,milex_pct_gdp,MS.MIL.XPND.GD.ZS,1.39393068975137
BEL,2000,milex_pct_gdp,MS.MIL.XPND.GD.ZS,1.35086536826323
BEL,2001,milex_pct_gdp,MS.MIL.XPND.GD.ZS,1.28352328807131
BEL,2002,milex_pct_gdp,MS.MIL.XPND.GD.ZS,1.22376131677303
BEL,2003,milex_pct_gdp,MS.MIL.XPND.GD.ZS,1.22119401053058
BEL,2004,milex_pct_gdp,MS.MIL.XPND.GD.ZS,1.15659439046667
BEL,2005,milex_pct_gdp,MS.MIL.XPND.GD.ZS,1.09664118158572
BEL,2006,milex_pct_gdp,MS.MIL.XPND.GD.ZS,1.05612306878486
BEL,2007,milex_pct_gdp,MS.MIL.XPND.GD.ZS,1.09801876439276
BEL,2008,milex_pct_gdp,MS.MIL.XPND.GD.ZS,1.22191451658895
BEL,2009,milex_pct_gdp,MS.MIL.XPND.GD.ZS,1.16353003394252
BEL,2010,milex_pct_gdp,MS.MIL.XPND.GD.ZS,1.09018110220613
BEL,2011,milex_pct_gdp,MS.MIL.XPND.GD.ZS,1.04450113453523
BEL,2012,milex_pct_gdp,MS.MIL.XPND.GD.ZS,1.0370296665755
BEL,2013,milex_pct_gdp,MS.MIL.XPND.GD.ZS,1.0045200869807
BEL,2014,milex_pct_gdp,MS.MIL.XPND.GD.ZS,0.966272329768275
BEL,2015,milex_pct_gdp,MS.MIL.XPND.GD.ZS,0.911829965009217
BEL,2016,milex_pct_gdp,MS.MIL.XPND.GD.ZS,0.898085290562566
BEL,2017,milex_pct_gdp,MS.MIL.XPND.GD.ZS,0.886837200658898
BEL,2018,milex_pct_gdp,MS.MIL.XPND.GD.ZS,0.892442476666613
BEL,2019,milex_pct_gdp,MS.MIL.XPND.GD.ZS,0.887004950933882
BEL,2020,milex_pct_gdp,MS.MIL.XPND.GD.ZS,1.00592796693225
BEL,2021,milex_pct_gdp,MS.MIL.XPND.GD.ZS,1.04263994220028
BEL,2022,milex_pct_gdp,MS.MIL.XPND.GD.ZS,1.16246551287247
BEL,2023,milex_pct_gdp,MS.MIL.XPND.GD.ZS,1.18422875211757
BEL,2024,milex_pct_gdp,MS.MIL.XPND.GD.ZS,1.2770531266155
BGD,1990,milex_pct_gdp,MS.MIL.XPND.GD.ZS,1.22316502629369
BGD,1991,milex_pct_gdp,MS.MIL.XPND.GD.ZS,1.21442280200769
BGD,1992,milex_pct_gdp,MS.MIL.XPND.GD.ZS,1.36050314985351
BGD,1993,milex_pct_gdp,MS.MIL.XPND.GD.ZS,1.42939051496523
BGD,1994,milex_pct_gdp,MS.MIL.XPND.GD.ZS,1.52902366386599
BGD,1995,milex_pct_gdp,MS.MIL.XPND.GD.ZS,1.56669314074255
BGD,1996,milex_pct_gdp,MS.MIL.XPND.GD.ZS,1.5390735944898
BGD,1997,milex_pct_gdp,MS.MIL.XPND.GD.ZS,1.57166792587459
BGD,1998,milex_pct_gdp,MS.MIL.XPND.GD.ZS,1.56753519839217
BGD,1999,milex_pct_gdp,MS.MIL.XPND.GD.ZS,1.58483439104611
BGD,2000,milex_pct_gdp,MS.MIL.XPND.GD.ZS,1.3571191812402
BGD,2001,milex_pct_gdp,MS.MIL.XPND.GD.ZS,1.28842277551655
BGD,2002,milex_pct_gdp,MS.MIL.XPND.GD.ZS,1.04836646260037
BGD,2003,milex_pct_gdp,MS.MIL.XPND.GD.ZS,1.00263309760624
BGD,2004,milex_pct_gdp,MS.MIL.XPND.GD.ZS,0.99885977372525
BGD,2005,milex_pct_gdp,MS.MIL.XPND.GD.ZS,0.972810090266113
BGD,2006,milex_pct_gdp,MS.MIL.XPND.GD.ZS,0.989838836982973
BGD,2007,milex_pct_gdp,MS.MIL.XPND.GD.ZS,0.997091964413713
BGD,2008,milex_pct_gdp,MS.MIL.XPND.GD.ZS,0.938215291633285
BGD,2009,milex_pct_gdp,MS.MIL.XPND.GD.ZS,1.02893954845227
BGD,2010,milex_pct_gdp,MS.MIL.XPND.GD.ZS,1.18438401700177
BGD,2011,milex_pct_gdp,MS.MIL.XPND.GD.ZS,1.21766894947597
BGD,2012,milex_pct_gdp,MS.MIL.XPND.GD.ZS,1.18089723364654
BGD,2013,milex_pct_gdp,MS.MIL.XPND.GD.ZS,1.11372942922328
BGD,2014,milex_pct_gdp,MS.MIL.XPND.GD.ZS,1.1364432719278
BGD,2015,milex_pct_gdp,MS.MIL.XPND.GD.ZS,1.20851710681525
BGD,2016,milex_pct_gdp,MS.MIL.XPND.GD.ZS,1.22590049912782
BGD,2017,milex_pct_gdp,MS.MIL.XPND.GD.ZS,1.12758125325097
BGD,2018,milex_pct_gdp,MS.MIL.XPND.GD.ZS,1.15395749092166
BGD,2019,milex_pct_gdp,MS.MIL.XPND.GD.ZS,1.24410082330294
BGD,2020,milex_pct_gdp,MS.MIL.XPND.GD.ZS,1.24468950875224
BGD,2021,milex_pct_gdp,MS.MIL.XPND.GD.ZS,1.16873060016575
BGD,2022,milex_pct_gdp,MS.MIL.XPND.GD.ZS,0.990983394484057
BGD,2023,milex_pct_gdp,MS.MIL.XPND.GD.ZS,0.919471499049507
BGD,2024,milex_pct_gdp,MS.MIL.XPND.GD.ZS,0.941321120606305
BRA,1990,milex_pct_gdp,MS.MIL.XPND.GD.ZS,2.36384102519699
BRA,1991,milex_pct_gdp,MS.MIL.XPND.GD.ZS,1.96333333333333
BRA,1992,milex_pct_gdp,MS.MIL.XPND.GD.ZS,1.52152886115445
BRA,1993,milex_pct_gdp,MS.MIL.XPND.GD.ZS,1.92792281498297
BRA,1994,milex_pct_gdp,MS.MIL.XPND.GD.ZS,2.016007789121
BRA,1995,milex_pct_gdp,MS.MIL.XPND.GD.ZS,1.86213698033379
BRA,1996,milex_pct_gdp,MS.MIL.XPND.GD.ZS,1.65484349950291
BRA,1997,milex_pct_gdp,MS.MIL.XPND.GD.ZS,1.57768831551774
BRA,1998,milex_pct_gdp,MS.MIL.XPND.GD.ZS,1.66229191975824
BRA,1999,milex_pct_gdp,MS.MIL.XPND.GD.ZS,1.64547466656987
BRA,2000,milex_pct_gdp,MS.MIL.XPND.GD.ZS,1.73072614713627
BRA,2001,milex_pct_gdp,MS.MIL.XPND.GD.ZS,1.95188244532532
BRA,2002,milex_pct_gdp,MS.MIL.XPND.GD.ZS,1.89577119915617
BRA,2003,milex_pct_gdp,MS.MIL.XPND.GD.ZS,1.50347763554507
BRA,2004,milex_pct_gdp,MS.MIL.XPND.GD.ZS,1.46126840890621
BRA,2005,milex_pct_gdp,MS.MIL.XPND.GD.ZS,1.52401346273319
BRA,2006,milex_pct_gdp,MS.MIL.XPND.GD.ZS,1.48108495636286
BRA,2007,milex_pct_gdp,MS.MIL.XPND.GD.ZS,1.46629209992902
BRA,2008,milex_pct_gdp,MS.MIL.XPND.GD.ZS,1.44192408837717
BRA,2009,milex_pct_gdp,MS.MIL.XPND.GD.ZS,1.53862567601211
BRA,2010,milex_pct_gdp,MS.MIL.XPND.GD.ZS,1.53940698128362
BRA,2011,milex_pct_gdp,MS.MIL.XPND.GD.ZS,1.41185115924524
BRA,2012,milex_pct_gdp,MS.MIL.XPND.GD.ZS,1.37865646470437
BRA,2013,milex_pct_gdp,MS.MIL.XPND.GD.ZS,1.32944608382557
BRA,2014,milex_pct_gdp,MS.MIL.XPND.GD.ZS,1.330244423168
BRA,2015,milex_pct_gdp,MS.MIL.XPND.GD.ZS,1.36551715396161
BRA,2016,milex_pct_gdp,MS.MIL.XPND.GD.ZS,1.34797541299482
BRA,2017,milex_pct_gdp,MS.MIL.XPND.GD.ZS,1.41402166797586
BRA,2018,milex_pct_gdp,MS.MIL.XPND.GD.ZS,1.46967772350671
BRA,2019,milex_pct_gdp,MS.MIL.XPND.GD.ZS,1.38279724638797
BRA,2020,milex_pct_gdp,MS.MIL.XPND.GD.ZS,1.32666026860555
BRA,2021,milex_pct_gdp,MS.MIL.XPND.GD.ZS,1.14903763026142
BRA,2022,milex_pct_gdp,MS.MIL.XPND.GD.ZS,1.05240083845945
BRA,2023,milex_pct_gdp,MS.MIL.XPND.GD.ZS,1.00237538990131
BRA,2024,milex_pct_gdp,MS.MIL.XPND.GD.ZS,0.972774559040702
CAN,1990,milex_pct_gdp,MS.MIL.XPND.GD.ZS,1.95879374221417
CAN,1991,milex_pct_gdp,MS.MIL.XPND.GD.ZS,1.89544433858064
CAN,1992,milex_pct_gdp,MS.MIL.XPND.GD.ZS,1.86168769986295
CAN,1993,milex_pct_gdp,MS.MIL.XPND.GD.ZS,1.82175350392748
CAN,1994,milex_pct_gdp,MS.MIL.XPND.GD.ZS,1.69668025731865
CAN,1995,milex_pct_gdp,MS.MIL.XPND.GD.ZS,1.55409007114777
CAN,1996,milex_pct_gdp,MS.MIL.XPND.GD.ZS,1.40375258106455
CAN,1997,milex_pct_gdp,MS.MIL.XPND.GD.ZS,1.24624320151167
CAN,1998,milex_pct_gdp,MS.MIL.XPND.GD.ZS,1.25629390156868
CAN,1999,milex_pct_gdp,MS.MIL.XPND.GD.ZS,1.24170306410258
CAN,2000,milex_pct_gdp,MS.MIL.XPND.GD.ZS,1.11434980213748
CAN,2001,milex_pct_gdp,MS.MIL.XPND.GD.ZS,1.13335628281332
CAN,2002,milex_pct_gdp,MS.MIL.XPND.GD.ZS,1.11686914736943
CAN,2003,milex_pct_gdp,MS.MIL.XPND.GD.ZS,1.11193730688338
CAN,2004,milex_pct_gdp,MS.MIL.XPND.GD.ZS,1.10418939142687
CAN,2005,milex_pct_gdp,MS.MIL.XPND.GD.ZS,1.10710542420811
CAN,2006,milex_pct_gdp,MS.MIL.XPND.GD.ZS,1.12252472932052
CAN,2007,milex_pct_gdp,MS.MIL.XPND.GD.ZS,1.18579022996702
CAN,2008,milex_pct_gdp,MS.MIL.XPND.GD.ZS,1.24551836677548
CAN,2009,milex_pct_gdp,MS.MIL.XPND.GD.ZS,1.37755563107525
CAN,2010,milex_pct_gdp,MS.MIL.XPND.GD.ZS,1.19433833839121
CAN,2011,milex_pct_gdp,MS.MIL.XPND.GD.ZS,1.19329189549638
CAN,2012,milex_pct_gdp,MS.MIL.XPND.GD.ZS,1.11840459807104
CAN,2013,milex_pct_gdp,MS.MIL.XPND.GD.ZS,1.00236720047397
CAN,2014,milex_pct_gdp,MS.MIL.XPND.GD.ZS,0.989925299438869
CAN,2015,milex_pct_gdp,MS.MIL.XPND.GD.ZS,1.15270937445521
CAN,2016,milex_pct_gdp,MS.MIL.XPND.GD.ZS,1.16416156719089
CAN,2017,milex_pct_gdp,MS.MIL.XPND.GD.ZS,1.35189646465708
CAN,2018,milex_pct_gdp,MS.MIL.XPND.GD.ZS,1.3176781061648
CAN,2019,milex_pct_gdp,MS.MIL.XPND.GD.ZS,1.28451224366918
CAN,2020,milex_pct_gdp,MS.MIL.XPND.GD.ZS,1.39399340787119
CAN,2021,milex_pct_gdp,MS.MIL.XPND.GD.ZS,1.25420081409628
CAN,2022,milex_pct_gdp,MS.MIL.XPND.GD.ZS,1.16713259486345
CAN,2023,milex_pct_gdp,MS.MIL.XPND.GD.ZS,1.25316567875902
CAN,2024,milex_pct_gdp,MS.MIL.XPND.GD.ZS,1.31303419578919
CHE,1990,milex_pct_gdp,MS.MIL.XPND.GD.ZS,1.57214718757236
CHE,1991,milex_pct_gdp,MS.MIL.XPND.GD.ZS,1.53782488553083
CHE,1992,milex_pct_gdp,MS.MIL.XPND.GD.ZS,1.52370927239544
CHE,1993,milex_pct_gdp,MS.MIL.XPND.GD.ZS,1.36696434518412
CHE,1994,milex_pct_gdp,MS.MIL.XPND.GD.ZS,1.33228409403183
CHE,1995,milex_pct_gdp,MS.MIL.XPND.GD.ZS,1.35581088252354
CHE,1996,milex_pct_gdp,MS.MIL.XPND.GD.ZS,1.28375680158363
CHE,1997,milex_pct_gdp,MS.MIL.XPND.GD.ZS,1.22086410342116
CHE,1998,milex_pct_gdp,MS.MIL.XPND.GD.ZS,1.18520390139366
CHE,1999,milex_pct_gdp,MS.MIL.XPND.GD.ZS,1.08621220546806
CHE,2000,milex_pct_gdp,MS.MIL.XPND.GD.ZS,1.02928011745958
CHE,2001,milex_pct_gdp,MS.MIL.XPND.GD.ZS,0.991880080138388
CHE,2002,milex_pct_gdp,MS.MIL.XPND.GD.ZS,0.956388349764947
CHE,2003,milex_pct_gdp,MS.MIL.XPND.GD.ZS,0.926630419400856
CHE,2004,milex_pct_gdp,MS.MIL.XPND.GD.ZS,0.888925074606932
CHE,2005,milex_pct_gdp,MS.MIL.XPND.GD.ZS,0.83306403652778
CHE,2006,milex_pct_gdp,MS.MIL.XPND.GD.ZS,0.753808477874928
CHE,2007,milex_pct_gdp,MS.MIL.XPND.GD.ZS,0.718232323663411
CHE,2008,milex_pct_gdp,MS.MIL.XPND.GD.ZS,0.722484412265189
CHE,2009,milex_pct_gdp,MS.MIL.XPND.GD.ZS,0.73179337674355
CHE,2010,milex_pct_gdp,MS.MIL.XPND.GD.ZS,0.687220165933277
CHE,2011,milex_pct_gdp,MS.MIL.XPND.GD.ZS,0.694782257657599
CHE,2012,milex_pct_gdp,MS.MIL.XPND.GD.ZS,0.669001710434324
CHE,2013,milex_pct_gdp,MS.MIL.XPND.GD.ZS,0.712636242390875
CHE,2014,milex_pct_gdp,MS.MIL.XPND.GD.ZS,0.634898338463689
CHE,2015,milex_pct_gdp,MS.MIL.XPND.GD.ZS,0.651341082840214
CHE,2016,milex_pct_gdp,MS.MIL.XPND.GD.ZS,0.664750475412517
CHE,2017,milex_pct_gdp,MS.MIL.XPND.GD.ZS,0.66568455676088
CHE,2018,milex_pct_gdp,MS.MIL.XPND.GD.ZS,0.652876569793988
CHE,2019,milex_pct_gdp,MS.MIL.XPND.GD.ZS,0.696324324760463
CHE,2020,milex_pct_gdp,MS.MIL.XPND.GD.ZS,0.772558973227674
CHE,2021,milex_pct_gdp,MS.MIL.XPND.GD.ZS,0.67289247365512
CHE,2022,milex_pct_gdp,MS.MIL.XPND.GD.ZS,0.682061302644033
CHE,2023,milex_pct_gdp,MS.MIL.XPND.GD.ZS,0.705659021596424
CHE,2024,milex_pct_gdp,MS.MIL.XPND.GD.ZS,0.717812077671144
CHL,1990,milex_pct_gdp,MS.MIL.XPND.GD.ZS,3.40165485912065
CHL,1991,milex_pct_gdp,MS.MIL.XPND.GD.ZS,2.8498427672956
CHL,1992,milex_pct_gdp,MS.MIL.XPND.GD.ZS,2.62851046938573
CHL,1993,milex_pct_gdp,MS.MIL.XPND.GD.ZS,2.70692293725521
CHL,1994,milex_pct_gdp,MS.MIL.XPND.GD.ZS,2.59754498264789
CHL,1995,milex_pct_gdp,MS.MIL.XPND.GD.ZS,2.56206462916649
CHL,1996,milex_pct_gdp,MS.MIL.XPND.GD.ZS,2.42329858662731
CHL,1997,milex_pct_gdp,MS.MIL.XPND.GD.ZS,2.47364271374518
CHL,1998,milex_pct_gdp,MS.MIL.XPND.GD.ZS,2.57620115809555
CHL,1999,milex_pct_gdp,MS.MIL.XPND.GD.ZS,2.70268274607335
CHL,2000,milex_pct_gdp,MS.MIL.XPND.GD.ZS,2.68861587922595
CHL,2001,milex_pct_gdp,MS.MIL.XPND.GD.ZS,2.64704914030913
CHL,2002,milex_pct_gdp,MS.MIL.XPND.GD.ZS,2.53154295292261
CHL,2003,milex_pct_gdp,MS.MIL.XPND.GD.ZS,2.70297145376308
CHL,2004,milex_pct_gdp,MS.MIL.XPND.GD.ZS,2.71229041616156
CHL,2005,milex_pct_gdp,MS.MIL.XPND.GD.ZS,2.53476302244179
CHL,2006,milex_pct_gdp,MS.MIL.XPND.GD.ZS,2.50608218939499
CHL,2007,milex_pct_gdp,MS.MIL.XPND.GD.ZS,2.33098056175611
CHL,2008,milex_pct_gdp,MS.MIL.XPND.GD.ZS,2.58365229486108
CHL,2009,milex_pct_gdp,MS.MIL.XPND.GD.ZS,2.27650789887703
CHL,2010,milex_pct_gdp,MS.MIL.XPND.GD.ZS,2.25424093293149
CHL,2011,milex_pct_gdp,MS.MIL.XPND.GD.ZS,2.26361278130337
CHL,2012,milex_pct_gdp,MS.MIL.XPND.GD.ZS,2.04588028294284
CHL,2013,milex_pct_gdp,MS.MIL.XPND.GD.ZS,1.99462247217943
CHL,2014,milex_pct_gdp,MS.MIL.XPND.GD.ZS,1.9671068502734
CHL,2015,milex_pct_gdp,MS.MIL.XPND.GD.ZS,1.9096233898132
CHL,2016,milex_pct_gdp,MS.MIL.XPND.GD.ZS,1.92415844717468
CHL,2017,milex_pct_gdp,MS.MIL.XPND.GD.ZS,1.94059250989466
CHL,2018,milex_pct_gdp,MS.MIL.XPND.GD.ZS,1.87761395069212
CHL,2019,milex_pct_gdp,MS.MIL.XPND.GD.ZS,1.86471710953666
CHL,2020,milex_pct_gdp,MS.MIL.XPND.GD.ZS,2.06553058219768
CHL,2021,milex_pct_gdp,MS.MIL.XPND.GD.ZS,1.6474241515743
CHL,2022,milex_pct_gdp,MS.MIL.XPND.GD.ZS,1.54099069337002
CHL,2023,milex_pct_gdp,MS.MIL.XPND.GD.ZS,1.63026388670906
CHL,2024,milex_pct_gdp,MS.MIL.XPND.GD.ZS,1.57780388625485
CHN,1990,milex_pct_gdp,MS.MIL.XPND.GD.ZS,2.45401611552735
CHN,1991,milex_pct_gdp,MS.MIL.XPND.GD.ZS,2.31124341155315
CHN,1992,milex_pct_gdp,MS.MIL.XPND.GD.ZS,2.44954206753443
CHN,1993,milex_pct_gdp,MS.MIL.XPND.GD.ZS,1.92806687404062
CHN,1994,milex_pct_gdp,MS.MIL.XPND.GD.ZS,1.69347959870483
CHN,1995,milex_pct_gdp,MS.MIL.XPND.GD.ZS,1.68623388691537
CHN,1996,milex_pct_gdp,MS.MIL.XPND.GD.ZS,1.65272667000964
CHN,1997,milex_pct_gdp,MS.MIL.XPND.GD.ZS,1.63265067284541
CHN,1998,milex_pct_gdp,MS.MIL.XPND.GD.ZS,1.65508069090551
CHN,1999,milex_pct_gdp,MS.MIL.XPND.GD.ZS,1.87146591412577
CHN,2000,milex_pct_gdp,MS.MIL.XPND.GD.ZS,1.83575968454189
CHN,2001,milex_pct_gdp,MS.MIL.XPND.GD.ZS,1.98308624365796
CHN,2002,milex_pct_gdp,MS.MIL.XPND.GD.ZS,2.05936465293746
CHN,2003,milex_pct_gdp,MS.MIL.XPND.GD.ZS,1.99628893565843
CHN,2004,milex_pct_gdp,MS.MIL.XPND.GD.ZS,1.93850823279804
CHN,2005,milex_pct_gdp,MS.MIL.XPND.GD.ZS,1.87185802294835
CHN,2006,milex_pct_gdp,MS.MIL.XPND.GD.ZS,1.8695916362794
CHN,2007,milex_pct_gdp,MS.MIL.XPND.GD.ZS,1.75016458545192
CHN,2008,milex_pct_gdp,MS.MIL.XPND.GD.ZS,1.71604254580499
CHN,2009,milex_pct_gdp,MS.MIL.XPND.GD.ZS,1.89352379603523
CHN,2010,milex_pct_gdp,MS.MIL.XPND.GD.ZS,1.73351986212832
CHN,2011,milex_pct_gdp,MS.MIL.XPND.GD.ZS,1.65908251595704
CHN,2012,milex_pct_gdp,MS.MIL.XPND.GD.ZS,1.70094267160117
CHN,2013,milex_pct_gdp,MS.MIL.XPND.GD.ZS,1.7143409229625
CHN,2014,milex_pct_gdp,MS.MIL.XPND.GD.ZS,1.73840928794394
CHN,2015,milex_pct_gdp,MS.MIL.XPND.GD.ZS,1.77677106896806
CHN,2016,milex_pct_gdp,MS.MIL.XPND.GD.ZS,1.7688865902507
CHN,2017,milex_pct_gdp,MS.MIL.XPND.GD.ZS,1.71124264388853
CHN,2018,milex_pct_gdp,MS.MIL.XPND.GD.ZS,1.67357820944542
CHN,2019,milex_pct_gdp,MS.MIL.XPND.GD.ZS,1.68291101151296
CHN,2020,milex_pct_gdp,MS.MIL.XPND.GD.ZS,1.75669947098837
CHN,2021,milex_pct_gdp,MS.MIL.XPND.GD.ZS,1.60525971842503
CHN,2022,milex_pct_gdp,MS.MIL.XPND.GD.ZS,1.63053389156959
CHN,2023,milex_pct_gdp,MS.MIL.XPND.GD.ZS,1.66484889659813
CHN,2024,milex_pct_gdp,MS.MIL.XPND.GD.ZS,1.71129740345228
COL,1990,milex_pct_gdp,MS.MIL.XPND.GD.ZS,1.86015929954807
COL,1991,milex_pct_gdp,MS.MIL.XPND.GD.ZS,1.85348178319724
COL,1992,milex_pct_gdp,MS.MIL.XPND.GD.ZS,2.10667794255338
COL,1993,milex_pct_gdp,MS.MIL.XPND.GD.ZS,2.52526701829097
COL,1994,milex_pct_gdp,MS.MIL.XPND.GD.ZS,2.50840701347047
COL,1995,milex_pct_gdp,MS.MIL.XPND.GD.ZS,2.83162658057701
COL,1996,milex_pct_gdp,MS.MIL.XPND.GD.ZS,4.44539325396431
COL,1997,milex_pct_gdp,MS.MIL.XPND.GD.ZS,2.80178788575936
COL,1998,milex_pct_gdp,MS.MIL.XPND.GD.ZS,3.44098574204708
COL,1999,milex_pct_gdp,MS.MIL.XPND.GD.ZS,3.76274205786296
COL,2000,milex_pct_gdp,MS.MIL.XPND.GD.ZS,3.03168353865852
COL,2001,milex_pct_gdp,MS.MIL.XPND.GD.ZS,3.32387281880532
COL,2002,milex_pct_gdp,MS.MIL.XPND.GD.ZS,3.41712762358197
COL,2003,milex_pct_gdp,MS.MIL.XPND.GD.ZS,3.46398869081496
COL,2004,milex_pct_gdp,MS.MIL.XPND.GD.ZS,3.46501517406307
COL,2005,milex_pct_gdp,MS.MIL.XPND.GD.ZS,3.37467969392646
COL,2006,milex_pct_gdp,MS.MIL.XPND.GD.ZS,3.29582499135229
COL,2007,milex_pct_gdp,MS.MIL.XPND.GD.ZS,3.28630170949445
COL,2008,milex_pct_gdp,MS.MIL.XPND.GD.ZS,3.73724698565115
COL,2009,milex_pct_gdp,MS.MIL.XPND.GD.ZS,3.88696383706353
COL,2010,milex_pct_gdp,MS.MIL.XPND.GD.ZS,3.63691504613462
COL,2011,milex_pct_gdp,MS.MIL.XPND.GD.ZS,3.07710698956258
COL,2012,milex_pct_gdp,MS.MIL.XPND.GD.ZS,3.15600586340429
COL,2013,milex_pct_gdp,MS.MIL.XPND.GD.ZS,3.27226285651869
COL,2014,milex_pct_gdp,MS.MIL.XPND.GD.ZS,3.10825884811044
COL,2015,milex_pct_gdp,MS.MIL.XPND.GD.ZS,3.10996008410671
COL,2016,milex_pct_gdp,MS.MIL.XPND.GD.ZS,3.07113102611539
COL,2017,milex_pct_gdp,MS.MIL.XPND.GD.ZS,3.20809672439436
COL,2018,milex_pct_gdp,MS.MIL.XPND.GD.ZS,3.0332327385044
COL,2019,milex_pct_gdp,MS.MIL.XPND.GD.ZS,3.14565669372153
COL,2020,milex_pct_gdp,MS.MIL.XPND.GD.ZS,3.53440413219336
COL,2021,milex_pct_gdp,MS.MIL.XPND.GD.ZS,3.1957582534691
COL,2022,milex_pct_gdp,MS.MIL.XPND.GD.ZS,2.79798282722927
COL,2023,milex_pct_gdp,MS.MIL.XPND.GD.ZS,2.96545217971359
COL,2024,milex_pct_gdp,MS.MIL.XPND.GD.ZS,3.35903368303836
CZE,1993,milex_pct_gdp,MS.MIL.XPND.GD.ZS,2.3304040663427
CZE,1994,milex_pct_gdp,MS.MIL.XPND.GD.ZS,2.28340085763757
CZE,1995,milex_pct_gdp,MS.MIL.XPND.GD.ZS,1.75885533074022
CZE,1996,milex_pct_gdp,MS.MIL.XPND.GD.ZS,1.65758607725057
CZE,1997,milex_pct_gdp,MS.MIL.XPND.GD.ZS,1.5803034972859
CZE,1998,milex_pct_gdp,MS.MIL.XPND.GD.ZS,1.73559766220785
CZE,1999,milex_pct_gdp,MS.MIL.XPND.GD.ZS,1.83868741109923
CZE,2000,milex_pct_gdp,MS.MIL.XPND.GD.ZS,1.86147018377297
CZE,2001,milex_pct_gdp,MS.MIL.XPND.GD.ZS,1.73552829284443
CZE,2002,milex_pct_gdp,MS.MIL.XPND.GD.ZS,1.80901146474017
CZE,2003,milex_pct_gdp,MS.MIL.XPND.GD.ZS,1.87752210665196
CZE,2004,milex_pct_gdp,MS.MIL.XPND.GD.ZS,1.69964346518547
CZE,2005,milex_pct_gdp,MS.MIL.XPND.GD.ZS,1.7772578503284
CZE,2006,milex_pct_gdp,MS.MIL.XPND.GD.ZS,1.56811468416419
CZE,2007,milex_pct_gdp,MS.MIL.XPND.GD.ZS,1.4247883319863
CZE,2008,milex_pct_gdp,MS.MIL.XPND.GD.ZS,1.23408817792114
CZE,2009,milex_pct_gdp,MS.MIL.XPND.GD.ZS,1.31349218921279
CZE,2010,milex_pct_gdp,MS.MIL.XPND.GD.ZS,1.18289778802227
CZE,2011,milex_pct_gdp,MS.MIL.XPND.GD.ZS,1.06914296806992
CZE,2012,milex_pct_gdp,MS.MIL.XPND.GD.ZS,1.05560770651415
CZE,2013,milex_pct_gdp,MS.MIL.XPND.GD.ZS,1.00870446252121
CZE,2014,milex_pct_gdp,MS.MIL.XPND.GD.ZS,0.959115722257081
CZE,2015,milex_pct_gdp,MS.MIL.XPND.GD.ZS,0.941202924537164
CZE,2016,milex_pct_gdp,MS.MIL.XPND.GD.ZS,0.986634400365061
CZE,2017,milex_pct_gdp,MS.MIL.XPND.GD.ZS,0.943984411925526
CZE,2018,milex_pct_gdp,MS.MIL.XPND.GD.ZS,1.07552668819544
CZE,2019,milex_pct_gdp,MS.MIL.XPND.GD.ZS,1.13323967641325
CZE,2020,milex_pct_gdp,MS.MIL.XPND.GD.ZS,1.295406324775
CZE,2021,milex_pct_gdp,MS.MIL.XPND.GD.ZS,1.35325325729994
CZE,2022,milex_pct_gdp,MS.MIL.XPND.GD.ZS,1.32690210545667
CZE,2023,milex_pct_gdp,MS.MIL.XPND.GD.ZS,1.47176821017418
CZE,2024,milex_pct_gdp,MS.MIL.XPND.GD.ZS,1.91680849222604
DEU,1990,milex_pct_gdp,MS.MIL.XPND.GD.ZS,2.50676361181222
DEU,1991,milex_pct_gdp,MS.MIL.XPND.GD.ZS,1.97382250348754
DEU,1992,milex_pct_gdp,MS.MIL.XPND.GD.ZS,1.8360797299954
DEU,1993,milex_pct_gdp,MS.MIL.XPND.GD.ZS,1.6772597330503
DEU,1994,milex_pct_gdp,MS.MIL.XPND.GD.ZS,1.5366036133542
DEU,1995,milex_pct_gdp,MS.MIL.XPND.GD.ZS,1.48727246874621
DEU,1996,milex_pct_gdp,MS.MIL.XPND.GD.ZS,1.45737175283167
DEU,1997,milex_pct_gdp,MS.MIL.XPND.GD.ZS,1.40270759051929
DEU,1998,milex_pct_gdp,MS.MIL.XPND.GD.ZS,1.38165698909139
DEU,1999,milex_pct_gdp,MS.MIL.XPND.GD.ZS,1.38034779906259
DEU,2000,milex_pct_gdp,MS.MIL.XPND.GD.ZS,1.34421581953972
DEU,2001,milex_pct_gdp,MS.MIL.XPND.GD.ZS,1.30789826898647
DEU,2002,milex_pct_gdp,MS.MIL.XPND.GD.ZS,1.31344033426945
DEU,2003,milex_pct_gdp,MS.MIL.XPND.GD.ZS,1.2986963477858
DEU,2004,milex_pct_gdp,MS.MIL.XPND.GD.ZS,1.25072808117217
DEU,2005,milex_pct_gdp,MS.MIL.XPND.GD.ZS,1.23275583821682
DEU,2006,milex_pct_gdp,MS.MIL.XPND.GD.ZS,1.17898651377886
DEU,2007,milex_pct_gdp,MS.MIL.XPND.GD.ZS,1.15279236258074
DEU,2008,milex_pct_gdp,MS.MIL.XPND.GD.ZS,1.1888700534429
DEU,2009,milex_pct_gdp,MS.MIL.XPND.GD.ZS,1.2847898688108
DEU,2010,milex_pct_gdp,MS.MIL.XPND.GD.ZS,1.24181027958074
DEU,2011,milex_pct_gdp,MS.MIL.XPND.GD.ZS,1.18233731589884
DEU,2012,milex_pct_gdp,MS.MIL.XPND.GD.ZS,1.21725965761789
DEU,2013,milex_pct_gdp,MS.MIL.XPND.GD.ZS,1.16213791467872
DEU,2014,milex_pct_gdp,MS.MIL.XPND.GD.ZS,1.12769949450115
DEU,2015,milex_pct_gdp,MS.MIL.XPND.GD.ZS,1.11541840455009
DEU,2016,milex_pct_gdp,MS.MIL.XPND.GD.ZS,1.12912506140277
DEU,2017,milex_pct_gdp,MS.MIL.XPND.GD.ZS,1.13126090102098
DEU,2018,milex_pct_gdp,MS.MIL.XPND.GD.ZS,1.14814145777047
DEU,2019,milex_pct_gdp,MS.MIL.XPND.GD.ZS,1.24014846331417
DEU,2020,milex_pct_gdp,MS.MIL.XPND.GD.ZS,1.35598993512329
DEU,2021,milex_pct_gdp,MS.MIL.XPND.GD.ZS,1.29982374349238
DEU,2022,milex_pct_gdp,MS.MIL.XPND.GD.ZS,1.35030514561756
DEU,2023,milex_pct_gdp,MS.MIL.XPND.GD.ZS,1.48796332620564
DEU,2024,milex_pct_gdp,MS.MIL.XPND.GD.ZS,1.89190377205494
DNK,1990,milex_pct_gdp,MS.MIL.XPND.GD.ZS,1.95075703504915
DNK,1991,milex_pct_gdp,MS.MIL.XPND.GD.ZS,1.91975873946774
DNK,1992,milex_pct_gdp,MS.MIL.XPND.GD.ZS,1.85515102127163
DNK,1993,milex_pct_gdp,MS.MIL.XPND.GD.ZS,1.87408519061274
DNK,1994,milex_pct_gdp,MS.MIL.XPND.GD.ZS,1.74260026232195
DNK,1995,milex_pct_gdp,MS.MIL.XPND.GD.ZS,1.68675957369556
DNK,1996,milex_pct_gdp,MS.MIL.XPND.GD.ZS,1.6461435449497
DNK,1997,milex_pct_gdp,MS.MIL.XPND.GD.ZS,1.61872430785355
DNK,1998,milex_pct_gdp,MS.MIL.XPND.GD.ZS,1.60907118109632
DNK,1999,milex_pct_gdp,MS.MIL.XPND.GD.ZS,1.56553651572988
DNK,2000,milex_pct_gdp,MS.MIL.XPND.GD.ZS,1.45846561683975
DNK,2001,milex_pct_gdp,MS.MIL.XPND.GD.ZS,1.53154262127753
DNK,2002,milex_pct_gdp,MS.MIL.XPND.GD.ZS,1.50685882049485
DNK,2003,milex_pct_gdp,MS.MIL.XPND.GD.ZS,1.46466732860503
DNK,2004,milex_pct_gdp,MS.MIL.XPND.GD.ZS,1.42024015449579
DNK,2005,milex_pct_gdp,MS.MIL.XPND.GD.ZS,1.30811146758176
DNK,2006,milex_pct_gdp,MS.MIL.XPND.GD.ZS,1.37505574678224
DNK,2007,milex_pct_gdp,MS.MIL.XPND.GD.ZS,1.30402280174653
DNK,2008,milex_pct_gdp,MS.MIL.XPND.GD.ZS,1.34882681237568
DNK,2009,milex_pct_gdp,MS.MIL.XPND.GD.ZS,1.34441225473678
DNK,2010,milex_pct_gdp,MS.MIL.XPND.GD.ZS,1.39710181036952
DNK,2011,milex_pct_gdp,MS.MIL.XPND.GD.ZS,1.3123392890178
DNK,2012,milex_pct_gdp,MS.MIL.XPND.GD.ZS,1.35329314051826
DNK,2013,milex_pct_gdp,MS.MIL.XPND.GD.ZS,1.22352490397164
DNK,2014,milex_pct_gdp,MS.MIL.XPND.GD.ZS,1.1497978040996
DNK,2015,milex_pct_gdp,MS.MIL.XPND.GD.ZS,1.11481302624419
DNK,2016,milex_pct_gdp,MS.MIL.XPND.GD.ZS,1.15107146564238
DNK,2017,milex_pct_gdp,MS.MIL.XPND.GD.ZS,1.1399854112558
DNK,2018,milex_pct_gdp,MS.MIL.XPND.GD.ZS,1.28310489294024
DNK,2019,milex_pct_gdp,MS.MIL.XPND.GD.ZS,1.29920660644454
DNK,2020,milex_pct_gdp,MS.MIL.XPND.GD.ZS,1.37376885314973
DNK,2021,milex_pct_gdp,MS.MIL.XPND.GD.ZS,1.29155763565745
DNK,2022,milex_pct_gdp,MS.MIL.XPND.GD.ZS,1.36156457421085
DNK,2023,milex_pct_gdp,MS.MIL.XPND.GD.ZS,1.99961332917573
DNK,2024,milex_pct_gdp,MS.MIL.XPND.GD.ZS,2.41617454160591
EGY,1990,milex_pct_gdp,MS.MIL.XPND.GD.ZS,3.4676995357893
EGY,1991,milex_pct_gdp,MS.MIL.XPND.GD.ZS,3.61174470420041
EGY,1992,milex_pct_gdp,MS.MIL.XPND.GD.ZS,3.21550063172359
EGY,1993,milex_pct_gdp,MS.MIL.XPND.GD.ZS,3.09773699249923
EGY,1994,milex_pct_gdp,MS.MIL.XPND.GD.ZS,3.15393465100637
EGY,1995,milex_pct_gdp,MS.MIL.XPND.GD.ZS,3.08203623414837
EGY,1996,milex_pct_gdp,MS.MIL.XPND.GD.ZS,2.97481186979645
EGY,1997,milex_pct_gdp,MS.MIL.XPND.GD.ZS,2.84148521846447
EGY,1998,milex_pct_gdp,MS.MIL.XPND.GD.ZS,2.65938329094369
EGY,1999,milex_pct_gdp,MS.MIL.XPND.GD.ZS,2.56976747814276
EGY,2000,milex_pct_gdp,MS.MIL.XPND.GD.ZS,2.55126513982739
EGY,2001,milex_pct_gdp,MS.MIL.XPND.GD.ZS,2.98556856033807
EGY,2002,milex_pct_gdp,MS.MIL.XPND.GD.ZS,3.27845479650374
EGY,2003,milex_pct_gdp,MS.MIL.XPND.GD.ZS,3.17728527009726
EGY,2004,milex_pct_gdp,MS.MIL.XPND.GD.ZS,2.87753123653597
EGY,2005,milex_pct_gdp,MS.MIL.XPND.GD.ZS,2.71422040657605
EGY,2006,milex_pct_gdp,MS.MIL.XPND.GD.ZS,2.60621860261331
EGY,2007,milex_pct_gdp,MS.MIL.XPND.GD.ZS,2.37963467509709
EGY,2008,milex_pct_gdp,MS.MIL.XPND.GD.ZS,2.18078548537016
EGY,2009,milex_pct_gdp,MS.MIL.XPND.GD.ZS,2.03264504307225
EGY,2010,milex_pct_gdp,MS.MIL.XPND.GD.ZS,1.95296705174529
EGY,2011,milex_pct_gdp,MS.MIL.XPND.GD.ZS,1.83702551137618
EGY,2012,milex_pct_gdp,MS.MIL.XPND.GD.ZS,1.64817579267929
EGY,2013,milex_pct_gdp,MS.MIL.XPND.GD.ZS,1.61005697699419
EGY,2014,milex_pct_gdp,MS.MIL.XPND.GD.ZS,1.68969483568075
EGY,2015,milex_pct_gdp,MS.MIL.XPND.GD.ZS,1.72314742829085
EGY,2016,milex_pct_gdp,MS.MIL.XPND.GD.ZS,1.66660515243227
EGY,2017,milex_pct_gdp,MS.MIL.XPND.GD.ZS,1.42203170028818
EGY,2018,milex_pct_gdp,MS.MIL.XPND.GD.ZS,1.24996619642133
EGY,2019,milex_pct_gdp,MS.MIL.XPND.GD.ZS,1.18097179684711
EGY,2020,milex_pct_gdp,MS.MIL.XPND.GD.ZS,1.12247550332399
EGY,2021,milex_pct_gdp,MS.MIL.XPND.GD.ZS,1.12200927143154
EGY,2022,milex_pct_gdp,MS.MIL.XPND.GD.ZS,1.01475596559521
EGY,2023,milex_pct_gdp,MS.MIL.XPND.GD.ZS,0.808918707093165
EGY,2024,milex_pct_gdp,MS.MIL.XPND.GD.ZS,0.665263620234986
ESP,1990,milex_pct_gdp,MS.MIL.XPND.GD.ZS,2.29330520898016
ESP,1991,milex_pct_gdp,MS.MIL.XPND.GD.ZS,2.12919223112803
ESP,1992,milex_pct_gdp,MS.MIL.XPND.GD.ZS,2.04280367601027
ESP,1993,milex_pct_gdp,MS.MIL.XPND.GD.ZS,2.0118717370405
ESP,1994,milex_pct_gdp,MS.MIL.XPND.GD.ZS,2.00133740218861
ESP,1995,milex_pct_gdp,MS.MIL.XPND.GD.ZS,1.91702239465122
ESP,1996,milex_pct_gdp,MS.MIL.XPND.GD.ZS,1.81443901615473
ESP,1997,milex_pct_gdp,MS.MIL.XPND.GD.ZS,1.72281567944182
ESP,1998,milex_pct_gdp,MS.MIL.XPND.GD.ZS,1.75731994886122
ESP,1999,milex_pct_gdp,MS.MIL.XPND.GD.ZS,1.75523458900652
ESP,2000,milex_pct_gdp,MS.MIL.XPND.GD.ZS,1.72551798839458
ESP,2001,milex_pct_gdp,MS.MIL.XPND.GD.ZS,1.62958403293614
ESP,2002,milex_pct_gdp,MS.MIL.XPND.GD.ZS,1.45597370162444
ESP,2003,milex_pct_gdp,MS.MIL.XPND.GD.ZS,1.42254439300681
ESP,2004,milex_pct_gdp,MS.MIL.XPND.GD.ZS,1.43022117967926
ESP,2005,milex_pct_gdp,MS.MIL.XPND.GD.ZS,1.38717775355122
ESP,2006,milex_pct_gdp,MS.MIL.XPND.GD.ZS,1.37000746147478
ESP,2007,milex_pct_gdp,MS.MIL.XPND.GD.ZS,1.36310631227691
ESP,2008,milex_pct_gdp,MS.MIL.XPND.GD.ZS,1.36762048450666
ESP,2009,milex_pct_gdp,MS.MIL.XPND.GD.ZS,1.35835383696039
ESP,2010,milex_pct_gdp,MS.MIL.XPND.GD.ZS,1.3816644927099
ESP,2011,milex_pct_gdp,MS.MIL.XPND.GD.ZS,1.32573618168037
ESP,2012,milex_pct_gdp,MS.MIL.XPND.GD.ZS,1.41695174735802
ESP,2013,milex_pct_gdp,MS.MIL.XPND.GD.ZS,1.26618872678062
ESP,2014,milex_pct_gdp,MS.MIL.XPND.GD.ZS,1.24625944103127
ESP,2015,milex_pct_gdp,MS.MIL.XPND.GD.ZS,1.25969265356283
ESP,2016,milex_pct_gdp,MS.MIL.XPND.GD.ZS,1.12848106845526
ESP,2017,milex_pct_gdp,MS.MIL.XPND.GD.ZS,1.22211082849583
ESP,2018,milex_pct_gdp,MS.MIL.XPND.GD.ZS,1.24562475871831
ESP,2019,milex_pct_gdp,MS.MIL.XPND.GD.ZS,1.22464525288942
ESP,2020,milex_pct_gdp,MS.MIL.XPND.GD.ZS,1.35429599703865
ESP,2021,milex_pct_gdp,MS.MIL.XPND.GD.ZS,1.33768901652321
ESP,2022,milex_pct_gdp,MS.MIL.XPND.GD.ZS,1.4055469125943
ESP,2023,milex_pct_gdp,MS.MIL.XPND.GD.ZS,1.4715775760116
ESP,2024,milex_pct_gdp,MS.MIL.XPND.GD.ZS,1.43210737406914
FIN,1990,milex_pct_gdp,MS.MIL.XPND.GD.ZS,1.5633514986376
FIN,1991,milex_pct_gdp,MS.MIL.XPND.GD.ZS,1.78123103649322
FIN,1992,milex_pct_gdp,MS.MIL.XPND.GD.ZS,1.90713101160862
FIN,1993,milex_pct_gdp,MS.MIL.XPND.GD.ZS,1.86801150656572
FIN,1994,milex_pct_gdp,MS.MIL.XPND.GD.ZS,1.75560359540335
FIN,1995,milex_pct_gdp,MS.MIL.XPND.GD.ZS,1.42254149924916
FIN,1996,milex_pct_gdp,MS.MIL.XPND.GD.ZS,1.53047227121301
FIN,1997,milex_pct_gdp,MS.MIL.XPND.GD.ZS,1.53515505066012
FIN,1998,milex_pct_gdp,MS.MIL.XPND.GD.ZS,1.46317555780765
FIN,1999,milex_pct_gdp,MS.MIL.XPND.GD.ZS,1.22310377157804
FIN,2000,milex_pct_gdp,MS.MIL.XPND.GD.ZS,1.24000997169797
FIN,2001,milex_pct_gdp,MS.MIL.XPND.GD.ZS,1.1431199131475
FIN,2002,milex_pct_gdp,MS.MIL.XPND.GD.ZS,1.15346267852331
FIN,2003,milex_pct_gdp,MS.MIL.XPND.GD.ZS,1.44547443507181
FIN,2004,milex_pct_gdp,MS.MIL.XPND.GD.ZS,1.46771855552706
FIN,2005,milex_pct_gdp,MS.MIL.XPND.GD.ZS,1.46470451104851
FIN,2006,milex_pct_gdp,MS.MIL.XPND.GD.ZS,1.44270225678265
FIN,2007,milex_pct_gdp,MS.MIL.XPND.GD.ZS,1.28760998478864
FIN,2008,milex_pct_gdp,MS.MIL.XPND.GD.ZS,1.39102532971688
FIN,2009,milex_pct_gdp,MS.MIL.XPND.GD.ZS,1.56084541207723
FIN,2010,milex_pct_gdp,MS.MIL.XPND.GD.ZS,1.49172644486325
FIN,2011,milex_pct_gdp,MS.MIL.XPND.GD.ZS,1.49199362525613
FIN,2012,milex_pct_gdp,MS.MIL.XPND.GD.ZS,1.53160526604717
FIN,2013,milex_pct_gdp,MS.MIL.XPND.GD.ZS,1.54007184381097
FIN,2014,milex_pct_gdp,MS.MIL.XPND.GD.ZS,1.45927959000267
FIN,2015,milex_pct_gdp,MS.MIL.XPND.GD.ZS,1.45819060668341
FIN,2016,milex_pct_gdp,MS.MIL.XPND.GD.ZS,1.43150516649128
FIN,2017,milex_pct_gdp,MS.MIL.XPND.GD.ZS,1.36088933984851
FIN,2018,milex_pct_gdp,MS.MIL.XPND.GD.ZS,1.37168236993597
FIN,2019,milex_pct_gdp,MS.MIL.XPND.GD.ZS,1.36132283517387
FIN,2020,milex_pct_gdp,MS.MIL.XPND.GD.ZS,1.43578115547809
FIN,2021,milex_pct_gdp,MS.MIL.XPND.GD.ZS,1.30243925969996
FIN,2022,milex_pct_gdp,MS.MIL.XPND.GD.ZS,1.58854518946055
FIN,2023,milex_pct_gdp,MS.MIL.XPND.GD.ZS,2.0075369530221
FIN,2024,milex_pct_gdp,MS.MIL.XPND.GD.ZS,2.29979173712597
FRA,1990,milex_pct_gdp,MS.MIL.XPND.GD.ZS,2.84463959497759
FRA,1991,milex_pct_gdp,MS.MIL.XPND.GD.ZS,2.84921925342208
FRA,1992,milex_pct_gdp,MS.MIL.XPND.GD.ZS,2.72756816588629
FRA,1993,milex_pct_gdp,MS.MIL.XPND.GD.ZS,2.72168441384594
FRA,1994,milex_pct_gdp,MS.MIL.XPND.GD.ZS,2.69073238306963
FRA,1995,milex_pct_gdp,MS.MIL.XPND.GD.ZS,2.51542226280158
FRA,1996,milex_pct_gdp,MS.MIL.XPND.GD.ZS,2.43766326434912
FRA,1997,milex_pct_gdp,MS.MIL.XPND.GD.ZS,2.39395696754189
FRA,1998,milex_pct_gdp,MS.MIL.XPND.GD.ZS,2.2468089386267
FRA,1999,milex_pct_gdp,MS.MIL.XPND.GD.ZS,2.19815329922308
FRA,2000,milex_pct_gdp,MS.MIL.XPND.GD.ZS,2.09218901026309
FRA,2001,milex_pct_gdp,MS.MIL.XPND.GD.ZS,2.04148415280944
FRA,2002,milex_pct_gdp,MS.MIL.XPND.GD.ZS,2.05857264018165
FRA,2003,milex_pct_gdp,MS.MIL.XPND.GD.ZS,2.1064709567846
FRA,2004,milex_pct_gdp,MS.MIL.XPND.GD.ZS,2.11416633859403
FRA,2005,milex_pct_gdp,MS.MIL.XPND.GD.ZS,2.02813701732744
FRA,2006,milex_pct_gdp,MS.MIL.XPND.GD.ZS,1.97737744775679
FRA,2007,milex_pct_gdp,MS.MIL.XPND.GD.ZS,1.91095777789429
FRA,2008,milex_pct_gdp,MS.MIL.XPND.GD.ZS,1.89934504679172
FRA,2009,milex_pct_gdp,MS.MIL.XPND.GD.ZS,2.09877791453034
FRA,2010,milex_pct_gdp,MS.MIL.XPND.GD.ZS,1.96864375039496
FRA,2011,milex_pct_gdp,MS.MIL.XPND.GD.ZS,1.88794614981494
FRA,2012,milex_pct_gdp,MS.MIL.XPND.GD.ZS,1.87154409463222
FRA,2013,milex_pct_gdp,MS.MIL.XPND.GD.ZS,1.84711648361859
FRA,2014,milex_pct_gdp,MS.MIL.XPND.GD.ZS,1.85952906556899
FRA,2015,milex_pct_gdp,MS.MIL.XPND.GD.ZS,1.86973268204402
FRA,2016,milex_pct_gdp,MS.MIL.XPND.GD.ZS,1.85171809616119
FRA,2017,milex_pct_gdp,MS.MIL.XPND.GD.ZS,1.8523088187904
FRA,2018,milex_pct_gdp,MS.MIL.XPND.GD.ZS,1.84604257144589
FRA,2019,milex_pct_gdp,MS.MIL.XPND.GD.ZS,1.85288520696513
FRA,2020,milex_pct_gdp,MS.MIL.XPND.GD.ZS,2.02167455284232
FRA,2021,milex_pct_gdp,MS.MIL.XPND.GD.ZS,1.98022225807935
FRA,2022,milex_pct_gdp,MS.MIL.XPND.GD.ZS,1.95772067476703
FRA,2023,milex_pct_gdp,MS.MIL.XPND.GD.ZS,1.95099683800051
FRA,2024,milex_pct_gdp,MS.MIL.XPND.GD.ZS,2.05257687860637
GBR,1990,milex_pct_gdp,MS.MIL.XPND.GD.ZS,3.983217694585
GBR,1991,milex_pct_gdp,MS.MIL.XPND.GD.ZS,4.11680242273171
GBR,1992,milex_pct_gdp,MS.MIL.XPND.GD.ZS,3.86471776641263
GBR,1993,milex_pct_gdp,MS.MIL.XPND.GD.ZS,3.59064951247979
GBR,1994,milex_pct_gdp,MS.MIL.XPND.GD.ZS,3.38193371776532
GBR,1995,milex_pct_gdp,MS.MIL.XPND.GD.ZS,2.85419949053587
GBR,1996,milex_pct_gdp,MS.MIL.XPND.GD.ZS,2.72459232198324
GBR,1997,milex_pct_gdp,MS.MIL.XPND.GD.ZS,2.56014877225605
GBR,1998,milex_pct_gdp,MS.MIL.XPND.GD.ZS,2.49596227501881
GBR,1999,milex_pct_gdp,MS.MIL.XPND.GD.ZS,2.42290959332375
GBR,2000,milex_pct_gdp,MS.MIL.XPND.GD.ZS,2.3727966452319
GBR,2001,milex_pct_gdp,MS.MIL.XPND.GD.ZS,2.41112210130721
GBR,2002,milex_pct_gdp,MS.MIL.XPND.GD.ZS,2.48565967470705
GBR,2003,milex_pct_gdp,MS.MIL.XPND.GD.ZS,2.55206201518244
GBR,2004,milex_pct_gdp,MS.MIL.XPND.GD.ZS,2.49782136751626
GBR,2005,milex_pct_gdp,MS.MIL.XPND.GD.ZS,2.42271607573388
GBR,2006,milex_pct_gdp,MS.MIL.XPND.GD.ZS,2.36967440284241
GBR,2007,milex_pct_gdp,MS.MIL.XPND.GD.ZS,2.37465777127738
GBR,2008,milex_pct_gdp,MS.MIL.XPND.GD.ZS,2.4871500848402
GBR,2009,milex_pct_gdp,MS.MIL.XPND.GD.ZS,2.64772453259797
GBR,2010,milex_pct_gdp,MS.MIL.XPND.GD.ZS,2.56799960467203
GBR,2011,milex_pct_gdp,MS.MIL.XPND.GD.ZS,2.49903987829525
GBR,2012,milex_pct_gdp,MS.MIL.XPND.GD.ZS,2.41781748358099
GBR,2013,milex_pct_gdp,MS.MIL.XPND.GD.ZS,2.29232047399432
GBR,2014,milex_pct_gdp,MS.MIL.XPND.GD.ZS,2.18448549185402
GBR,2015,milex_pct_gdp,MS.MIL.XPND.GD.ZS,2.04890800410498
GBR,2016,milex_pct_gdp,MS.MIL.XPND.GD.ZS,1.98449096820719
GBR,2017,milex_pct_gdp,MS.MIL.XPND.GD.ZS,1.95002885979327
GBR,2018,milex_pct_gdp,MS.MIL.XPND.GD.ZS,1.94455569473457
GBR,2019,milex_pct_gdp,MS.MIL.XPND.GD.ZS,1.98525373099586
GBR,2020,milex_pct_gdp,MS.MIL.XPND.GD.ZS,2.16304030547387
GBR,2021,milex_pct_gdp,MS.MIL.XPND.GD.ZS,2.07241748249759
GBR,2022,milex_pct_gdp,MS.MIL.XPND.GD.ZS,2.05691855462534
GBR,2023,milex_pct_gdp,MS.MIL.XPND.GD.ZS,2.23063973904322
GBR,2024,milex_pct_gdp,MS.MIL.XPND.GD.ZS,2.2786177901127
IDN,1990,milex_pct_gdp,MS.MIL.XPND.GD.ZS,1.41049291967411
IDN,1991,milex_pct_gdp,MS.MIL.XPND.GD.ZS,1.32406418395881
IDN,1992,milex_pct_gdp,MS.MIL.XPND.GD.ZS,1.35687600701146
IDN,1993,milex_pct_gdp,MS.MIL.XPND.GD.ZS,1.22355780893698
IDN,1994,milex_pct_gdp,MS.MIL.XPND.GD.ZS,1.26615561718382
IDN,1995,milex_pct_gdp,MS.MIL.XPND.GD.ZS,1.22630986064236
IDN,1996,milex_pct_gdp,MS.MIL.XPND.GD.ZS,1.26439252827808
IDN,1997,milex_pct_gdp,MS.MIL.XPND.GD.ZS,1.49774173762735
IDN,1998,milex_pct_gdp,MS.MIL.XPND.GD.ZS,1.01911684387405
IDN,1999,milex_pct_gdp,MS.MIL.XPND.GD.ZS,0.810812654015076
IDN,2000,milex_pct_gdp,MS.MIL.XPND.GD.ZS,0.684483763500435
IDN,2001,milex_pct_gdp,MS.MIL.XPND.GD.ZS,0.572792652704213
IDN,2002,milex_pct_gdp,MS.MIL.XPND.GD.ZS,0.700120208801041
IDN,2003,milex_pct_gdp,MS.MIL.XPND.GD.ZS,0.909285036773652
IDN,2004,milex_pct_gdp,MS.MIL.XPND.GD.ZS,0.945714621727218
IDN,2005,milex_pct_gdp,MS.MIL.XPND.GD.ZS,0.750789394004931
IDN,2006,milex_pct_gdp,MS.MIL.XPND.GD.ZS,0.65870277762871
IDN,2007,milex_pct_gdp,MS.MIL.XPND.GD.ZS,0.71236193115127
IDN,2008,milex_pct_gdp,MS.MIL.XPND.GD.ZS,0.578945804493387
IDN,2009,milex_pct_gdp,MS.MIL.XPND.GD.ZS,0.571133891996423
IDN,2010,milex_pct_gdp,MS.MIL.XPND.GD.ZS,0.617587091951932
IDN,2011,milex_pct_gdp,MS.MIL.XPND.GD.ZS,0.653776702606807
IDN,2012,milex_pct_gdp,MS.MIL.XPND.GD.ZS,0.711549473406383
IDN,2013,milex_pct_gdp,MS.MIL.XPND.GD.ZS,0.918769839183066
IDN,2014,milex_pct_gdp,MS.MIL.XPND.GD.ZS,0.777855178232831
IDN,2015,milex_pct_gdp,MS.MIL.XPND.GD.ZS,0.882266734481239
IDN,2016,milex_pct_gdp,MS.MIL.XPND.GD.ZS,0.792220213496852
IDN,2017,milex_pct_gdp,MS.MIL.XPND.GD.ZS,0.865191376221992
IDN,2018,milex_pct_gdp,MS.MIL.XPND.GD.ZS,0.718928190476345
IDN,2019,milex_pct_gdp,MS.MIL.XPND.GD.ZS,0.728563743551525
IDN,2020,milex_pct_gdp,MS.MIL.XPND.GD.ZS,0.886277728854897
IDN,2021,milex_pct_gdp,MS.MIL.XPND.GD.ZS,0.741525844917975
IDN,2022,milex_pct_gdp,MS.MIL.XPND.GD.ZS,0.76801260357697
IDN,2023,milex_pct_gdp,MS.MIL.XPND.GD.ZS,0.821108120466812
IDN,2024,milex_pct_gdp,MS.MIL.XPND.GD.ZS,0.779216788275608
IND,1990,milex_pct_gdp,MS.MIL.XPND.GD.ZS,3.14621461029962
IND,1991,milex_pct_gdp,MS.MIL.XPND.GD.ZS,2.90997432764267
IND,1992,milex_pct_gdp,MS.MIL.XPND.GD.ZS,2.70483970561409
IND,1993,milex_pct_gdp,MS.MIL.XPND.GD.ZS,2.82354224568723
IND,1994,milex_pct_gdp,MS.MIL.XPND.GD.ZS,2.66467372708604
IND,1995,milex_pct_gdp,MS.MIL.XPND.GD.ZS,2.57848357246069
IND,1996,milex_pct_gdp,MS.MIL.XPND.GD.ZS,2.4727682254674
IND,1997,milex_pct_gdp,MS.MIL.XPND.GD.ZS,2.64773242601716
IND,1998,milex_pct_gdp,MS.MIL.XPND.GD.ZS,2.72731141679376
IND,1999,milex_pct_gdp,MS.MIL.XPND.GD.ZS,2.95719564743412
IND,2000,milex_pct_gdp,MS.MIL.XPND.GD.ZS,2.94892990622572
IND,2001,milex_pct_gdp,MS.MIL.XPND.GD.ZS,2.9244355462896
IND,2002,milex_pct_gdp,MS.MIL.XPND.GD.ZS,2.82686683045838
IND,2003,milex_pct_gdp,MS.MIL.XPND.GD.ZS,2.67777693222748
IND,2004,milex_pct_gdp,MS.MIL.XPND.GD.ZS,2.82875224798105
IND,2005,milex_pct_gdp,MS.MIL.XPND.GD.ZS,2.91058750164482
IND,2006,milex_pct_gdp,MS.MIL.XPND.GD.ZS,2.68038156022763
IND,2007,milex_pct_gdp,MS.MIL.XPND.GD.ZS,2.47824652803557
IND,2008,milex_pct_gdp,MS.MIL.XPND.GD.ZS,2.63146078124112
IND,2009,milex_pct_gdp,MS.MIL.XPND.GD.ZS,3.12938472737472
IND,2010,milex_pct_gdp,MS.MIL.XPND.GD.ZS,2.88946327164641
IND,2011,milex_pct_gdp,MS.MIL.XPND.GD.ZS,2.70448222276966
IND,2012,milex_pct_gdp,MS.MIL.XPND.GD.ZS,2.61816634758562
IND,2013,milex_pct_gdp,MS.MIL.XPND.GD.ZS,2.5488248901417
IND,2014,milex_pct_gdp,MS.MIL.XPND.GD.ZS,2.54398176462257
IND,2015,milex_pct_gdp,MS.MIL.XPND.GD.ZS,2.45745006060163
IND,2016,milex_pct_gdp,MS.MIL.XPND.GD.ZS,2.54315152114541
IND,2017,milex_pct_gdp,MS.MIL.XPND.GD.ZS,2.53151136056791
IND,2018,milex_pct_gdp,MS.MIL.XPND.GD.ZS,2.42428452604417
IND,2019,milex_pct_gdp,MS.MIL.XPND.GD.ZS,2.5459982314359
IND,2020,milex_pct_gdp,MS.MIL.XPND.GD.ZS,2.80361581112679
IND,2021,milex_pct_gdp,MS.MIL.XPND.GD.ZS,2.46874153034185
IND,2022,milex_pct_gdp,MS.MIL.XPND.GD.ZS,2.38309809835882
IND,2023,milex_pct_gdp,MS.MIL.XPND.GD.ZS,2.35679426678262
IND,2024,milex_pct_gdp,MS.MIL.XPND.GD.ZS,2.2712033218142
IRL,1990,milex_pct_gdp,MS.MIL.XPND.GD.ZS,1.20350328404375
IRL,1991,milex_pct_gdp,MS.MIL.XPND.GD.ZS,1.25393531255992
IRL,1992,milex_pct_gdp,MS.MIL.XPND.GD.ZS,1.20411854985202
IRL,1993,milex_pct_gdp,MS.MIL.XPND.GD.ZS,1.13922514870102
IRL,1994,milex_pct_gdp,MS.MIL.XPND.GD.ZS,1.10873259118524
IRL,1995,milex_pct_gdp,MS.MIL.XPND.GD.ZS,1.01536302332693
IRL,1996,milex_pct_gdp,MS.MIL.XPND.GD.ZS,0.990896265766987
IRL,1997,milex_pct_gdp,MS.MIL.XPND.GD.ZS,0.923621423991217
IRL,1998,milex_pct_gdp,MS.MIL.XPND.GD.ZS,0.823067638264075
IRL,1999,milex_pct_gdp,MS.MIL.XPND.GD.ZS,0.75007656936
IRL,2000,milex_pct_gdp,MS.MIL.XPND.GD.ZS,0.694961052162033
IRL,2001,milex_pct_gdp,MS.MIL.XPND.GD.ZS,0.702765014395844
IRL,2002,milex_pct_gdp,MS.MIL.XPND.GD.ZS,0.63383334613874
IRL,2003,milex_pct_gdp,MS.MIL.XPND.GD.ZS,0.587456023721602
IRL,2004,milex_pct_gdp,MS.MIL.XPND.GD.ZS,0.567899833158286
IRL,2005,milex_pct_gdp,MS.MIL.XPND.GD.ZS,0.540612698817302
IRL,2006,milex_pct_gdp,MS.MIL.XPND.GD.ZS,0.513151243889595
IRL,2007,milex_pct_gdp,MS.MIL.XPND.GD.ZS,0.508754794256741
IRL,2008,milex_pct_gdp,MS.MIL.XPND.GD.ZS,0.57698781953157
IRL,2009,milex_pct_gdp,MS.MIL.XPND.GD.ZS,0.601169019780089
IRL,2010,milex_pct_gdp,MS.MIL.XPND.GD.ZS,0.574574154033988
IRL,2011,milex_pct_gdp,MS.MIL.XPND.GD.ZS,0.539508228229788
IRL,2012,milex_pct_gdp,MS.MIL.XPND.GD.ZS,0.509289132793347
IRL,2013,milex_pct_gdp,MS.MIL.XPND.GD.ZS,0.49161342312128
IRL,2014,milex_pct_gdp,MS.MIL.XPND.GD.ZS,0.447668415911946
IRL,2015,milex_pct_gdp,MS.MIL.XPND.GD.ZS,0.329854616599638
IRL,2016,milex_pct_gdp,MS.MIL.XPND.GD.ZS,0.327907586700795
IRL,2017,milex_pct_gdp,MS.MIL.XPND.GD.ZS,0.296120745416758
IRL,2018,milex_pct_gdp,MS.MIL.XPND.GD.ZS,0.280112255033866
IRL,2019,milex_pct_gdp,MS.MIL.XPND.GD.ZS,0.273293508559262
IRL,2020,milex_pct_gdp,MS.MIL.XPND.GD.ZS,0.262684777602834
IRL,2021,milex_pct_gdp,MS.MIL.XPND.GD.ZS,0.238637692712824
IRL,2022,milex_pct_gdp,MS.MIL.XPND.GD.ZS,0.212502380914468
IRL,2023,milex_pct_gdp,MS.MIL.XPND.GD.ZS,0.230374711003044
IRL,2024,milex_pct_gdp,MS.MIL.XPND.GD.ZS,0.239096332495524
IRN,1990,milex_pct_gdp,MS.MIL.XPND.GD.ZS,2.94265012534759
IRN,1991,milex_pct_gdp,MS.MIL.XPND.GD.ZS,2.16970796657052
IRN,1992,milex_pct_gdp,MS.MIL.XPND.GD.ZS,1.78930544437356
IRN,1993,milex_pct_gdp,MS.MIL.XPND.GD.ZS,1.70036120174971
IRN,1994,milex_pct_gdp,MS.MIL.XPND.GD.ZS,2.07301000512615
IRN,1995,milex_pct_gdp,MS.MIL.XPND.GD.ZS,2.15416588498039
IRN,1996,milex_pct_gdp,MS.MIL.XPND.GD.ZS,2.24486451064281
IRN,1997,milex_pct_gdp,MS.MIL.XPND.GD.ZS,2.49887472505777
IRN,1998,milex_pct_gdp,MS.MIL.XPND.GD.ZS,2.62907924769004
IRN,1999,milex_pct_gdp,MS.MIL.XPND.GD.ZS,2.40455173780106
IRN,2000,milex_pct_gdp,MS.MIL.XPND.GD.ZS,2.29504222152572
IRN,2001,milex_pct_gdp,MS.MIL.XPND.GD.ZS,2.41817929679324
IRN,2002,milex_pct_gdp,MS.MIL.XPND.GD.ZS,2.17457636612743
IRN,2003,milex_pct_gdp,MS.MIL.XPND.GD.ZS,2.4050402653569
IRN,2004,milex_pct_gdp,MS.MIL.XPND.GD.ZS,2.83455780463948
IRN,2005,milex_pct_gdp,MS.MIL.XPND.GD.ZS,3.03665449804817
IRN,2006,milex_pct_gdp,MS.MIL.XPND.GD.ZS,3.31519380033441
IRN,2007,milex_pct_gdp,MS.MIL.XPND.GD.ZS,2.65398282115891
IRN,2008,milex_pct_gdp,MS.MIL.XPND.GD.ZS,2.68334192055637
IRN,2009,milex_pct_gdp,MS.MIL.XPND.GD.ZS,3.04770554917662
IRN,2010,milex_pct_gdp,MS.MIL.XPND.GD.ZS,2.7865480606164
IRN,2011,milex_pct_gdp,MS.MIL.XPND.GD.ZS,2.38163454250427
IRN,2012,milex_pct_gdp,MS.MIL.XPND.GD.ZS,2.68660846849974
IRN,2013,milex_pct_gdp,MS.MIL.XPND.GD.ZS,2.18077190909837
IRN,2014,milex_pct_gdp,MS.MIL.XPND.GD.ZS,2.11655706144949
IRN,2015,milex_pct_gdp,MS.MIL.XPND.GD.ZS,2.55709080686915
IRN,2016,milex_pct_gdp,MS.MIL.XPND.GD.ZS,2.79643556281004
IRN,2017,milex_pct_gdp,MS.MIL.XPND.GD.ZS,2.8443384495596
IRN,2018,milex_pct_gdp,MS.MIL.XPND.GD.ZS,2.35629488324383
IRN,2019,milex_pct_gdp,MS.MIL.XPND.GD.ZS,2.14694745014838
IRN,2020,milex_pct_gdp,MS.MIL.XPND.GD.ZS,2.17701027609522
IRN,2021,milex_pct_gdp,MS.MIL.XPND.GD.ZS,2.22394282528392
IRN,2022,milex_pct_gdp,MS.MIL.XPND.GD.ZS,2.11062130699384
IRN,2023,milex_pct_gdp,MS.MIL.XPND.GD.ZS,2.35179187276968
IRN,2024,milex_pct_gdp,MS.MIL.XPND.GD.ZS,2.01043175751636
IRQ,2004,milex_pct_gdp,MS.MIL.XPND.GD.ZS,1.67557807777108
IRQ,2005,milex_pct_gdp,MS.MIL.XPND.GD.ZS,2.24258030532454
IRQ,2006,milex_pct_gdp,MS.MIL.XPND.GD.ZS,1.89757172208062
IRQ,2007,milex_pct_gdp,MS.MIL.XPND.GD.ZS,2.23992802514508
IRQ,2008,milex_pct_gdp,MS.MIL.XPND.GD.ZS,2.36775982414374
IRQ,2009,milex_pct_gdp,MS.MIL.XPND.GD.ZS,2.89914007639814
IRQ,2010,milex_pct_gdp,MS.MIL.XPND.GD.ZS,2.70935227972459
IRQ,2011,milex_pct_gdp,MS.MIL.XPND.GD.ZS,2.30344021962536
IRQ,2012,milex_pct_gdp,MS.MIL.XPND.GD.ZS,1.89956836613945
IRQ,2013,milex_pct_gdp,MS.MIL.XPND.GD.ZS,3.31583096149399
IRQ,2014,milex_pct_gdp,MS.MIL.XPND.GD.ZS,2.9506139914123
IRQ,2015,milex_pct_gdp,MS.MIL.XPND.GD.ZS,5.41292532011925
IRQ,2016,milex_pct_gdp,MS.MIL.XPND.GD.ZS,3.55013476903527
IRQ,2017,milex_pct_gdp,MS.MIL.XPND.GD.ZS,3.90898492056515
IRQ,2018,milex_pct_gdp,MS.MIL.XPND.GD.ZS,2.75172485497662
IRQ,2019,milex_pct_gdp,MS.MIL.XPND.GD.ZS,3.23719485045446
IRQ,2020,milex_pct_gdp,MS.MIL.XPND.GD.ZS,3.11217889939661
IRQ,2021,milex_pct_gdp,MS.MIL.XPND.GD.ZS,2.26111174702371
IRQ,2022,milex_pct_gdp,MS.MIL.XPND.GD.ZS,1.64001134527485
IRQ,2023,milex_pct_gdp,MS.MIL.XPND.GD.ZS,2.26269486919183
IRQ,2024,milex_pct_gdp,MS.MIL.XPND.GD.ZS,2.35714058035714
ISR,1990,milex_pct_gdp,MS.MIL.XPND.GD.ZS,12.362686187267
ISR,1991,milex_pct_gdp,MS.MIL.XPND.GD.ZS,15.5869829136602
ISR,1992,milex_pct_gdp,MS.MIL.XPND.GD.ZS,10.925077527679
ISR,1993,milex_pct_gdp,MS.MIL.XPND.GD.ZS,11.5232439907469
ISR,1994,milex_pct_gdp,MS.MIL.XPND.GD.ZS,10.1199658353758
ISR,1995,milex_pct_gdp,MS.MIL.XPND.GD.ZS,7.52795654363498
ISR,1996,milex_pct_gdp,MS.MIL.XPND.GD.ZS,7.37917726384435
ISR,1997,milex_pct_gdp,MS.MIL.XPND.GD.ZS,7.17952158691366
ISR,1998,milex_pct_gdp,MS.MIL.XPND.GD.ZS,6.71359953153999
ISR,1999,milex_pct_gdp,MS.MIL.XPND.GD.ZS,6.30231351836919
ISR,2000,milex_pct_gdp,MS.MIL.XPND.GD.ZS,6.10001984652015
ISR,2001,milex_pct_gdp,MS.MIL.XPND.GD.ZS,6.29993225373241
ISR,2002,milex_pct_gdp,MS.MIL.XPND.GD.ZS,6.36795930501003
ISR,2003,milex_pct_gdp,MS.MIL.XPND.GD.ZS,6.25286591975287
ISR,2004,milex_pct_gdp,MS.MIL.XPND.GD.ZS,6.13940696015944
ISR,2005,milex_pct_gdp,MS.MIL.XPND.GD.ZS,6.05115990349017
ISR,2006,milex_pct_gdp,MS.MIL.XPND.GD.ZS,5.85587278604162
ISR,2007,milex_pct_gdp,MS.MIL.XPND.GD.ZS,6.16232982826306
ISR,2008,milex_pct_gdp,MS.MIL.XPND.GD.ZS,6.23951148308826
ISR,2009,milex_pct_gdp,MS.MIL.XPND.GD.ZS,5.97664891131294
ISR,2010,milex_pct_gdp,MS.MIL.XPND.GD.ZS,5.78907528727422
ISR,2011,milex_pct_gdp,MS.MIL.XPND.GD.ZS,5.63236402188698
ISR,2012,milex_pct_gdp,MS.MIL.XPND.GD.ZS,5.51022054656508
ISR,2013,milex_pct_gdp,MS.MIL.XPND.GD.ZS,5.44373442389891
ISR,2014,milex_pct_gdp,MS.MIL.XPND.GD.ZS,5.63057461102748
ISR,2015,milex_pct_gdp,MS.MIL.XPND.GD.ZS,5.42297442402595
ISR,2016,milex_pct_gdp,MS.MIL.XPND.GD.ZS,5.41748768749926
ISR,2017,milex_pct_gdp,MS.MIL.XPND.GD.ZS,5.42682730712043
ISR,2018,milex_pct_gdp,MS.MIL.XPND.GD.ZS,5.28819717558874
ISR,2019,milex_pct_gdp,MS.MIL.XPND.GD.ZS,5.07212719116893
ISR,2020,milex_pct_gdp,MS.MIL.XPND.GD.ZS,5.27626408809404
ISR,2021,milex_pct_gdp,MS.MIL.XPND.GD.ZS,4.9349458892043
ISR,2022,milex_pct_gdp,MS.MIL.XPND.GD.ZS,4.43301220057923
ISR,2023,milex_pct_gdp,MS.MIL.XPND.GD.ZS,5.38479973351622
ISR,2024,milex_pct_gdp,MS.MIL.XPND.GD.ZS,8.77671668977531
ITA,1990,milex_pct_gdp,MS.MIL.XPND.GD.ZS,1.8807984132592
ITA,1991,milex_pct_gdp,MS.MIL.XPND.GD.ZS,1.85885268375554
ITA,1992,milex_pct_gdp,MS.MIL.XPND.GD.ZS,1.75197698347487
ITA,1993,milex_pct_gdp,MS.MIL.XPND.GD.ZS,1.7867679733127
ITA,1994,milex_pct_gdp,MS.MIL.XPND.GD.ZS,1.71374275955101
ITA,1995,milex_pct_gdp,MS.MIL.XPND.GD.ZS,1.45963717676225
ITA,1996,milex_pct_gdp,MS.MIL.XPND.GD.ZS,1.58142783542643
ITA,1997,milex_pct_gdp,MS.MIL.XPND.GD.ZS,1.61893523792895
ITA,1998,milex_pct_gdp,MS.MIL.XPND.GD.ZS,1.63621282256544
ITA,1999,milex_pct_gdp,MS.MIL.XPND.GD.ZS,1.67522558920443
ITA,2000,milex_pct_gdp,MS.MIL.XPND.GD.ZS,1.7333974080779
ITA,2001,milex_pct_gdp,MS.MIL.XPND.GD.ZS,1.66687444230505
ITA,2002,milex_pct_gdp,MS.MIL.XPND.GD.ZS,1.69394254893483
ITA,2003,milex_pct_gdp,MS.MIL.XPND.GD.ZS,1.69839951235756
ITA,2004,milex_pct_gdp,MS.MIL.XPND.GD.ZS,1.67228931403318
ITA,2005,milex_pct_gdp,MS.MIL.XPND.GD.ZS,1.59516123663349
ITA,2006,milex_pct_gdp,MS.MIL.XPND.GD.ZS,1.51434317166841
ITA,2007,milex_pct_gdp,MS.MIL.XPND.GD.ZS,1.44091823807458
ITA,2008,milex_pct_gdp,MS.MIL.XPND.GD.ZS,1.53005124720846
ITA,2009,milex_pct_gdp,MS.MIL.XPND.GD.ZS,1.54748909606347
ITA,2010,milex_pct_gdp,MS.MIL.XPND.GD.ZS,1.49431312454622
ITA,2011,milex_pct_gdp,MS.MIL.XPND.GD.ZS,1.46829220552997
ITA,2012,milex_pct_gdp,MS.MIL.XPND.GD.ZS,1.41946238544527
ITA,2013,milex_pct_gdp,MS.MIL.XPND.GD.ZS,1.39167747666985
ITA,2014,milex_pct_gdp,MS.MIL.XPND.GD.ZS,1.27633070266495
ITA,2015,milex_pct_gdp,MS.MIL.XPND.GD.ZS,1.20247316488401
ITA,2016,milex_pct_gdp,MS.MIL.XPND.GD.ZS,1.32773387933426
ITA,2017,milex_pct_gdp,MS.MIL.XPND.GD.ZS,1.35122350161336
ITA,2018,milex_pct_gdp,MS.MIL.XPND.GD.ZS,1.35443317948295
ITA,2019,milex_pct_gdp,MS.MIL.XPND.GD.ZS,1.30611671363832
ITA,2020,milex_pct_gdp,MS.MIL.XPND.GD.ZS,1.72984958969454
ITA,2021,milex_pct_gdp,MS.MIL.XPND.GD.ZS,1.66286387777873
ITA,2022,milex_pct_gdp,MS.MIL.XPND.GD.ZS,1.65164252620196
ITA,2023,milex_pct_gdp,MS.MIL.XPND.GD.ZS,1.60646040928357
ITA,2024,milex_pct_gdp,MS.MIL.XPND.GD.ZS,1.60924561245844
JPN,1990,milex_pct_gdp,MS.MIL.XPND.GD.ZS,0.941791766132693
JPN,1991,milex_pct_gdp,MS.MIL.XPND.GD.ZS,0.940821904384541
JPN,1992,milex_pct_gdp,MS.MIL.XPND.GD.ZS,0.948312440331709
JPN,1993,milex_pct_gdp,MS.MIL.XPND.GD.ZS,0.950663824755226
JPN,1994,milex_pct_gdp,MS.MIL.XPND.GD.ZS,0.905931358699237
JPN,1995,milex_pct_gdp,MS.MIL.XPND.GD.ZS,0.90093030549817
JPN,1996,milex_pct_gdp,MS.MIL.XPND.GD.ZS,0.894648972187736
JPN,1997,milex_pct_gdp,MS.MIL.XPND.GD.ZS,0.904515219581402
JPN,1998,milex_pct_gdp,MS.MIL.XPND.GD.ZS,0.923513329235146
JPN,1999,milex_pct_gdp,MS.MIL.XPND.GD.ZS,0.930179880124356
JPN,2000,milex_pct_gdp,MS.MIL.XPND.GD.ZS,0.91598559605623
JPN,2001,milex_pct_gdp,MS.MIL.XPND.GD.ZS,0.931672835040444
JPN,2002,milex_pct_gdp,MS.MIL.XPND.GD.ZS,0.940357532610132
JPN,2003,milex_pct_gdp,MS.MIL.XPND.GD.ZS,0.940046602477998
JPN,2004,milex_pct_gdp,MS.MIL.XPND.GD.ZS,0.92660402297468
JPN,2005,milex_pct_gdp,MS.MIL.XPND.GD.ZS,0.916916827733627
JPN,2006,milex_pct_gdp,MS.MIL.XPND.GD.ZS,0.9029884189667
JPN,2007,milex_pct_gdp,MS.MIL.XPND.GD.ZS,0.88498737572599
JPN,2008,milex_pct_gdp,MS.MIL.XPND.GD.ZS,0.907855045566342
JPN,2009,milex_pct_gdp,MS.MIL.XPND.GD.ZS,0.972969565505525
JPN,2010,milex_pct_gdp,MS.MIL.XPND.GD.ZS,0.94903257605427
JPN,2011,milex_pct_gdp,MS.MIL.XPND.GD.ZS,0.974823565427991
JPN,2012,milex_pct_gdp,MS.MIL.XPND.GD.ZS,0.956761841659896
JPN,2013,milex_pct_gdp,MS.MIL.XPND.GD.ZS,0.940538501428935
JPN,2014,milex_pct_gdp,MS.MIL.XPND.GD.ZS,0.957800914762225
JPN,2015,milex_pct_gdp,MS.MIL.XPND.GD.ZS,0.947283532698529
JPN,2016,milex_pct_gdp,MS.MIL.XPND.GD.ZS,0.929516775505971
JPN,2017,milex_pct_gdp,MS.MIL.XPND.GD.ZS,0.913229479099801
JPN,2018,milex_pct_gdp,MS.MIL.XPND.GD.ZS,0.962497363778907
JPN,2019,milex_pct_gdp,MS.MIL.XPND.GD.ZS,0.992231472747577
JPN,2020,milex_pct_gdp,MS.MIL.XPND.GD.ZS,1.01676127140466
JPN,2021,milex_pct_gdp,MS.MIL.XPND.GD.ZS,1.06384050244526
JPN,2022,milex_pct_gdp,MS.MIL.XPND.GD.ZS,1.00994395391657
JPN,2023,milex_pct_gdp,MS.MIL.XPND.GD.ZS,1.13954641785041
JPN,2024,milex_pct_gdp,MS.MIL.XPND.GD.ZS,1.37139689580634
KOR,1990,milex_pct_gdp,MS.MIL.XPND.GD.ZS,4.00230428922186
KOR,1991,milex_pct_gdp,MS.MIL.XPND.GD.ZS,3.71112784107967
KOR,1992,milex_pct_gdp,MS.MIL.XPND.GD.ZS,3.69027269027269
KOR,1993,milex_pct_gdp,MS.MIL.XPND.GD.ZS,3.41789483823914
KOR,1994,milex_pct_gdp,MS.MIL.XPND.GD.ZS,3.19275266895546
KOR,1995,milex_pct_gdp,MS.MIL.XPND.GD.ZS,2.8923329861881
KOR,1996,milex_pct_gdp,MS.MIL.XPND.GD.ZS,2.74347966333348
KOR,1997,milex_pct_gdp,MS.MIL.XPND.GD.ZS,2.66338780772064
KOR,1998,milex_pct_gdp,MS.MIL.XPND.GD.ZS,2.79444200391705
KOR,1999,milex_pct_gdp,MS.MIL.XPND.GD.ZS,2.49257721979611
KOR,2000,milex_pct_gdp,MS.MIL.XPND.GD.ZS,2.30986337128191
KOR,2001,milex_pct_gdp,MS.MIL.XPND.GD.ZS,2.28023381667517
KOR,2002,milex_pct_gdp,MS.MIL.XPND.GD.ZS,2.16944775379075
KOR,2003,milex_pct_gdp,MS.MIL.XPND.GD.ZS,2.17524124529532
KOR,2004,milex_pct_gdp,MS.MIL.XPND.GD.ZS,2.16578832442349
KOR,2005,milex_pct_gdp,MS.MIL.XPND.GD.ZS,2.28040178931092
KOR,2006,milex_pct_gdp,MS.MIL.XPND.GD.ZS,2.29892381866626
KOR,2007,milex_pct_gdp,MS.MIL.XPND.GD.ZS,2.27093537515891
KOR,2008,milex_pct_gdp,MS.MIL.XPND.GD.ZS,2.38850767922871
KOR,2009,milex_pct_gdp,MS.MIL.XPND.GD.ZS,2.49990153790778
KOR,2010,milex_pct_gdp,MS.MIL.XPND.GD.ZS,2.36122792330691
KOR,2011,milex_pct_gdp,MS.MIL.XPND.GD.ZS,2.37114288990647
KOR,2012,milex_pct_gdp,MS.MIL.XPND.GD.ZS,2.39205949733254
KOR,2013,milex_pct_gdp,MS.MIL.XPND.GD.ZS,2.39128707318548
KOR,2014,milex_pct_gdp,MS.MIL.XPND.GD.ZS,2.41327231110109
KOR,2015,milex_pct_gdp,MS.MIL.XPND.GD.ZS,2.3763712275445
KOR,2016,milex_pct_gdp,MS.MIL.XPND.GD.ZS,2.3357998421426
KOR,2017,milex_pct_gdp,MS.MIL.XPND.GD.ZS,2.29813107276094
KOR,2018,milex_pct_gdp,MS.MIL.XPND.GD.ZS,2.36150967895845
KOR,2019,milex_pct_gdp,MS.MIL.XPND.GD.ZS,2.51931997944066
KOR,2020,milex_pct_gdp,MS.MIL.XPND.GD.ZS,2.64297706902012
KOR,2021,milex_pct_gdp,MS.MIL.XPND.GD.ZS,2.61904941244001
KOR,2022,milex_pct_gdp,MS.MIL.XPND.GD.ZS,2.57642560395009
KOR,2023,milex_pct_gdp,MS.MIL.XPND.GD.ZS,2.59925771052554
KOR,2024,milex_pct_gdp,MS.MIL.XPND.GD.ZS,2.56205259386748
MEX,1990,milex_pct_gdp,MS.MIL.XPND.GD.ZS,0.433081035474032
MEX,1991,milex_pct_gdp,MS.MIL.XPND.GD.ZS,0.435402300782292
MEX,1992,milex_pct_gdp,MS.MIL.XPND.GD.ZS,0.469454655731209
MEX,1993,milex_pct_gdp,MS.MIL.XPND.GD.ZS,0.400441266975791
MEX,1994,milex_pct_gdp,MS.MIL.XPND.GD.ZS,0.476011477226271
MEX,1995,milex_pct_gdp,MS.MIL.XPND.GD.ZS,0.411044545371404
MEX,1996,milex_pct_gdp,MS.MIL.XPND.GD.ZS,0.43569107787377
MEX,1997,milex_pct_gdp,MS.MIL.XPND.GD.ZS,0.417243861215643
MEX,1998,milex_pct_gdp,MS.MIL.XPND.GD.ZS,0.405987604918763
MEX,1999,milex_pct_gdp,MS.MIL.XPND.GD.ZS,0.420263793911023
MEX,2000,milex_pct_gdp,MS.MIL.XPND.GD.ZS,0.4085181378342
MEX,2001,milex_pct_gdp,MS.MIL.XPND.GD.ZS,0.405679210443065
MEX,2002,milex_pct_gdp,MS.MIL.XPND.GD.ZS,0.391316389699324
MEX,2003,milex_pct_gdp,MS.MIL.XPND.GD.ZS,0.386714351968895
MEX,2004,milex_pct_gdp,MS.MIL.XPND.GD.ZS,0.348326583014086
MEX,2005,milex_pct_gdp,MS.MIL.XPND.GD.ZS,0.340404650226474
MEX,2006,milex_pct_gdp,MS.MIL.XPND.GD.ZS,0.297483414235144
MEX,2007,milex_pct_gdp,MS.MIL.XPND.GD.ZS,0.383092431979546
MEX,2008,milex_pct_gdp,MS.MIL.XPND.GD.ZS,0.37317675556547
MEX,2009,milex_pct_gdp,MS.MIL.XPND.GD.ZS,0.478488795822754
MEX,2010,milex_pct_gdp,MS.MIL.XPND.GD.ZS,0.433229899207479
MEX,2011,milex_pct_gdp,MS.MIL.XPND.GD.ZS,0.447386999972132
MEX,2012,milex_pct_gdp,MS.MIL.XPND.GD.ZS,0.455502051174913
MEX,2013,milex_pct_gdp,MS.MIL.XPND.GD.ZS,0.48764287589738
MEX,2014,milex_pct_gdp,MS.MIL.XPND.GD.ZS,0.495321031372806
MEX,2015,milex_pct_gdp,MS.MIL.XPND.GD.ZS,0.45074282393045
MEX,2016,milex_pct_gdp,MS.MIL.XPND.GD.ZS,0.480046272445401
MEX,2017,milex_pct_gdp,MS.MIL.XPND.GD.ZS,0.424849155540147
MEX,2018,milex_pct_gdp,MS.MIL.XPND.GD.ZS,0.464611544931539
MEX,2019,milex_pct_gdp,MS.MIL.XPND.GD.ZS,0.509337628297564
MEX,2020,milex_pct_gdp,MS.MIL.XPND.GD.ZS,0.717690608258695
MEX,2021,milex_pct_gdp,MS.MIL.XPND.GD.ZS,0.659404192954647
MEX,2022,milex_pct_gdp,MS.MIL.XPND.GD.ZS,0.685819352028866
MEX,2023,milex_pct_gdp,MS.MIL.XPND.GD.ZS,0.660371879752505
MEX,2024,milex_pct_gdp,MS.MIL.XPND.GD.ZS,0.893257529320534
MYS,1990,milex_pct_gdp,MS.MIL.XPND.GD.ZS,2.55540346486845
MYS,1991,milex_pct_gdp,MS.MIL.XPND.GD.ZS,3.19928362097037
MYS,1992,milex_pct_gdp,MS.MIL.XPND.GD.ZS,2.98642173584104
MYS,1993,milex_pct_gdp,MS.MIL.XPND.GD.ZS,2.87524536278848
MYS,1994,milex_pct_gdp,MS.MIL.XPND.GD.ZS,2.84711528130931
MYS,1995,milex_pct_gdp,MS.MIL.XPND.GD.ZS,2.7513451070467
MYS,1996,milex_pct_gdp,MS.MIL.XPND.GD.ZS,2.40056437500985
MYS,1997,milex_pct_gdp,MS.MIL.XPND.GD.ZS,2.08555865079224
MYS,1998,milex_pct_gdp,MS.MIL.XPND.GD.ZS,1.60533534809333
MYS,1999,milex_pct_gdp,MS.MIL.XPND.GD.ZS,2.10148156029312
MYS,2000,milex_pct_gdp,MS.MIL.XPND.GD.ZS,1.63467554804841
MYS,2001,milex_pct_gdp,MS.MIL.XPND.GD.ZS,2.0849228116252
MYS,2002,milex_pct_gdp,MS.MIL.XPND.GD.ZS,2.21913139689937
MYS,2003,milex_pct_gdp,MS.MIL.XPND.GD.ZS,2.61480673115727
MYS,2004,milex_pct_gdp,MS.MIL.XPND.GD.ZS,2.26306196840826
MYS,2005,milex_pct_gdp,MS.MIL.XPND.GD.ZS,2.17392904054248
MYS,2006,milex_pct_gdp,MS.MIL.XPND.GD.ZS,2.00759740140051
MYS,2007,milex_pct_gdp,MS.MIL.XPND.GD.ZS,1.95850253260823
MYS,2008,milex_pct_gdp,MS.MIL.XPND.GD.ZS,1.82484376549945
MYS,2009,milex_pct_gdp,MS.MIL.XPND.GD.ZS,1.87148694418887
MYS,2010,milex_pct_gdp,MS.MIL.XPND.GD.ZS,1.49021010582112
MYS,2011,milex_pct_gdp,MS.MIL.XPND.GD.ZS,1.55285313376988
MYS,2012,milex_pct_gdp,MS.MIL.XPND.GD.ZS,1.41333070740643
MYS,2013,milex_pct_gdp,MS.MIL.XPND.GD.ZS,1.49929579850642
MYS,2014,milex_pct_gdp,MS.MIL.XPND.GD.ZS,1.45511301633341
MYS,2015,milex_pct_gdp,MS.MIL.XPND.GD.ZS,1.50389842704146
MYS,2016,milex_pct_gdp,MS.MIL.XPND.GD.ZS,1.3843347942822
MYS,2017,milex_pct_gdp,MS.MIL.XPND.GD.ZS,1.10033460723613
MYS,2018,milex_pct_gdp,MS.MIL.XPND.GD.ZS,0.960104126677078
MYS,2019,milex_pct_gdp,MS.MIL.XPND.GD.ZS,0.893413280938052
MYS,2020,milex_pct_gdp,MS.MIL.XPND.GD.ZS,0.999653920235799
MYS,2021,milex_pct_gdp,MS.MIL.XPND.GD.ZS,0.982646998395369
MYS,2022,milex_pct_gdp,MS.MIL.XPND.GD.ZS,0.902025405170821
MYS,2023,milex_pct_gdp,MS.MIL.XPND.GD.ZS,0.981466758859051
MYS,2024,milex_pct_gdp,MS.MIL.XPND.GD.ZS,0.987556748730683
NGA,1990,milex_pct_gdp,MS.MIL.XPND.GD.ZS,0.833115305550364
NGA,1991,milex_pct_gdp,MS.MIL.XPND.GD.ZS,0.773691292368809
NGA,1992,milex_pct_gdp,MS.MIL.XPND.GD.ZS,0.564010709444363
NGA,1993,milex_pct_gdp,MS.MIL.XPND.GD.ZS,0.933218301724012
NGA,1994,milex_pct_gdp,MS.MIL.XPND.GD.ZS,0.781452287737133
NGA,1995,milex_pct_gdp,MS.MIL.XPND.GD.ZS,0.483558767048935
NGA,1996,milex_pct_gdp,MS.MIL.XPND.GD.ZS,0.406177811568832
NGA,1997,milex_pct_gdp,MS.MIL.XPND.GD.ZS,0.435835755422039
NGA,1998,milex_pct_gdp,MS.MIL.XPND.GD.ZS,0.548312392864221
NGA,1999,milex_pct_gdp,MS.MIL.XPND.GD.ZS,0.855415630326234
NGA,2000,milex_pct_gdp,MS.MIL.XPND.GD.ZS,0.543531645186578
NGA,2001,milex_pct_gdp,MS.MIL.XPND.GD.ZS,0.780315876986167
NGA,2002,milex_pct_gdp,MS.MIL.XPND.GD.ZS,0.95433804485135
NGA,2003,milex_pct_gdp,MS.MIL.XPND.GD.ZS,0.570707544874932
NGA,2004,milex_pct_gdp,MS.MIL.XPND.GD.ZS,0.490996769130759
NGA,2005,milex_pct_gdp,MS.MIL.XPND.GD.ZS,0.397422937174069
NGA,2006,milex_pct_gdp,MS.MIL.XPND.GD.ZS,0.348375434095589
NGA,2007,milex_pct_gdp,MS.MIL.XPND.GD.ZS,0.370354831159892
NGA,2008,milex_pct_gdp,MS.MIL.XPND.GD.ZS,0.489084134608938
NGA,2009,milex_pct_gdp,MS.MIL.XPND.GD.ZS,0.505855627592204
NGA,2010,milex_pct_gdp,MS.MIL.XPND.GD.ZS,0.539231118131693
NGA,2011,milex_pct_gdp,MS.MIL.XPND.GD.ZS,0.579227031040921
NGA,2012,milex_pct_gdp,MS.MIL.XPND.GD.ZS,0.504264930204985
NGA,2013,milex_pct_gdp,MS.MIL.XPND.GD.ZS,0.469695304520636
NGA,2014,milex_pct_gdp,MS.MIL.XPND.GD.ZS,0.414718776586509
NGA,2015,milex_pct_gdp,MS.MIL.XPND.GD.ZS,0.417636537730714
NGA,2016,milex_pct_gdp,MS.MIL.XPND.GD.ZS,0.432947784673169
NGA,2017,milex_pct_gdp,MS.MIL.XPND.GD.ZS,0.430671218863917
NGA,2018,milex_pct_gdp,MS.MIL.XPND.GD.ZS,0.506944517393582
NGA,2019,milex_pct_gdp,MS.MIL.XPND.GD.ZS,0.459170524387093
NGA,2020,milex_pct_gdp,MS.MIL.XPND.GD.ZS,0.632022913474166
NGA,2021,milex_pct_gdp,MS.MIL.XPND.GD.ZS,1.01270192678284
NGA,2022,milex_pct_gdp,MS.MIL.XPND.GD.ZS,0.650166691789414
NGA,2023,milex_pct_gdp,MS.MIL.XPND.GD.ZS,0.842654277365197
NGA,2024,milex_pct_gdp,MS.MIL.XPND.GD.ZS,0.555429367236392
NLD,1990,milex_pct_gdp,MS.MIL.XPND.GD.ZS,2.36901988510143
NLD,1991,milex_pct_gdp,MS.MIL.XPND.GD.ZS,2.24853153093843
NLD,1992,milex_pct_gdp,MS.MIL.XPND.GD.ZS,2.21300259630903
NLD,1993,milex_pct_gdp,MS.MIL.XPND.GD.ZS,2.02782940845455
NLD,1994,milex_pct_gdp,MS.MIL.XPND.GD.ZS,1.91306097545144
NLD,1995,milex_pct_gdp,MS.MIL.XPND.GD.ZS,1.76873757696223
NLD,1996,milex_pct_gdp,MS.MIL.XPND.GD.ZS,1.73454966695627
NLD,1997,milex_pct_gdp,MS.MIL.XPND.GD.ZS,1.63818103121788
NLD,1998,milex_pct_gdp,MS.MIL.XPND.GD.ZS,1.55853398473808
NLD,1999,milex_pct_gdp,MS.MIL.XPND.GD.ZS,1.56975125135966
NLD,2000,milex_pct_gdp,MS.MIL.XPND.GD.ZS,1.43342083323197
NLD,2001,milex_pct_gdp,MS.MIL.XPND.GD.ZS,1.43475082877619
NLD,2002,milex_pct_gdp,MS.MIL.XPND.GD.ZS,1.42155215440017
NLD,2003,milex_pct_gdp,MS.MIL.XPND.GD.ZS,1.43794632366222
NLD,2004,milex_pct_gdp,MS.MIL.XPND.GD.ZS,1.42068916216587
NLD,2005,milex_pct_gdp,MS.MIL.XPND.GD.ZS,1.39083240225484
NLD,2006,milex_pct_gdp,MS.MIL.XPND.GD.ZS,1.38651514016655
NLD,2007,milex_pct_gdp,MS.MIL.XPND.GD.ZS,1.34687487455341
NLD,2008,milex_pct_gdp,MS.MIL.XPND.GD.ZS,1.29710010302488
NLD,2009,milex_pct_gdp,MS.MIL.XPND.GD.ZS,1.38580992838475
NLD,2010,milex_pct_gdp,MS.MIL.XPND.GD.ZS,1.31752879372712
NLD,2011,milex_pct_gdp,MS.MIL.XPND.GD.ZS,1.27726127378573
NLD,2012,milex_pct_gdp,MS.MIL.XPND.GD.ZS,1.22552534668627
NLD,2013,milex_pct_gdp,MS.MIL.XPND.GD.ZS,1.1572088159419
NLD,2014,milex_pct_gdp,MS.MIL.XPND.GD.ZS,1.14761127983414
NLD,2015,milex_pct_gdp,MS.MIL.XPND.GD.ZS,1.11786033539529
NLD,2016,milex_pct_gdp,MS.MIL.XPND.GD.ZS,1.14449960079147
NLD,2017,milex_pct_gdp,MS.MIL.XPND.GD.ZS,1.13721447777951
NLD,2018,milex_pct_gdp,MS.MIL.XPND.GD.ZS,1.1961416179648
NLD,2019,milex_pct_gdp,MS.MIL.XPND.GD.ZS,1.29180842332848
NLD,2020,milex_pct_gdp,MS.MIL.XPND.GD.ZS,1.40607718904592
NLD,2021,milex_pct_gdp,MS.MIL.XPND.GD.ZS,1.36537490886658
NLD,2022,milex_pct_gdp,MS.MIL.XPND.GD.ZS,1.30419995572639
NLD,2023,milex_pct_gdp,MS.MIL.XPND.GD.ZS,1.44136515676766
NLD,2024,milex_pct_gdp,MS.MIL.XPND.GD.ZS,1.91642541759119
NOR,1990,milex_pct_gdp,MS.MIL.XPND.GD.ZS,2.8339918998321
NOR,1991,milex_pct_gdp,MS.MIL.XPND.GD.ZS,2.69755102919046
NOR,1992,milex_pct_gdp,MS.MIL.XPND.GD.ZS,2.90717052046937
NOR,1993,milex_pct_gdp,MS.MIL.XPND.GD.ZS,2.63361861863617
NOR,1994,milex_pct_gdp,MS.MIL.XPND.GD.ZS,2.67698123806063
NOR,1995,milex_pct_gdp,MS.MIL.XPND.GD.ZS,2.30745749830242
NOR,1996,milex_pct_gdp,MS.MIL.XPND.GD.ZS,2.16304215907884
NOR,1997,milex_pct_gdp,MS.MIL.XPND.GD.ZS,2.01605130811152
NOR,1998,milex_pct_gdp,MS.MIL.XPND.GD.ZS,2.15582766096953
NOR,1999,milex_pct_gdp,MS.MIL.XPND.GD.ZS,2.03788030128002
NOR,2000,milex_pct_gdp,MS.MIL.XPND.GD.ZS,1.70442346991516
NOR,2001,milex_pct_gdp,MS.MIL.XPND.GD.ZS,1.70223168580233
NOR,2002,milex_pct_gdp,MS.MIL.XPND.GD.ZS,2.07531910404726
NOR,2003,milex_pct_gdp,MS.MIL.XPND.GD.ZS,1.96940449912105
NOR,2004,milex_pct_gdp,MS.MIL.XPND.GD.ZS,1.84243477657857
NOR,2005,milex_pct_gdp,MS.MIL.XPND.GD.ZS,1.57588467314326
NOR,2006,milex_pct_gdp,MS.MIL.XPND.GD.ZS,1.44466802794409
NOR,2007,milex_pct_gdp,MS.MIL.XPND.GD.ZS,1.45917207799086
NOR,2008,milex_pct_gdp,MS.MIL.XPND.GD.ZS,1.37033371660879
NOR,2009,milex_pct_gdp,MS.MIL.XPND.GD.ZS,1.59690979918941
NOR,2010,milex_pct_gdp,MS.MIL.XPND.GD.ZS,1.50762795492815
NOR,2011,milex_pct_gdp,MS.MIL.XPND.GD.ZS,1.44252755140788
NOR,2012,milex_pct_gdp,MS.MIL.XPND.GD.ZS,1.39318999611811
NOR,2013,milex_pct_gdp,MS.MIL.XPND.GD.ZS,1.40525218139781
NOR,2014,milex_pct_gdp,MS.MIL.XPND.GD.ZS,1.46227942776465
NOR,2015,milex_pct_gdp,MS.MIL.XPND.GD.ZS,1.49812327266489
NOR,2016,milex_pct_gdp,MS.MIL.XPND.GD.ZS,1.61734383599671
NOR,2017,milex_pct_gdp,MS.MIL.XPND.GD.ZS,1.70515328594991
NOR,2018,milex_pct_gdp,MS.MIL.XPND.GD.ZS,1.71529737478335
NOR,2019,milex_pct_gdp,MS.MIL.XPND.GD.ZS,1.84373537818427
NOR,2020,milex_pct_gdp,MS.MIL.XPND.GD.ZS,1.96598369239436
NOR,2021,milex_pct_gdp,MS.MIL.XPND.GD.ZS,1.67632184694899
NOR,2022,milex_pct_gdp,MS.MIL.XPND.GD.ZS,1.46436961628818
NOR,2023,milex_pct_gdp,MS.MIL.XPND.GD.ZS,1.81314737150102
NOR,2024,milex_pct_gdp,MS.MIL.XPND.GD.ZS,2.09124111193175
PAK,1990,milex_pct_gdp,MS.MIL.XPND.GD.ZS,6.52232023523122
PAK,1991,milex_pct_gdp,MS.MIL.XPND.GD.ZS,6.57095278815428
PAK,1992,milex_pct_gdp,MS.MIL.XPND.GD.ZS,6.69818754925138
PAK,1993,milex_pct_gdp,MS.MIL.XPND.GD.ZS,6.42731262310377
PAK,1994,milex_pct_gdp,MS.MIL.XPND.GD.ZS,5.92354829296761
PAK,1995,milex_pct_gdp,MS.MIL.XPND.GD.ZS,5.82022528285793
PAK,1996,milex_pct_gdp,MS.MIL.XPND.GD.ZS,6.03716630506556
PAK,1997,milex_pct_gdp,MS.MIL.XPND.GD.ZS,5.6212164889017
PAK,1998,milex_pct_gdp,MS.MIL.XPND.GD.ZS,5.4150950442544
PAK,1999,milex_pct_gdp,MS.MIL.XPND.GD.ZS,5.18989926490607
PAK,2000,milex_pct_gdp,MS.MIL.XPND.GD.ZS,4.16872271381496
PAK,2001,milex_pct_gdp,MS.MIL.XPND.GD.ZS,3.87893394479455
PAK,2002,milex_pct_gdp,MS.MIL.XPND.GD.ZS,4.07377016787657
PAK,2003,milex_pct_gdp,MS.MIL.XPND.GD.ZS,4.09142718735613
PAK,2004,milex_pct_gdp,MS.MIL.XPND.GD.ZS,3.95603411669147
PAK,2005,milex_pct_gdp,MS.MIL.XPND.GD.ZS,3.89701939256291
PAK,2006,milex_pct_gdp,MS.MIL.XPND.GD.ZS,3.64525520437771
PAK,2007,milex_pct_gdp,MS.MIL.XPND.GD.ZS,3.51198610011098
PAK,2008,milex_pct_gdp,MS.MIL.XPND.GD.ZS,3.45937100362745
PAK,2009,milex_pct_gdp,MS.MIL.XPND.GD.ZS,3.26522399322955
PAK,2010,milex_pct_gdp,MS.MIL.XPND.GD.ZS,3.04189326480607
PAK,2011,milex_pct_gdp,MS.MIL.XPND.GD.ZS,2.91924318438144
PAK,2012,milex_pct_gdp,MS.MIL.XPND.GD.ZS,3.09577353673779
PAK,2013,milex_pct_gdp,MS.MIL.XPND.GD.ZS,3.08802003540329
PAK,2014,milex_pct_gdp,MS.MIL.XPND.GD.ZS,3.09657969704779
PAK,2015,milex_pct_gdp,MS.MIL.XPND.GD.ZS,3.16298664508296
PAK,2016,milex_pct_gdp,MS.MIL.XPND.GD.ZS,3.20377671550622
PAK,2017,milex_pct_gdp,MS.MIL.XPND.GD.ZS,3.36444910317801
PAK,2018,milex_pct_gdp,MS.MIL.XPND.GD.ZS,3.58696176378502
PAK,2019,milex_pct_gdp,MS.MIL.XPND.GD.ZS,3.50584031595126
PAK,2020,milex_pct_gdp,MS.MIL.XPND.GD.ZS,3.48667909020303
PAK,2021,milex_pct_gdp,MS.MIL.XPND.GD.ZS,3.38923879613996
PAK,2022,milex_pct_gdp,MS.MIL.XPND.GD.ZS,3.17683202352522
PAK,2023,milex_pct_gdp,MS.MIL.XPND.GD.ZS,2.88079974069692
PAK,2024,milex_pct_gdp,MS.MIL.XPND.GD.ZS,2.66760037007452
PHL,1990,milex_pct_gdp,MS.MIL.XPND.GD.ZS,2.14724666740931
PHL,1991,milex_pct_gdp,MS.MIL.XPND.GD.ZS,2.01072106794016
PHL,1992,milex_pct_gdp,MS.MIL.XPND.GD.ZS,2.03646157033354
PHL,1993,milex_pct_gdp,MS.MIL.XPND.GD.ZS,2.15753564016657
PHL,1994,milex_pct_gdp,MS.MIL.XPND.GD.ZS,2.17244658668699
PHL,1995,milex_pct_gdp,MS.MIL.XPND.GD.ZS,2.29413153545476
PHL,1996,milex_pct_gdp,MS.MIL.XPND.GD.ZS,2.2684076761575
PHL,1997,milex_pct_gdp,MS.MIL.XPND.GD.ZS,1.9144613761672
PHL,1998,milex_pct_gdp,MS.MIL.XPND.GD.ZS,1.69729337975318
PHL,1999,milex_pct_gdp,MS.MIL.XPND.GD.ZS,1.61577584612539
PHL,2000,milex_pct_gdp,MS.MIL.XPND.GD.ZS,1.60822662086796
PHL,2001,milex_pct_gdp,MS.MIL.XPND.GD.ZS,1.4713788325538
PHL,2002,milex_pct_gdp,MS.MIL.XPND.GD.ZS,1.47389018793368
PHL,2003,milex_pct_gdp,MS.MIL.XPND.GD.ZS,1.55084482917909
PHL,2004,milex_pct_gdp,MS.MIL.XPND.GD.ZS,1.36062650970663
PHL,2005,milex_pct_gdp,MS.MIL.XPND.GD.ZS,1.27788393643261
PHL,2006,milex_pct_gdp,MS.MIL.XPND.GD.ZS,1.2590953916093
PHL,2007,milex_pct_gdp,MS.MIL.XPND.GD.ZS,1.29142591630931
PHL,2008,milex_pct_gdp,MS.MIL.XPND.GD.ZS,1.25032908798354
PHL,2009,milex_pct_gdp,MS.MIL.XPND.GD.ZS,1.2023233937147
PHL,2010,milex_pct_gdp,MS.MIL.XPND.GD.ZS,1.17013220060251
PHL,2011,milex_pct_gdp,MS.MIL.XPND.GD.ZS,1.15341455205701
PHL,2012,milex_pct_gdp,MS.MIL.XPND.GD.ZS,1.10670418975985
PHL,2013,milex_pct_gdp,MS.MIL.XPND.GD.ZS,1.18950172893764
PHL,2014,milex_pct_gdp,MS.MIL.XPND.GD.ZS,1.04312706559466
PHL,2015,milex_pct_gdp,MS.MIL.XPND.GD.ZS,1.08846303958172
PHL,2016,milex_pct_gdp,MS.MIL.XPND.GD.ZS,1.04558514673889
PHL,2017,milex_pct_gdp,MS.MIL.XPND.GD.ZS,1.16796083355235
PHL,2018,milex_pct_gdp,MS.MIL.XPND.GD.ZS,1.18424717696738
PHL,2019,milex_pct_gdp,MS.MIL.XPND.GD.ZS,1.13133132483668
PHL,2020,milex_pct_gdp,MS.MIL.XPND.GD.ZS,1.29724003910725
PHL,2021,milex_pct_gdp,MS.MIL.XPND.GD.ZS,1.40682254131819
PHL,2022,milex_pct_gdp,MS.MIL.XPND.GD.ZS,1.31630135538263
PHL,2023,milex_pct_gdp,MS.MIL.XPND.GD.ZS,1.17630268153778
PHL,2024,milex_pct_gdp,MS.MIL.XPND.GD.ZS,1.32426895346612
POL,1990,milex_pct_gdp,MS.MIL.XPND.GD.ZS,2.61248574350627
POL,1991,milex_pct_gdp,MS.MIL.XPND.GD.ZS,2.25165022520211
POL,1992,milex_pct_gdp,MS.MIL.XPND.GD.ZS,2.23099944320713
POL,1993,milex_pct_gdp,MS.MIL.XPND.GD.ZS,2.46918731544486
POL,1994,milex_pct_gdp,MS.MIL.XPND.GD.ZS,2.27323210335054
POL,1995,milex_pct_gdp,MS.MIL.XPND.GD.ZS,1.90379957330223
POL,1996,milex_pct_gdp,MS.MIL.XPND.GD.ZS,1.91739242748542
POL,1997,milex_pct_gdp,MS.MIL.XPND.GD.ZS,1.99649463419658
POL,1998,milex_pct_gdp,MS.MIL.XPND.GD.ZS,1.9916575833585
POL,1999,milex_pct_gdp,MS.MIL.XPND.GD.ZS,1.89014224685951
POL,2000,milex_pct_gdp,MS.MIL.XPND.GD.ZS,1.81904535107873
POL,2001,milex_pct_gdp,MS.MIL.XPND.GD.ZS,1.89270410859475
POL,2002,milex_pct_gdp,MS.MIL.XPND.GD.ZS,1.89097402916196
POL,2003,milex_pct_gdp,MS.MIL.XPND.GD.ZS,1.89890364834865
POL,2004,milex_pct_gdp,MS.MIL.XPND.GD.ZS,1.86469356337462
POL,2005,milex_pct_gdp,MS.MIL.XPND.GD.ZS,1.92065181170108
POL,2006,milex_pct_gdp,MS.MIL.XPND.GD.ZS,1.9136927914289
POL,2007,milex_pct_gdp,MS.MIL.XPND.GD.ZS,1.99879774345695
POL,2008,milex_pct_gdp,MS.MIL.XPND.GD.ZS,1.74555706324845
POL,2009,milex_pct_gdp,MS.MIL.XPND.GD.ZS,1.79268764302392
POL,2010,milex_pct_gdp,MS.MIL.XPND.GD.ZS,1.83851836437415
POL,2011,milex_pct_gdp,MS.MIL.XPND.GD.ZS,1.79131485643585
POL,2012,milex_pct_gdp,MS.MIL.XPND.GD.ZS,1.80404649861118
POL,2013,milex_pct_gdp,MS.MIL.XPND.GD.ZS,1.7900581767381
POL,2014,milex_pct_gdp,MS.MIL.XPND.GD.ZS,1.90822735552002
POL,2015,milex_pct_gdp,MS.MIL.XPND.GD.ZS,2.12742384353358
POL,2016,milex_pct_gdp,MS.MIL.XPND.GD.ZS,1.93589358828699
POL,2017,milex_pct_gdp,MS.MIL.XPND.GD.ZS,1.88828727046187
POL,2018,milex_pct_gdp,MS.MIL.XPND.GD.ZS,2.02472821822818
POL,2019,milex_pct_gdp,MS.MIL.XPND.GD.ZS,1.95338318505019
POL,2020,milex_pct_gdp,MS.MIL.XPND.GD.ZS,2.26305371895405
POL,2021,milex_pct_gdp,MS.MIL.XPND.GD.ZS,2.21716328801834
POL,2022,milex_pct_gdp,MS.MIL.XPND.GD.ZS,2.20458906428882
POL,2023,milex_pct_gdp,MS.MIL.XPND.GD.ZS,3.26980459253118
POL,2024,milex_pct_gdp,MS.MIL.XPND.GD.ZS,4.15439387975356
PRT,1990,milex_pct_gdp,MS.MIL.XPND.GD.ZS,1.840828125429
PRT,1991,milex_pct_gdp,MS.MIL.XPND.GD.ZS,1.82995478165992
PRT,1992,milex_pct_gdp,MS.MIL.XPND.GD.ZS,1.80524410002279
PRT,1993,milex_pct_gdp,MS.MIL.XPND.GD.ZS,1.78650706580181
PRT,1994,milex_pct_gdp,MS.MIL.XPND.GD.ZS,1.68121275838708
PRT,1995,milex_pct_gdp,MS.MIL.XPND.GD.ZS,1.70715787362033
PRT,1996,milex_pct_gdp,MS.MIL.XPND.GD.ZS,1.60164031322082
PRT,1997,milex_pct_gdp,MS.MIL.XPND.GD.ZS,1.54154760574092
PRT,1998,milex_pct_gdp,MS.MIL.XPND.GD.ZS,1.42301869395635
PRT,1999,milex_pct_gdp,MS.MIL.XPND.GD.ZS,1.42626993965458
PRT,2000,milex_pct_gdp,MS.MIL.XPND.GD.ZS,1.4070359633161
PRT,2001,milex_pct_gdp,MS.MIL.XPND.GD.ZS,1.44506185476172
PRT,2002,milex_pct_gdp,MS.MIL.XPND.GD.ZS,1.4648125666589
PRT,2003,milex_pct_gdp,MS.MIL.XPND.GD.ZS,1.43358027472409
PRT,2004,milex_pct_gdp,MS.MIL.XPND.GD.ZS,1.50609147993081
PRT,2005,milex_pct_gdp,MS.MIL.XPND.GD.ZS,1.59379180313443
PRT,2006,milex_pct_gdp,MS.MIL.XPND.GD.ZS,1.51208523296058
PRT,2007,milex_pct_gdp,MS.MIL.XPND.GD.ZS,1.37790810197484
PRT,2008,milex_pct_gdp,MS.MIL.XPND.GD.ZS,1.41594674624287
PRT,2009,milex_pct_gdp,MS.MIL.XPND.GD.ZS,1.53406376621365
PRT,2010,milex_pct_gdp,MS.MIL.XPND.GD.ZS,1.48615299877848
PRT,2011,milex_pct_gdp,MS.MIL.XPND.GD.ZS,1.48992161044294
PRT,2012,milex_pct_gdp,MS.MIL.XPND.GD.ZS,1.40383146309083
PRT,2013,milex_pct_gdp,MS.MIL.XPND.GD.ZS,1.43957267155316
PRT,2014,milex_pct_gdp,MS.MIL.XPND.GD.ZS,1.30668261277534
PRT,2015,milex_pct_gdp,MS.MIL.XPND.GD.ZS,1.32892803352448
PRT,2016,milex_pct_gdp,MS.MIL.XPND.GD.ZS,1.54200474856982
PRT,2017,milex_pct_gdp,MS.MIL.XPND.GD.ZS,1.23983975869036
PRT,2018,milex_pct_gdp,MS.MIL.XPND.GD.ZS,1.34147881873726
PRT,2019,milex_pct_gdp,MS.MIL.XPND.GD.ZS,1.37395750042211
PRT,2020,milex_pct_gdp,MS.MIL.XPND.GD.ZS,1.42613611053982
PRT,2021,milex_pct_gdp,MS.MIL.XPND.GD.ZS,1.51644104082545
PRT,2022,milex_pct_gdp,MS.MIL.XPND.GD.ZS,1.38999857860246
PRT,2023,milex_pct_gdp,MS.MIL.XPND.GD.ZS,1.46642848168082
PRT,2024,milex_pct_gdp,MS.MIL.XPND.GD.ZS,1.53226822745255
ROU,1990,milex_pct_gdp,MS.MIL.XPND.GD.ZS,4.54741504925103
ROU,1991,milex_pct_gdp,MS.MIL.XPND.GD.ZS,4.77333466430117
ROU,1992,milex_pct_gdp,MS.MIL.XPND.GD.ZS,4.24768251683067
ROU,1993,milex_pct_gdp,MS.MIL.XPND.GD.ZS,2.74060801469377
ROU,1994,milex_pct_gdp,MS.MIL.XPND.GD.ZS,3.11472840805896
ROU,1995,milex_pct_gdp,MS.MIL.XPND.GD.ZS,2.61344768528808
ROU,1996,milex_pct_gdp,MS.MIL.XPND.GD.ZS,2.36907292563377
ROU,1997,milex_pct_gdp,MS.MIL.XPND.GD.ZS,3.01764996200519
ROU,1998,milex_pct_gdp,MS.MIL.XPND.GD.ZS,3.00417486391887
ROU,1999,milex_pct_gdp,MS.MIL.XPND.GD.ZS,2.64025926740376
ROU,2000,milex_pct_gdp,MS.MIL.XPND.GD.ZS,2.49891418426016
ROU,2001,milex_pct_gdp,MS.MIL.XPND.GD.ZS,2.4207451879196
ROU,2002,milex_pct_gdp,MS.MIL.XPND.GD.ZS,2.28729607547664
ROU,2003,milex_pct_gdp,MS.MIL.XPND.GD.ZS,2.08848713354877
ROU,2004,milex_pct_gdp,MS.MIL.XPND.GD.ZS,2.00765756131918
ROU,2005,milex_pct_gdp,MS.MIL.XPND.GD.ZS,2.00699360911993
ROU,2006,milex_pct_gdp,MS.MIL.XPND.GD.ZS,1.84512546001227
ROU,2007,milex_pct_gdp,MS.MIL.XPND.GD.ZS,1.49361825981328
ROU,2008,milex_pct_gdp,MS.MIL.XPND.GD.ZS,1.39998436558161
ROU,2009,milex_pct_gdp,MS.MIL.XPND.GD.ZS,1.27806961233722
ROU,2010,milex_pct_gdp,MS.MIL.XPND.GD.ZS,1.22697660697606
ROU,2011,milex_pct_gdp,MS.MIL.XPND.GD.ZS,1.23556866931776
ROU,2012,milex_pct_gdp,MS.MIL.XPND.GD.ZS,1.17392522752233
ROU,2013,milex_pct_gdp,MS.MIL.XPND.GD.ZS,1.29223076714816
ROU,2014,milex_pct_gdp,MS.MIL.XPND.GD.ZS,1.3476637836228
ROU,2015,milex_pct_gdp,MS.MIL.XPND.GD.ZS,1.45071824376782
ROU,2016,milex_pct_gdp,MS.MIL.XPND.GD.ZS,1.42770454147789
ROU,2017,milex_pct_gdp,MS.MIL.XPND.GD.ZS,1.73375510218939
ROU,2018,milex_pct_gdp,MS.MIL.XPND.GD.ZS,1.79144423500295
ROU,2019,milex_pct_gdp,MS.MIL.XPND.GD.ZS,1.83079024096076
ROU,2020,milex_pct_gdp,MS.MIL.XPND.GD.ZS,2.00415209230412
ROU,2021,milex_pct_gdp,MS.MIL.XPND.GD.ZS,1.84762902286434
ROU,2022,milex_pct_gdp,MS.MIL.XPND.GD.ZS,1.75011695275109
ROU,2023,milex_pct_gdp,MS.MIL.XPND.GD.ZS,1.60357956167259
ROU,2024,milex_pct_gdp,MS.MIL.XPND.GD.ZS,2.29815245791591
RUS,1992,milex_pct_gdp,MS.MIL.XPND.GD.ZS,4.42703232125367
RUS,1993,milex_pct_gdp,MS.MIL.XPND.GD.ZS,4.18132464712269
RUS,1994,milex_pct_gdp,MS.MIL.XPND.GD.ZS,4.5237006553879
RUS,1995,milex_pct_gdp,MS.MIL.XPND.GD.ZS,3.78442996742671
RUS,1996,milex_pct_gdp,MS.MIL.XPND.GD.ZS,3.75655882080282
RUS,1997,milex_pct_gdp,MS.MIL.XPND.GD.ZS,4.03980929678188
RUS,1998,milex_pct_gdp,MS.MIL.XPND.GD.ZS,2.73264908865687
RUS,1999,milex_pct_gdp,MS.MIL.XPND.GD.ZS,3.07328792235108
RUS,2000,milex_pct_gdp,MS.MIL.XPND.GD.ZS,3.30702983667541
RUS,2001,milex_pct_gdp,MS.MIL.XPND.GD.ZS,3.54631922908818
RUS,2002,milex_pct_gdp,MS.MIL.XPND.GD.ZS,3.75627739108018
RUS,2003,milex_pct_gdp,MS.MIL.XPND.GD.ZS,3.67083808960104
RUS,2004,milex_pct_gdp,MS.MIL.XPND.GD.ZS,3.30035364660483
RUS,2005,milex_pct_gdp,MS.MIL.XPND.GD.ZS,3.33123723441659
RUS,2006,milex_pct_gdp,MS.MIL.XPND.GD.ZS,3.24635723405838
RUS,2007,milex_pct_gdp,MS.MIL.XPND.GD.ZS,3.1185420747754
RUS,2008,milex_pct_gdp,MS.MIL.XPND.GD.ZS,3.14948602002222
RUS,2009,milex_pct_gdp,MS.MIL.XPND.GD.ZS,3.92406340302834
RUS,2010,milex_pct_gdp,MS.MIL.XPND.GD.ZS,3.58508572012112
RUS,2011,milex_pct_gdp,MS.MIL.XPND.GD.ZS,3.43304383760131
RUS,2012,milex_pct_gdp,MS.MIL.XPND.GD.ZS,3.68924043459907
RUS,2013,milex_pct_gdp,MS.MIL.XPND.GD.ZS,3.85404258314373
RUS,2014,milex_pct_gdp,MS.MIL.XPND.GD.ZS,4.11299297822323
RUS,2015,milex_pct_gdp,MS.MIL.XPND.GD.ZS,4.87151474680202
RUS,2016,milex_pct_gdp,MS.MIL.XPND.GD.ZS,5.42514770504505
RUS,2017,milex_pct_gdp,MS.MIL.XPND.GD.ZS,4.24899605173948
RUS,2018,milex_pct_gdp,MS.MIL.XPND.GD.ZS,3.71982243956434
RUS,2019,milex_pct_gdp,MS.MIL.XPND.GD.ZS,3.86033750437073
RUS,2020,milex_pct_gdp,MS.MIL.XPND.GD.ZS,4.14471713241985
RUS,2021,milex_pct_gdp,MS.MIL.XPND.GD.ZS,3.57591678846302
RUS,2022,milex_pct_gdp,MS.MIL.XPND.GD.ZS,4.60728884010235
RUS,2023,milex_pct_gdp,MS.MIL.XPND.GD.ZS,5.40231844120686
RUS,2024,milex_pct_gdp,MS.MIL.XPND.GD.ZS,7.05233864500366
SAU,1990,milex_pct_gdp,MS.MIL.XPND.GD.ZS,14.0242926458954
SAU,1991,milex_pct_gdp,MS.MIL.XPND.GD.ZS,12.4698079910217
SAU,1992,milex_pct_gdp,MS.MIL.XPND.GD.ZS,11.2841579833052
SAU,1993,milex_pct_gdp,MS.MIL.XPND.GD.ZS,12.4653722820651
SAU,1994,milex_pct_gdp,MS.MIL.XPND.GD.ZS,10.644781673538
SAU,1995,milex_pct_gdp,MS.MIL.XPND.GD.ZS,9.27846839011516
SAU,1996,milex_pct_gdp,MS.MIL.XPND.GD.ZS,8.46807775904447
SAU,1997,milex_pct_gdp,MS.MIL.XPND.GD.ZS,11.0009354234167
SAU,1998,milex_pct_gdp,MS.MIL.XPND.GD.ZS,14.3110374500593
SAU,1999,milex_pct_gdp,MS.MIL.XPND.GD.ZS,11.3819360225849
SAU,2000,milex_pct_gdp,MS.MIL.XPND.GD.ZS,10.5344033130193
SAU,2001,milex_pct_gdp,MS.MIL.XPND.GD.ZS,11.4190048869926
SAU,2002,milex_pct_gdp,MS.MIL.XPND.GD.ZS,9.75806380053797
SAU,2003,milex_pct_gdp,MS.MIL.XPND.GD.ZS,8.68711846455737
SAU,2004,milex_pct_gdp,MS.MIL.XPND.GD.ZS,8.08155565898243
SAU,2005,milex_pct_gdp,MS.MIL.XPND.GD.ZS,7.73059887481948
SAU,2006,milex_pct_gdp,MS.MIL.XPND.GD.ZS,7.84836521143522
SAU,2007,milex_pct_gdp,MS.MIL.XPND.GD.ZS,8.52704997826892
SAU,2008,milex_pct_gdp,MS.MIL.XPND.GD.ZS,7.35343646797829
SAU,2009,milex_pct_gdp,MS.MIL.XPND.GD.ZS,9.61719999229391
SAU,2010,milex_pct_gdp,MS.MIL.XPND.GD.ZS,8.56567729417753
SAU,2011,milex_pct_gdp,MS.MIL.XPND.GD.ZS,7.17239914861776
SAU,2012,milex_pct_gdp,MS.MIL.XPND.GD.ZS,7.61580760228465
SAU,2013,milex_pct_gdp,MS.MIL.XPND.GD.ZS,8.89019141193183
SAU,2014,milex_pct_gdp,MS.MIL.XPND.GD.ZS,10.5350604637453
SAU,2015,milex_pct_gdp,MS.MIL.XPND.GD.ZS,13.022838193007
SAU,2016,milex_pct_gdp,MS.MIL.XPND.GD.ZS,9.56048239449097
SAU,2017,milex_pct_gdp,MS.MIL.XPND.GD.ZS,9.84622692397792
SAU,2018,milex_pct_gdp,MS.MIL.XPND.GD.ZS,8.81333517624339
SAU,2019,milex_pct_gdp,MS.MIL.XPND.GD.ZS,7.79458844216861
SAU,2020,milex_pct_gdp,MS.MIL.XPND.GD.ZS,8.7921741101353
SAU,2021,milex_pct_gdp,MS.MIL.XPND.GD.ZS,7.22921983667662
SAU,2022,milex_pct_gdp,MS.MIL.XPND.GD.ZS,6.39742215278993
SAU,2023,milex_pct_gdp,MS.MIL.XPND.GD.ZS,7.28424248969983
SAU,2024,milex_pct_gdp,MS.MIL.XPND.GD.ZS,7.2981029390103
SGP,1990,milex_pct_gdp,MS.MIL.XPND.GD.ZS,4.63214447298365
SGP,1991,milex_pct_gdp,MS.MIL.XPND.GD.ZS,4.44835667304419
SGP,1992,milex_pct_gdp,MS.MIL.XPND.GD.ZS,4.47136864604274
SGP,1993,milex_pct_gdp,MS.MIL.XPND.GD.ZS,4.09176493399803
SGP,1994,milex_pct_gdp,MS.MIL.XPND.GD.ZS,3.79143512807907
SGP,1995,milex_pct_gdp,MS.MIL.XPND.GD.ZS,4.18255823202502
SGP,1996,milex_pct_gdp,MS.MIL.XPND.GD.ZS,4.25807867594854
SGP,1997,milex_pct_gdp,MS.MIL.XPND.GD.ZS,4.45180554322353
SGP,1998,milex_pct_gdp,MS.MIL.XPND.GD.ZS,5.20979627795524
SGP,1999,milex_pct_gdp,MS.MIL.XPND.GD.ZS,5.2072614143348
SGP,2000,milex_pct_gdp,MS.MIL.XPND.GD.ZS,4.50757218998215
SGP,2001,milex_pct_gdp,MS.MIL.XPND.GD.ZS,4.79890680085725
SGP,2002,milex_pct_gdp,MS.MIL.XPND.GD.ZS,4.89323655491523
SGP,2003,milex_pct_gdp,MS.MIL.XPND.GD.ZS,4.83752738541917
SGP,2004,milex_pct_gdp,MS.MIL.XPND.GD.ZS,4.38428661801237
SGP,2005,milex_pct_gdp,MS.MIL.XPND.GD.ZS,4.27504313120819
SGP,2006,milex_pct_gdp,MS.MIL.XPND.GD.ZS,3.92291119365444
SGP,2007,milex_pct_gdp,MS.MIL.XPND.GD.ZS,3.602552791077
SGP,2008,milex_pct_gdp,MS.MIL.XPND.GD.ZS,3.85002679403201
SGP,2009,milex_pct_gdp,MS.MIL.XPND.GD.ZS,3.88242334748021
SGP,2010,milex_pct_gdp,MS.MIL.XPND.GD.ZS,3.38139843984389
SGP,2011,milex_pct_gdp,MS.MIL.XPND.GD.ZS,3.19387456850782
SGP,2012,milex_pct_gdp,MS.MIL.XPND.GD.ZS,3.10816619008299
SGP,2013,milex_pct_gdp,MS.MIL.XPND.GD.ZS,3.03849114883637
SGP,2014,milex_pct_gdp,MS.MIL.XPND.GD.ZS,3.04786038477706
SGP,2015,milex_pct_gdp,MS.MIL.XPND.GD.ZS,3.04671265935693
SGP,2016,milex_pct_gdp,MS.MIL.XPND.GD.ZS,3.09531096262441
SGP,2017,milex_pct_gdp,MS.MIL.XPND.GD.ZS,2.97201085878766
SGP,2018,milex_pct_gdp,MS.MIL.XPND.GD.ZS,2.80776039122786
SGP,2019,milex_pct_gdp,MS.MIL.XPND.GD.ZS,2.75970653894344
SGP,2020,milex_pct_gdp,MS.MIL.XPND.GD.ZS,2.80306272990798
SGP,2021,milex_pct_gdp,MS.MIL.XPND.GD.ZS,2.53704638803611
SGP,2022,milex_pct_gdp,MS.MIL.XPND.GD.ZS,2.40634363671921
SGP,2023,milex_pct_gdp,MS.MIL.XPND.GD.ZS,2.83014132029943
SGP,2024,milex_pct_gdp,MS.MIL.XPND.GD.ZS,2.8417655746547
SWE,1990,milex_pct_gdp,MS.MIL.XPND.GD.ZS,2.46222087771384
SWE,1991,milex_pct_gdp,MS.MIL.XPND.GD.ZS,2.31988463219988
SWE,1992,milex_pct_gdp,MS.MIL.XPND.GD.ZS,2.33879088257987
SWE,1993,milex_pct_gdp,MS.MIL.XPND.GD.ZS,2.23500815954401
SWE,1994,milex_pct_gdp,MS.MIL.XPND.GD.ZS,2.10703239487222
SWE,1995,milex_pct_gdp,MS.MIL.XPND.GD.ZS,1.74250521093618
SWE,1996,milex_pct_gdp,MS.MIL.XPND.GD.ZS,1.47343176529016
SWE,1997,milex_pct_gdp,MS.MIL.XPND.GD.ZS,1.89568067997443
SWE,1998,milex_pct_gdp,MS.MIL.XPND.GD.ZS,1.85898135400003
SWE,1999,milex_pct_gdp,MS.MIL.XPND.GD.ZS,1.85215824084675
SWE,2000,milex_pct_gdp,MS.MIL.XPND.GD.ZS,1.81219616487946
SWE,2001,milex_pct_gdp,MS.MIL.XPND.GD.ZS,1.76644912426107
SWE,2002,milex_pct_gdp,MS.MIL.XPND.GD.ZS,1.62865223371684
SWE,2003,milex_pct_gdp,MS.MIL.XPND.GD.ZS,1.58816297928906
SWE,2004,milex_pct_gdp,MS.MIL.XPND.GD.ZS,1.43407694057924
SWE,2005,milex_pct_gdp,MS.MIL.XPND.GD.ZS,1.4088832755238
SWE,2006,milex_pct_gdp,MS.MIL.XPND.GD.ZS,1.31996199535912
SWE,2007,milex_pct_gdp,MS.MIL.XPND.GD.ZS,1.30317126242131
SWE,2008,milex_pct_gdp,MS.MIL.XPND.GD.ZS,1.17073406588482
SWE,2009,milex_pct_gdp,MS.MIL.XPND.GD.ZS,1.1657412674695
SWE,2010,milex_pct_gdp,MS.MIL.XPND.GD.ZS,1.19449893581106
SWE,2011,milex_pct_gdp,MS.MIL.XPND.GD.ZS,1.10855139297702
SWE,2012,milex_pct_gdp,MS.MIL.XPND.GD.ZS,1.13574610579856
SWE,2013,milex_pct_gdp,MS.MIL.XPND.GD.ZS,1.11768901606678
SWE,2014,milex_pct_gdp,MS.MIL.XPND.GD.ZS,1.1347022453612
SWE,2015,milex_pct_gdp,MS.MIL.XPND.GD.ZS,1.07374144708625
SWE,2016,milex_pct_gdp,MS.MIL.XPND.GD.ZS,1.05595798245271
SWE,2017,milex_pct_gdp,MS.MIL.XPND.GD.ZS,1.0325978685581
SWE,2018,milex_pct_gdp,MS.MIL.XPND.GD.ZS,1.04000297143706
SWE,2019,milex_pct_gdp,MS.MIL.XPND.GD.ZS,1.09692312001944
SWE,2020,milex_pct_gdp,MS.MIL.XPND.GD.ZS,1.15009466283262
SWE,2021,milex_pct_gdp,MS.MIL.XPND.GD.ZS,1.18992635880485
SWE,2022,milex_pct_gdp,MS.MIL.XPND.GD.ZS,1.33147661923348
SWE,2023,milex_pct_gdp,MS.MIL.XPND.GD.ZS,1.50126036606591
SWE,2024,milex_pct_gdp,MS.MIL.XPND.GD.ZS,1.99771738810168
THA,1990,milex_pct_gdp,MS.MIL.XPND.GD.ZS,2.59425018891255
THA,1991,milex_pct_gdp,MS.MIL.XPND.GD.ZS,2.64502481409377
THA,1992,milex_pct_gdp,MS.MIL.XPND.GD.ZS,2.65742287815579
THA,1993,milex_pct_gdp,MS.MIL.XPND.GD.ZS,2.52482449877102
THA,1994,milex_pct_gdp,MS.MIL.XPND.GD.ZS,2.50238335344718
THA,1995,milex_pct_gdp,MS.MIL.XPND.GD.ZS,2.2737823729037
THA,1996,milex_pct_gdp,MS.MIL.XPND.GD.ZS,2.15152508135528
THA,1997,milex_pct_gdp,MS.MIL.XPND.GD.ZS,2.17392250470724
THA,1998,milex_pct_gdp,MS.MIL.XPND.GD.ZS,1.85636828124458
THA,1999,milex_pct_gdp,MS.MIL.XPND.GD.ZS,1.62379763252113
THA,2000,milex_pct_gdp,MS.MIL.XPND.GD.ZS,1.48811161651995
THA,2001,milex_pct_gdp,MS.MIL.XPND.GD.ZS,1.42988520327266
THA,2002,milex_pct_gdp,MS.MIL.XPND.GD.ZS,1.32827955528117
THA,2003,milex_pct_gdp,MS.MIL.XPND.GD.ZS,1.23290567713875
THA,2004,milex_pct_gdp,MS.MIL.XPND.GD.ZS,1.12835658834693
THA,2005,milex_pct_gdp,MS.MIL.XPND.GD.ZS,0.986191840708362
THA,2006,milex_pct_gdp,MS.MIL.XPND.GD.ZS,0.950123246459469
THA,2007,milex_pct_gdp,MS.MIL.XPND.GD.ZS,1.01918920071311
THA,2008,milex_pct_gdp,MS.MIL.XPND.GD.ZS,1.25266188719419
THA,2009,milex_pct_gdp,MS.MIL.XPND.GD.ZS,1.54034760915174
THA,2010,milex_pct_gdp,MS.MIL.XPND.GD.ZS,1.5225558657538
THA,2011,milex_pct_gdp,MS.MIL.XPND.GD.ZS,1.39063450331731
THA,2012,milex_pct_gdp,MS.MIL.XPND.GD.ZS,1.38988888346862
THA,2013,milex_pct_gdp,MS.MIL.XPND.GD.ZS,1.34525091985427
THA,2014,milex_pct_gdp,MS.MIL.XPND.GD.ZS,1.37997604796617
THA,2015,milex_pct_gdp,MS.MIL.XPND.GD.ZS,1.33732679725458
THA,2016,milex_pct_gdp,MS.MIL.XPND.GD.ZS,1.32516695969445
THA,2017,milex_pct_gdp,MS.MIL.XPND.GD.ZS,1.33627619959584
THA,2018,milex_pct_gdp,MS.MIL.XPND.GD.ZS,1.32639351547521
THA,2019,milex_pct_gdp,MS.MIL.XPND.GD.ZS,1.32729814008386
THA,2020,milex_pct_gdp,MS.MIL.XPND.GD.ZS,1.46077928107965
THA,2021,milex_pct_gdp,MS.MIL.XPND.GD.ZS,1.41836848663438
THA,2022,milex_pct_gdp,MS.MIL.XPND.GD.ZS,1.24105269630565
THA,2023,milex_pct_gdp,MS.MIL.XPND.GD.ZS,1.1309417952786
THA,2024,milex_pct_gdp,MS.MIL.XPND.GD.ZS,1.07876078016919
TUR,1990,milex_pct_gdp,MS.MIL.XPND.GD.ZS,3.52770569378721
TUR,1991,milex_pct_gdp,MS.MIL.XPND.GD.ZS,3.75436424807973
TUR,1992,milex_pct_gdp,MS.MIL.XPND.GD.ZS,3.87056650021036
TUR,1993,milex_pct_gdp,MS.MIL.XPND.GD.ZS,3.9214172544983
TUR,1994,milex_pct_gdp,MS.MIL.XPND.GD.ZS,4.05135933699201
TUR,1995,milex_pct_gdp,MS.MIL.XPND.GD.ZS,3.90164973474904
TUR,1996,milex_pct_gdp,MS.MIL.XPND.GD.ZS,4.13969694261893
TUR,1997,milex_pct_gdp,MS.MIL.XPND.GD.ZS,4.10367223056831
TUR,1998,milex_pct_gdp,MS.MIL.XPND.GD.ZS,3.18220800142332
TUR,1999,milex_pct_gdp,MS.MIL.XPND.GD.ZS,3.88141296380978
TUR,2000,milex_pct_gdp,MS.MIL.XPND.GD.ZS,3.64342934046749
TUR,2001,milex_pct_gdp,MS.MIL.XPND.GD.ZS,3.57667970794229
TUR,2002,milex_pct_gdp,MS.MIL.XPND.GD.ZS,3.76709151041563
TUR,2003,milex_pct_gdp,MS.MIL.XPND.GD.ZS,3.26703119500148
TUR,2004,milex_pct_gdp,MS.MIL.XPND.GD.ZS,2.67100029372768
TUR,2005,milex_pct_gdp,MS.MIL.XPND.GD.ZS,2.38609105306995
TUR,2006,milex_pct_gdp,MS.MIL.XPND.GD.ZS,2.34016133817719
TUR,2007,milex_pct_gdp,MS.MIL.XPND.GD.ZS,2.19980660446648
TUR,2008,milex_pct_gdp,MS.MIL.XPND.GD.ZS,2.18178699504167
TUR,2009,milex_pct_gdp,MS.MIL.XPND.GD.ZS,2.47155127527395
TUR,2010,milex_pct_gdp,MS.MIL.XPND.GD.ZS,2.27171515093383
TUR,2011,milex_pct_gdp,MS.MIL.XPND.GD.ZS,2.0275060358965
TUR,2012,milex_pct_gdp,MS.MIL.XPND.GD.ZS,2.00944811786941
TUR,2013,milex_pct_gdp,MS.MIL.XPND.GD.ZS,1.92395966496054
TUR,2014,milex_pct_gdp,MS.MIL.XPND.GD.ZS,1.87196639443904
TUR,2015,milex_pct_gdp,MS.MIL.XPND.GD.ZS,1.81284855723729
TUR,2016,milex_pct_gdp,MS.MIL.XPND.GD.ZS,2.05032437865497
TUR,2017,milex_pct_gdp,MS.MIL.XPND.GD.ZS,2.05006599219326
TUR,2018,milex_pct_gdp,MS.MIL.XPND.GD.ZS,2.52209022414858
TUR,2019,milex_pct_gdp,MS.MIL.XPND.GD.ZS,2.68985897943633
TUR,2020,milex_pct_gdp,MS.MIL.XPND.GD.ZS,2.19555218691023
TUR,2021,milex_pct_gdp,MS.MIL.XPND.GD.ZS,1.85888321091456
TUR,2022,milex_pct_gdp,MS.MIL.XPND.GD.ZS,1.65879843534611
TUR,2023,milex_pct_gdp,MS.MIL.XPND.GD.ZS,1.71991880187465
TUR,2024,milex_pct_gdp,MS.MIL.XPND.GD.ZS,1.92255231276371
USA,1990,milex_pct_gdp,MS.MIL.XPND.GD.ZS,5.60517529438794
USA,1991,milex_pct_gdp,MS.MIL.XPND.GD.ZS,4.88342939776313
USA,1992,milex_pct_gdp,MS.MIL.XPND.GD.ZS,4.97046680768284
USA,1993,milex_pct_gdp,MS.MIL.XPND.GD.ZS,4.60435029507644
USA,1994,milex_pct_gdp,MS.MIL.XPND.GD.ZS,4.2152646751779
USA,1995,milex_pct_gdp,MS.MIL.XPND.GD.ZS,3.8602457917389
USA,1996,milex_pct_gdp,MS.MIL.XPND.GD.ZS,3.55498220635218
USA,1997,milex_pct_gdp,MS.MIL.XPND.GD.ZS,3.40556224418855
USA,1998,milex_pct_gdp,MS.MIL.XPND.GD.ZS,3.20155849896996
USA,1999,milex_pct_gdp,MS.MIL.XPND.GD.ZS,3.08567678324746
USA,2000,milex_pct_gdp,MS.MIL.XPND.GD.ZS,3.11224214697679
USA,2001,milex_pct_gdp,MS.MIL.XPND.GD.ZS,3.12380980266703
USA,2002,milex_pct_gdp,MS.MIL.XPND.GD.ZS,3.44761809928778
USA,2003,milex_pct_gdp,MS.MIL.XPND.GD.ZS,3.82716104473623
USA,2004,milex_pct_gdp,MS.MIL.XPND.GD.ZS,4.01631273640692
USA,2005,milex_pct_gdp,MS.MIL.XPND.GD.ZS,4.08923187524508
USA,2006,milex_pct_gdp,MS.MIL.XPND.GD.ZS,4.04134230166038
USA,2007,milex_pct_gdp,MS.MIL.XPND.GD.ZS,4.07335051467688
USA,2008,milex_pct_gdp,MS.MIL.XPND.GD.ZS,4.44659552156261
USA,2009,milex_pct_gdp,MS.MIL.XPND.GD.ZS,4.87576835879774
USA,2010,milex_pct_gdp,MS.MIL.XPND.GD.ZS,4.90402300595835
USA,2011,milex_pct_gdp,MS.MIL.XPND.GD.ZS,4.82244197600452
USA,2012,milex_pct_gdp,MS.MIL.XPND.GD.ZS,4.4617099699335
USA,2013,milex_pct_gdp,MS.MIL.XPND.GD.ZS,4.02370560438155
USA,2014,milex_pct_gdp,MS.MIL.XPND.GD.ZS,3.67891817387645
USA,2015,milex_pct_gdp,MS.MIL.XPND.GD.ZS,3.46449292564277
USA,2016,milex_pct_gdp,MS.MIL.XPND.GD.ZS,3.40260233575118
USA,2017,milex_pct_gdp,MS.MIL.XPND.GD.ZS,3.2977234873792
USA,2018,milex_pct_gdp,MS.MIL.XPND.GD.ZS,3.3040005391035
USA,2019,milex_pct_gdp,MS.MIL.XPND.GD.ZS,3.40921408383721
USA,2020,milex_pct_gdp,MS.MIL.XPND.GD.ZS,3.64518757294704
USA,2021,milex_pct_gdp,MS.MIL.XPND.GD.ZS,3.40451991574826
USA,2022,milex_pct_gdp,MS.MIL.XPND.GD.ZS,3.30947715843109
USA,2023,milex_pct_gdp,MS.MIL.XPND.GD.ZS,3.304441637598
USA,2024,milex_pct_gdp,MS.MIL.XPND.GD.ZS,3.41921653228044
VNM,1990,milex_pct_gdp,MS.MIL.XPND.GD.ZS,7.91085687045644
VNM,1991,milex_pct_gdp,MS.MIL.XPND.GD.ZS,5.59531724614442
VNM,1992,milex_pct_gdp,MS.MIL.XPND.GD.ZS,3.37458835450367
VNM,1993,milex_pct_gdp,MS.MIL.XPND.GD.ZS,2.25869469121191
VNM,1994,milex_pct_gdp,MS.MIL.XPND.GD.ZS,2.6493553048719
VNM,2003,milex_pct_gdp,MS.MIL.XPND.GD.ZS,2.12864112884164
VNM,2004,milex_pct_gdp,MS.MIL.XPND.GD.ZS,2.01437983970519
VNM,2005,milex_pct_gdp,MS.MIL.XPND.GD.ZS,1.78096085234042
VNM,2006,milex_pct_gdp,MS.MIL.XPND.GD.ZS,1.93836458436365
VNM,2007,milex_pct_gdp,MS.MIL.XPND.GD.ZS,2.30475733676407
VNM,2008,milex_pct_gdp,MS.MIL.XPND.GD.ZS,2.15637292727254
VNM,2009,milex_pct_gdp,MS.MIL.XPND.GD.ZS,2.26520866993266
VNM,2010,milex_pct_gdp,MS.MIL.XPND.GD.ZS,1.81539587772715
VNM,2011,milex_pct_gdp,MS.MIL.XPND.GD.ZS,1.55654936250578
VNM,2012,milex_pct_gdp,MS.MIL.XPND.GD.ZS,1.71831331991755
VNM,2013,milex_pct_gdp,MS.MIL.XPND.GD.ZS,1.74407703676771
VNM,2014,milex_pct_gdp,MS.MIL.XPND.GD.ZS,1.82295771785959
VNM,2015,milex_pct_gdp,MS.MIL.XPND.GD.ZS,1.90702805588388
VNM,2016,milex_pct_gdp,MS.MIL.XPND.GD.ZS,1.95056176952778
VNM,2017,milex_pct_gdp,MS.MIL.XPND.GD.ZS,1.80387228671057
VNM,2018,milex_pct_gdp,MS.MIL.XPND.GD.ZS,1.80650138874311
ZAF,1990,milex_pct_gdp,MS.MIL.XPND.GD.ZS,3.89635147817926
ZAF,1991,milex_pct_gdp,MS.MIL.XPND.GD.ZS,3.22263389360805
ZAF,1992,milex_pct_gdp,MS.MIL.XPND.GD.ZS,2.81765061454765
ZAF,1993,milex_pct_gdp,MS.MIL.XPND.GD.ZS,2.49552369800039
ZAF,1994,milex_pct_gdp,MS.MIL.XPND.GD.ZS,2.56196590060566
ZAF,1995,milex_pct_gdp,MS.MIL.XPND.GD.ZS,2.11786404667743
ZAF,1996,milex_pct_gdp,MS.MIL.XPND.GD.ZS,1.75587879819291
ZAF,1997,milex_pct_gdp,MS.MIL.XPND.GD.ZS,1.58213355671958
ZAF,1998,milex_pct_gdp,MS.MIL.XPND.GD.ZS,1.38316672312245
ZAF,1999,milex_pct_gdp,MS.MIL.XPND.GD.ZS,1.27205293062738
ZAF,2000,milex_pct_gdp,MS.MIL.XPND.GD.ZS,1.38728913141799
ZAF,2001,milex_pct_gdp,MS.MIL.XPND.GD.ZS,1.48316101798605
ZAF,2002,milex_pct_gdp,MS.MIL.XPND.GD.ZS,1.52930955872386
ZAF,2003,milex_pct_gdp,MS.MIL.XPND.GD.ZS,1.4688112381823
ZAF,2004,milex_pct_gdp,MS.MIL.XPND.GD.ZS,1.35572857797827
ZAF,2005,milex_pct_gdp,MS.MIL.XPND.GD.ZS,1.23481125272958
ZAF,2006,milex_pct_gdp,MS.MIL.XPND.GD.ZS,1.15387200554978
ZAF,2007,milex_pct_gdp,MS.MIL.XPND.GD.ZS,1.05851963686616
ZAF,2008,milex_pct_gdp,MS.MIL.XPND.GD.ZS,1.03941759302272
ZAF,2009,milex_pct_gdp,MS.MIL.XPND.GD.ZS,1.08950470906387
ZAF,2010,milex_pct_gdp,MS.MIL.XPND.GD.ZS,1.00348106887351
ZAF,2011,milex_pct_gdp,MS.MIL.XPND.GD.ZS,1.00265340405471
ZAF,2012,milex_pct_gdp,MS.MIL.XPND.GD.ZS,1.03352274081458
ZAF,2013,milex_pct_gdp,MS.MIL.XPND.GD.ZS,1.02779402383821
ZAF,2014,milex_pct_gdp,MS.MIL.XPND.GD.ZS,1.02189399625968
ZAF,2015,milex_pct_gdp,MS.MIL.XPND.GD.ZS,1.00692862196088
ZAF,2016,milex_pct_gdp,MS.MIL.XPND.GD.ZS,0.971046764986093
ZAF,2017,milex_pct_gdp,MS.MIL.XPND.GD.ZS,0.943568494750462
ZAF,2018,milex_pct_gdp,MS.MIL.XPND.GD.ZS,0.894757064750116
ZAF,2019,milex_pct_gdp,MS.MIL.XPND.GD.ZS,0.882430271670915
ZAF,2020,milex_pct_gdp,MS.MIL.XPND.GD.ZS,0.956510732317856
ZAF,2021,milex_pct_gdp,MS.MIL.XPND.GD.ZS,0.805965112062888
ZAF,2022,milex_pct_gdp,MS.MIL.XPND.GD.ZS,0.798457056094626
ZAF,2023,milex_pct_gdp,MS.MIL.XPND.GD.ZS,0.754561053349382
ZAF,2024,milex_pct_gdp,MS.MIL.XPND.GD.ZS,0.700150834276412
ARE,1997,milex_usd,MS.MIL.XPND.CD,3335766741.48489
ARE,1998,milex_usd,MS.MIL.XPND.CD,4010347174.94894
ARE,1999,milex_usd,MS.MIL.XPND.CD,4233083730.42886
ARE,2000,milex_usd,MS.MIL.XPND.CD,5875833900.61266
ARE,2001,milex_usd,MS.MIL.XPND.CD,5797957794.41797
ARE,2002,milex_usd,MS.MIL.XPND.CD,5354118447.92376
ARE,2003,milex_usd,MS.MIL.XPND.CD,5834717494.89449
ARE,2004,milex_usd,MS.MIL.XPND.CD,6816882232.81144
ARE,2005,milex_usd,MS.MIL.XPND.CD,6604220558.20286
ARE,2006,milex_usd,MS.MIL.XPND.CD,7165418652.14432
ARE,2007,milex_usd,MS.MIL.XPND.CD,8460993873.38325
ARE,2008,milex_usd,MS.MIL.XPND.CD,11571681415.9292
ARE,2009,milex_usd,MS.MIL.XPND.CD,13836351259.3601
ARE,2010,milex_usd,MS.MIL.XPND.CD,17504697072.8387
ARE,2011,milex_usd,MS.MIL.XPND.CD,19181756296.8005
ARE,2012,milex_usd,MS.MIL.XPND.CD,19024098025.8679
ARE,2013,milex_usd,MS.MIL.XPND.CD,23561061946.9027
ARE,2014,milex_usd,MS.MIL.XPND.CD,22755071477.1954
ARG,1990,milex_usd,MS.MIL.XPND.CD,2050907629.17129
ARG,1991,milex_usd,MS.MIL.XPND.CD,2858778842.10019
ARG,1992,milex_usd,MS.MIL.XPND.CD,3254455191.68378
ARG,1993,milex_usd,MS.MIL.XPND.CD,3368550452.17659
ARG,1994,milex_usd,MS.MIL.XPND.CD,3754724686.88939
ARG,1995,milex_usd,MS.MIL.XPND.CD,3801950487.62191
ARG,1996,milex_usd,MS.MIL.XPND.CD,3379138769.76541
ARG,1997,milex_usd,MS.MIL.XPND.CD,3340670335.16758
ARG,1998,milex_usd,MS.MIL.XPND.CD,3398699349.67484
ARG,1999,milex_usd,MS.MIL.XPND.CD,3461730865.43272
ARG,2000,milex_usd,MS.MIL.XPND.CD,3266633316.65833
ARG,2001,milex_usd,MS.MIL.XPND.CD,3183591795.89795
ARG,2002,milex_usd,MS.MIL.XPND.CD,1114172482.91036
ARG,2003,milex_usd,MS.MIL.XPND.CD,1374873734.32668
ARG,2004,milex_usd,MS.MIL.XPND.CD,1465809188.24616
ARG,2005,milex_usd,MS.MIL.XPND.CD,1699579151.82907
ARG,2006,milex_usd,MS.MIL.XPND.CD,1847553129.83947
ARG,2007,milex_usd,MS.MIL.XPND.CD,2296448241.88781
ARG,2008,milex_usd,MS.MIL.XPND.CD,2788980204.56974
ARG,2009,milex_usd,MS.MIL.XPND.CD,2981852290.09382
ARG,2010,milex_usd,MS.MIL.XPND.CD,3475348407.46349
ARG,2011,milex_usd,MS.MIL.XPND.CD,4051930104.57065
ARG,2012,milex_usd,MS.MIL.XPND.CD,4563217858.77234
ARG,2013,milex_usd,MS.MIL.XPND.CD,5137974300.9699
ARG,2014,milex_usd,MS.MIL.XPND.CD,4979442724.4582
ARG,2015,milex_usd,MS.MIL.XPND.CD,5482616700.96393
ARG,2016,milex_usd,MS.MIL.XPND.CD,4509647660.05234
ARG,2017,milex_usd,MS.MIL.XPND.CD,5459643672.45401
ARG,2018,milex_usd,MS.MIL.XPND.CD,3842852365.3176
ARG,2019,milex_usd,MS.MIL.XPND.CD,3132654926.06745
ARG,2020,milex_usd,MS.MIL.XPND.CD,2830929705.21542
ARG,2021,milex_usd,MS.MIL.XPND.CD,3073433322.80813
ARG,2022,milex_usd,MS.MIL.XPND.CD,4338261310.30872
ARG,2023,milex_usd,MS.MIL.XPND.CD,4882352998.99977
ARG,2024,milex_usd,MS.MIL.XPND.CD,4177618452.20522
AUS,1990,milex_usd,MS.MIL.XPND.CD,6704213698.03132
AUS,1991,milex_usd,MS.MIL.XPND.CD,7023509067.11535
AUS,1992,milex_usd,MS.MIL.XPND.CD,6882091580.0683
AUS,1993,milex_usd,MS.MIL.XPND.CD,6733829289.52236
AUS,1994,milex_usd,MS.MIL.XPND.CD,7459696581.9777
AUS,1995,milex_usd,MS.MIL.XPND.CD,7665878445.99453
AUS,1996,milex_usd,MS.MIL.XPND.CD,8202776516.98934
AUS,1997,milex_usd,MS.MIL.XPND.CD,7936884917.39524
AUS,1998,milex_usd,MS.MIL.XPND.CD,7107542890.88659
AUS,1999,milex_usd,MS.MIL.XPND.CD,7770250653.24688
AUS,2000,milex_usd,MS.MIL.XPND.CD,7273760312.61052
AUS,2001,milex_usd,MS.MIL.XPND.CD,7043145895.39887
AUS,2002,milex_usd,MS.MIL.XPND.CD,7946766201.59082
AUS,2003,milex_usd,MS.MIL.XPND.CD,9926649415.33553
AUS,2004,milex_usd,MS.MIL.XPND.CD,11995219709.5054
AUS,2005,milex_usd,MS.MIL.XPND.CD,13237798498.6292
AUS,2006,milex_usd,MS.MIL.XPND.CD,14239779513.0914
AUS,2007,milex_usd,MS.MIL.XPND.CD,17186440961.6173
AUS,2008,milex_usd,MS.MIL.XPND.CD,18633092318.2741
AUS,2009,milex_usd,MS.MIL.XPND.CD,18960138513.0129
AUS,2010,milex_usd,MS.MIL.XPND.CD,23217692815.7335
AUS,2011,milex_usd,MS.MIL.XPND.CD,26597198655.3381
AUS,2012,milex_usd,MS.MIL.XPND.CD,26216580848.4356
AUS,2013,milex_usd,MS.MIL.XPND.CD,24825262588.8168
AUS,2014,milex_usd,MS.MIL.XPND.CD,25783708714.0042
AUS,2015,milex_usd,MS.MIL.XPND.CD,24046205860.2554
AUS,2016,milex_usd,MS.MIL.XPND.CD,26382947050.0183
AUS,2017,milex_usd,MS.MIL.XPND.CD,27691112416.8515
AUS,2018,milex_usd,MS.MIL.XPND.CD,26839820914.4018
AUS,2019,milex_usd,MS.MIL.XPND.CD,26079346314.3255
AUS,2020,milex_usd,MS.MIL.XPND.CD,27300894700.6194
AUS,2021,milex_usd,MS.MIL.XPND.CD,32718066816.8168
AUS,2022,milex_usd,MS.MIL.XPND.CD,32445330432.014
AUS,2023,milex_usd,MS.MIL.XPND.CD,32387989797.746
AUS,2024,milex_usd,MS.MIL.XPND.CD,33819572368.4211
AUT,1990,milex_usd,MS.MIL.XPND.CD,1972701681.51639
AUT,1991,milex_usd,MS.MIL.XPND.CD,1994055545.99645
AUT,1992,milex_usd,MS.MIL.XPND.CD,2139925321.74009
AUT,1993,milex_usd,MS.MIL.XPND.CD,2115115266.68433
AUT,1994,milex_usd,MS.MIL.XPND.CD,2227560550.13156
AUT,1995,milex_usd,MS.MIL.XPND.CD,2557834494.18618
AUT,1996,milex_usd,MS.MIL.XPND.CD,2457903048.65764
AUT,1997,milex_usd,MS.MIL.XPND.CD,2164802343.39854
AUT,1998,milex_usd,MS.MIL.XPND.CD,2159796003.21024
AUT,1999,milex_usd,MS.MIL.XPND.CD,2124379545.86859
AUT,2000,milex_usd,MS.MIL.XPND.CD,1925557398.19421
AUT,2001,milex_usd,MS.MIL.XPND.CD,1788798310.52966
AUT,2002,milex_usd,MS.MIL.XPND.CD,1881746741.32982
AUT,2003,milex_usd,MS.MIL.XPND.CD,2381962768.92309
AUT,2004,milex_usd,MS.MIL.XPND.CD,2679282064.65391
AUT,2005,milex_usd,MS.MIL.XPND.CD,2686166243.8442
AUT,2006,milex_usd,MS.MIL.XPND.CD,2640185362.43902
AUT,2007,milex_usd,MS.MIL.XPND.CD,3499817967.31076
AUT,2008,milex_usd,MS.MIL.XPND.CD,3746731607.28018
AUT,2009,milex_usd,MS.MIL.XPND.CD,3334754939.61878
AUT,2010,milex_usd,MS.MIL.XPND.CD,3218351224.09923
AUT,2011,milex_usd,MS.MIL.XPND.CD,3409721208.58269
AUT,2012,milex_usd,MS.MIL.XPND.CD,3187227448.7533
AUT,2013,milex_usd,MS.MIL.XPND.CD,3229065841.34293
AUT,2014,milex_usd,MS.MIL.XPND.CD,3305159256.48245
AUT,2015,milex_usd,MS.MIL.XPND.CD,2665409781.52379
AUT,2016,milex_usd,MS.MIL.XPND.CD,2885947386.10357
AUT,2017,milex_usd,MS.MIL.XPND.CD,3153118623.81495
AUT,2018,milex_usd,MS.MIL.XPND.CD,3387982011.96842
AUT,2019,milex_usd,MS.MIL.XPND.CD,3336542767.57725
AUT,2020,milex_usd,MS.MIL.XPND.CD,3840077510.54371
AUT,2021,milex_usd,MS.MIL.XPND.CD,4196428571.42857
AUT,2022,milex_usd,MS.MIL.XPND.CD,3612733177.95148
AUT,2023,milex_usd,MS.MIL.XPND.CD,4452227950.61387
AUT,2024,milex_usd,MS.MIL.XPND.CD,5258693991.82582
BEL,1990,milex_usd,MS.MIL.XPND.CD,4644324240.80376
BEL,1991,milex_usd,MS.MIL.XPND.CD,4624500746.00154
BEL,1992,milex_usd,MS.MIL.XPND.CD,4131298112.21321
BEL,1993,milex_usd,MS.MIL.XPND.CD,3746042850.89637
BEL,1994,milex_usd,MS.MIL.XPND.CD,3944101812.83271
BEL,1995,milex_usd,MS.MIL.XPND.CD,4449014834.61072
BEL,1996,milex_usd,MS.MIL.XPND.CD,4241865967.61501
BEL,1997,milex_usd,MS.MIL.XPND.CD,3684095388.87611
BEL,1998,milex_usd,MS.MIL.XPND.CD,3664288413.2382
BEL,1999,milex_usd,MS.MIL.XPND.CD,3598447519.62175
BEL,2000,milex_usd,MS.MIL.XPND.CD,3190805233.09379
BEL,2001,milex_usd,MS.MIL.XPND.CD,3036035471.71837
BEL,2002,milex_usd,MS.MIL.XPND.CD,3147146016.65804
BEL,2003,milex_usd,MS.MIL.XPND.CD,3875697772.32025
BEL,2004,milex_usd,MS.MIL.XPND.CD,4262663512.81717
BEL,2005,milex_usd,MS.MIL.XPND.CD,4228224643.0881
BEL,2006,milex_usd,MS.MIL.XPND.CD,4307895340.97481
BEL,2007,milex_usd,MS.MIL.XPND.CD,5163979973.66685
BEL,2008,milex_usd,MS.MIL.XPND.CD,6295821584.20918
BEL,2009,milex_usd,MS.MIL.XPND.CD,5620670062.77758
BEL,2010,milex_usd,MS.MIL.XPND.CD,5244720513.34689
BEL,2011,milex_usd,MS.MIL.XPND.CD,5499370964.2666
BEL,2012,milex_usd,MS.MIL.XPND.CD,5168997833.7235
BEL,2013,milex_usd,MS.MIL.XPND.CD,5263164882.84678
BEL,2014,milex_usd,MS.MIL.XPND.CD,5191507314.94392
BEL,2015,milex_usd,MS.MIL.XPND.CD,4202062770.32272
BEL,2016,milex_usd,MS.MIL.XPND.CD,4255489554.61624
BEL,2017,milex_usd,MS.MIL.XPND.CD,4432808395.99139
BEL,2018,milex_usd,MS.MIL.XPND.CD,4840126057.85914
BEL,2019,milex_usd,MS.MIL.XPND.CD,4761195700.85087
BEL,2020,milex_usd,MS.MIL.XPND.CD,5317451270.94495
BEL,2021,milex_usd,MS.MIL.XPND.CD,6239356669.82025
BEL,2022,milex_usd,MS.MIL.XPND.CD,6890161299.82246
BEL,2023,milex_usd,MS.MIL.XPND.CD,7629396588.60593
BEL,2024,milex_usd,MS.MIL.XPND.CD,8561520105.74799
BGD,1990,milex_usd,MS.MIL.XPND.CD,373023438.959292
BGD,1991,milex_usd,MS.MIL.XPND.CD,381720110.052258
BGD,1992,milex_usd,MS.MIL.XPND.CD,427723624.979361
BGD,1993,milex_usd,MS.MIL.XPND.CD,471044672.335061
BGD,1994,milex_usd,MS.MIL.XPND.CD,547417522.185003
BGD,1995,milex_usd,MS.MIL.XPND.CD,620095155.928424
BGD,1996,milex_usd,MS.MIL.XPND.CD,638958844.832812
BGD,1997,milex_usd,MS.MIL.XPND.CD,681915123.987305
BGD,1998,milex_usd,MS.MIL.XPND.CD,701585600.35317
BGD,1999,milex_usd,MS.MIL.XPND.CD,737412573.607247
BGD,2000,milex_usd,MS.MIL.XPND.CD,740798160.005685
BGD,2001,milex_usd,MS.MIL.XPND.CD,705481695.212977
BGD,2002,milex_usd,MS.MIL.XPND.CD,681816161.719721
BGD,2003,milex_usd,MS.MIL.XPND.CD,719442956.940887
BGD,2004,milex_usd,MS.MIL.XPND.CD,770641160.288967
BGD,2005,milex_usd,MS.MIL.XPND.CD,773677668.179153
BGD,2006,milex_usd,MS.MIL.XPND.CD,829682794.837739
BGD,2007,milex_usd,MS.MIL.XPND.CD,953464223.599622
BGD,2008,milex_usd,MS.MIL.XPND.CD,1030020018.23876
BGD,2009,milex_usd,MS.MIL.XPND.CD,1258791156.60238
BGD,2010,milex_usd,MS.MIL.XPND.CD,1624625085.96641
BGD,2011,milex_usd,MS.MIL.XPND.CD,1801539801.81356
BGD,2012,milex_usd,MS.MIL.XPND.CD,1823425076.37789
BGD,2013,milex_usd,MS.MIL.XPND.CD,2047989070.87034
BGD,2014,milex_usd,MS.MIL.XPND.CD,2355991524.71152
BGD,2015,milex_usd,MS.MIL.XPND.CD,2815281640.95454
BGD,2016,milex_usd,MS.MIL.XPND.CD,3239753509.63918
BGD,2017,milex_usd,MS.MIL.XPND.CD,3266033239.35658
BGD,2018,milex_usd,MS.MIL.XPND.CD,3649623807.57659
BGD,2019,milex_usd,MS.MIL.XPND.CD,4348501894.83657
BGD,2020,milex_usd,MS.MIL.XPND.CD,4651183348.26269
BGD,2021,milex_usd,MS.MIL.XPND.CD,4849929469.84836
BGD,2022,milex_usd,MS.MIL.XPND.CD,4214350329.15342
BGD,2023,milex_usd,MS.MIL.XPND.CD,3782793038.25623
BGD,2024,milex_usd,MS.MIL.XPND.CD,4034561892.72044
BRA,1990,milex_usd,MS.MIL.XPND.CD,9236296955.40526
BRA,1991,milex_usd,MS.MIL.XPND.CD,6694665295.15063
BRA,1992,milex_usd,MS.MIL.XPND.CD,4993804466.92814
BRA,1993,milex_usd,MS.MIL.XPND.CD,7099899155.09737
BRA,1994,milex_usd,MS.MIL.XPND.CD,10591499118.3781
BRA,1995,milex_usd,MS.MIL.XPND.CD,14318919608.0931
BRA,1996,milex_usd,MS.MIL.XPND.CD,14073226544.6224
BRA,1997,milex_usd,MS.MIL.XPND.CD,13934266551.6378
BRA,1998,milex_usd,MS.MIL.XPND.CD,14357357046.8411
BRA,1999,milex_usd,MS.MIL.XPND.CD,9866973918.50843
BRA,2000,milex_usd,MS.MIL.XPND.CD,11344032534.9018
BRA,2001,milex_usd,MS.MIL.XPND.CD,10930231568.3746
BRA,2002,milex_usd,MS.MIL.XPND.CD,9664561903.32699
BRA,2003,milex_usd,MS.MIL.XPND.CD,8392905884.03499
BRA,2004,milex_usd,MS.MIL.XPND.CD,9780111585.16574
BRA,2005,milex_usd,MS.MIL.XPND.CD,13588619736.3611
BRA,2006,milex_usd,MS.MIL.XPND.CD,16404867307.489
BRA,2007,milex_usd,MS.MIL.XPND.CD,20485758014.6477
BRA,2008,milex_usd,MS.MIL.XPND.CD,24452903035.8224
BRA,2009,milex_usd,MS.MIL.XPND.CD,25648809910.8246
BRA,2010,milex_usd,MS.MIL.XPND.CD,34002944470.0238
BRA,2011,milex_usd,MS.MIL.XPND.CD,36936209895.8053
BRA,2012,milex_usd,MS.MIL.XPND.CD,33987005074.0629
BRA,2013,milex_usd,MS.MIL.XPND.CD,32874787230.5887
BRA,2014,milex_usd,MS.MIL.XPND.CD,32660239369.4525
BRA,2015,milex_usd,MS.MIL.XPND.CD,24617701683.0655
BRA,2016,milex_usd,MS.MIL.XPND.CD,24224746901.4667
BRA,2017,milex_usd,MS.MIL.XPND.CD,29261833096.6693
BRA,2018,milex_usd,MS.MIL.XPND.CD,28177406872.2637
BRA,2019,milex_usd,MS.MIL.XPND.CD,25906871196.7546
BRA,2020,milex_usd,MS.MIL.XPND.CD,19591209004.4634
BRA,2021,milex_usd,MS.MIL.XPND.CD,19187122475.4493
BRA,2022,milex_usd,MS.MIL.XPND.CD,20542063567.3716
BRA,2023,milex_usd,MS.MIL.XPND.CD,21788291072.4883
BRA,2024,milex_usd,MS.MIL.XPND.CD,20947723265.0291
CAN,1990,milex_usd,MS.MIL.XPND.CD,11414631846.8936
CAN,1991,milex_usd,MS.MIL.XPND.CD,11338503299.2354
CAN,1992,milex_usd,MS.MIL.XPND.CD,10788803123.94
CAN,1993,milex_usd,MS.MIL.XPND.CD,10268822622.0283
CAN,1994,milex_usd,MS.MIL.XPND.CD,9577377639.78794
CAN,1995,milex_usd,MS.MIL.XPND.CD,9176903908.36758
CAN,1996,milex_usd,MS.MIL.XPND.CD,8615884471.23883
CAN,1997,milex_usd,MS.MIL.XPND.CD,7945140182.86606
CAN,1998,milex_usd,MS.MIL.XPND.CD,7748607984.03732
CAN,1999,milex_usd,MS.MIL.XPND.CD,8210778539.84237
CAN,2000,milex_usd,MS.MIL.XPND.CD,8299385230.72365
CAN,2001,milex_usd,MS.MIL.XPND.CD,8375571424.88184
CAN,2002,milex_usd,MS.MIL.XPND.CD,8495399281.21734
CAN,2003,milex_usd,MS.MIL.XPND.CD,9958245601.51315
CAN,2004,milex_usd,MS.MIL.XPND.CD,11336489831.0556
CAN,2005,milex_usd,MS.MIL.XPND.CD,12988132963.6232
CAN,2006,milex_usd,MS.MIL.XPND.CD,14809892802.9902
CAN,2007,milex_usd,MS.MIL.XPND.CD,17417139931.1051
CAN,2008,milex_usd,MS.MIL.XPND.CD,19342058404.5584
CAN,2009,milex_usd,MS.MIL.XPND.CD,18936226051.964
CAN,2010,milex_usd,MS.MIL.XPND.CD,19315688825.0369
CAN,2011,milex_usd,MS.MIL.XPND.CD,21393720863.7223
CAN,2012,milex_usd,MS.MIL.XPND.CD,20452107110.9741
CAN,2013,milex_usd,MS.MIL.XPND.CD,18515731209.9437
CAN,2014,milex_usd,MS.MIL.XPND.CD,17853640477.6849
CAN,2015,milex_usd,MS.MIL.XPND.CD,17937641894.7407
CAN,2016,milex_usd,MS.MIL.XPND.CD,17782775543.0736
CAN,2017,milex_usd,MS.MIL.XPND.CD,22269696323.3229
CAN,2018,milex_usd,MS.MIL.XPND.CD,22729327580.3404
CAN,2019,milex_usd,MS.MIL.XPND.CD,22394875659.3821
CAN,2020,milex_usd,MS.MIL.XPND.CD,23082774049.217
CAN,2021,milex_usd,MS.MIL.XPND.CD,25362240829.3461
CAN,2022,milex_usd,MS.MIL.XPND.CD,25567943876.0417
CAN,2023,milex_usd,MS.MIL.XPND.CD,27227653114.1228
CAN,2024,milex_usd,MS.MIL.XPND.CD,29346897810.219
CHE,1990,milex_usd,MS.MIL.XPND.CD,4056408189.12148
CHE,1991,milex_usd,MS.MIL.XPND.CD,4016764412.58307
CHE,1992,milex_usd,MS.MIL.XPND.CD,4138043833.82401
CHE,1993,milex_usd,MS.MIL.XPND.CD,3611212625.70891
CHE,1994,milex_usd,MS.MIL.XPND.CD,3899275420.5997
CHE,1995,milex_usd,MS.MIL.XPND.CD,4645360981.67395
CHE,1996,milex_usd,MS.MIL.XPND.CD,4239447900.90695
CHE,1997,milex_usd,MS.MIL.XPND.CD,3498218850.5557
CHE,1998,milex_usd,MS.MIL.XPND.CD,3494250970.81687
CHE,1999,milex_usd,MS.MIL.XPND.CD,3146822887.19502
CHE,2000,milex_usd,MS.MIL.XPND.CD,2800146846.35608
CHE,2001,milex_usd,MS.MIL.XPND.CD,2763655325.25095
CHE,2002,milex_usd,MS.MIL.XPND.CD,2882696761.85832
CHE,2003,milex_usd,MS.MIL.XPND.CD,3270337504.17703
CHE,2004,milex_usd,MS.MIL.XPND.CD,3503819863.2891
CHE,2005,milex_usd,MS.MIL.XPND.CD,3484636759.34403
CHE,2006,milex_usd,MS.MIL.XPND.CD,3328973393.73445
CHE,2007,milex_usd,MS.MIL.XPND.CD,3524746536.48458
CHE,2008,milex_usd,MS.MIL.XPND.CD,4098459038.49172
CHE,2009,milex_usd,MS.MIL.XPND.CD,4055544323.34075
CHE,2010,milex_usd,MS.MIL.XPND.CD,4115407849.19121
CHE,2011,milex_usd,MS.MIL.XPND.CD,4973863848.78193
CHE,2012,milex_usd,MS.MIL.XPND.CD,4592165377.67521
CHE,2013,milex_usd,MS.MIL.XPND.CD,5032883664.3277
CHE,2014,milex_usd,MS.MIL.XPND.CD,4612776476.68481
CHE,2015,milex_usd,MS.MIL.XPND.CD,4521076909.31875
CHE,2016,milex_usd,MS.MIL.XPND.CD,4571348246.67311
CHE,2017,milex_usd,MS.MIL.XPND.CD,4628401508.54477
CHE,2018,milex_usd,MS.MIL.XPND.CD,4736844967.47697
CHE,2019,milex_usd,MS.MIL.XPND.CD,5021931589.53722
CHE,2020,milex_usd,MS.MIL.XPND.CD,5731416400.42599
CHE,2021,milex_usd,MS.MIL.XPND.CD,5485229759.29978
CHE,2022,milex_usd,MS.MIL.XPND.CD,5652315105.80348
CHE,2023,milex_usd,MS.MIL.XPND.CD,6289176348.46489
CHE,2024,milex_usd,MS.MIL.XPND.CD,6722303543.86997
CHL,1990,milex_usd,MS.MIL.XPND.CD,1031475584.0382
CHL,1991,milex_usd,MS.MIL.XPND.CD,1038039494.18125
CHL,1992,milex_usd,MS.MIL.XPND.CD,1168858391.06836
CHL,1993,milex_usd,MS.MIL.XPND.CD,1291053675.96483
CHL,1994,milex_usd,MS.MIL.XPND.CD,1466048831.80184
CHL,1995,milex_usd,MS.MIL.XPND.CD,1827997368.77257
CHL,1996,milex_usd,MS.MIL.XPND.CD,1904105834.32581
CHL,1997,milex_usd,MS.MIL.XPND.CD,2120702607.94906
CHL,1998,milex_usd,MS.MIL.XPND.CD,2112373122.91435
CHL,1999,milex_usd,MS.MIL.XPND.CD,2043134811.5186
CHL,2000,milex_usd,MS.MIL.XPND.CD,2103460609.68852
CHL,2001,milex_usd,MS.MIL.XPND.CD,1893098223.76358
CHL,2002,milex_usd,MS.MIL.XPND.CD,1779553137.6599
CHL,2003,milex_usd,MS.MIL.XPND.CD,2067983997.63957
CHL,2004,milex_usd,MS.MIL.XPND.CD,2687320865.78325
CHL,2005,milex_usd,MS.MIL.XPND.CD,3100391590.8019
CHL,2006,milex_usd,MS.MIL.XPND.CD,3855358068.9265
CHL,2007,milex_usd,MS.MIL.XPND.CD,4022478103.75452
CHL,2008,milex_usd,MS.MIL.XPND.CD,4641877575.55109
CHL,2009,milex_usd,MS.MIL.XPND.CD,3902221588.27515
CHL,2010,milex_usd,MS.MIL.XPND.CD,4894081125.09775
CHL,2011,milex_usd,MS.MIL.XPND.CD,5686752069.60146
CHL,2012,milex_usd,MS.MIL.XPND.CD,5466101782.01784
CHL,2013,milex_usd,MS.MIL.XPND.CD,5529879480.60968
CHL,2014,milex_usd,MS.MIL.XPND.CD,5102777422.11734
CHL,2015,milex_usd,MS.MIL.XPND.CD,4630772773.72175
CHL,2016,milex_usd,MS.MIL.XPND.CD,4796010962.08952
CHL,2017,milex_usd,MS.MIL.XPND.CD,5370018134.87068
CHL,2018,milex_usd,MS.MIL.XPND.CD,5545831932.77856
CHL,2019,milex_usd,MS.MIL.XPND.CD,5182156528.66016
CHL,2020,milex_usd,MS.MIL.XPND.CD,5246204733.45184
CHL,2021,milex_usd,MS.MIL.XPND.CD,5194059174.29763
CHL,2022,milex_usd,MS.MIL.XPND.CD,4649295736.32937
CHL,2023,milex_usd,MS.MIL.XPND.CD,5470078568.90418
CHL,2024,milex_usd,MS.MIL.XPND.CD,5105441707.26122
CHN,1990,milex_usd,MS.MIL.XPND.CD,9926349250.81692
CHN,1991,milex_usd,MS.MIL.XPND.CD,9802375366.07312
CHN,1992,milex_usd,MS.MIL.XPND.CD,12244267842.2149
CHN,1993,milex_usd,MS.MIL.XPND.CD,12360225860.6446
CHN,1994,milex_usd,MS.MIL.XPND.CD,9867120066.27418
CHN,1995,milex_usd,MS.MIL.XPND.CD,12385129474.9875
CHN,1996,milex_usd,MS.MIL.XPND.CD,14275400819.9732
CHN,1997,milex_usd,MS.MIL.XPND.CD,15699586768.5755
CHN,1998,milex_usd,MS.MIL.XPND.CD,17031780199.6918
CHN,1999,milex_usd,MS.MIL.XPND.CD,20473915094.7667
CHN,2000,milex_usd,MS.MIL.XPND.CD,22237140151.2145
CHN,2001,milex_usd,MS.MIL.XPND.CD,26561462998.2924
CHN,2002,milex_usd,MS.MIL.XPND.CD,30284127409.9972
CHN,2003,milex_usd,MS.MIL.XPND.CD,33144000481.4458
CHN,2004,milex_usd,MS.MIL.XPND.CD,37904571826.996
CHN,2005,milex_usd,MS.MIL.XPND.CD,42789953650.9024
CHN,2006,milex_usd,MS.MIL.XPND.CD,51453373233.8486
CHN,2007,milex_usd,MS.MIL.XPND.CD,62136590754.5887
CHN,2008,milex_usd,MS.MIL.XPND.CD,78840802819.8629
CHN,2009,milex_usd,MS.MIL.XPND.CD,96601666752.9542
CHN,2010,milex_usd,MS.MIL.XPND.CD,105522648101.838
CHN,2011,milex_usd,MS.MIL.XPND.CD,125286373164.011
CHN,2012,milex_usd,MS.MIL.XPND.CD,145127609596.207
CHN,2013,milex_usd,MS.MIL.XPND.CD,164070469321.744
CHN,2014,milex_usd,MS.MIL.XPND.CD,182109204619.08
CHN,2015,milex_usd,MS.MIL.XPND.CD,196538827230.79
CHN,2016,milex_usd,MS.MIL.XPND.CD,198538361427.554
CHN,2017,milex_usd,MS.MIL.XPND.CD,210443034740.968
CHN,2018,milex_usd,MS.MIL.XPND.CD,232530595985.266
CHN,2019,milex_usd,MS.MIL.XPND.CD,240332555458.151
CHN,2020,milex_usd,MS.MIL.XPND.CD,257973429833.565
CHN,2021,milex_usd,MS.MIL.XPND.CD,285930518056.053
CHN,2022,milex_usd,MS.MIL.XPND.CD,291958428460.21
CHN,2023,milex_usd,MS.MIL.XPND.CD,296821377591.502
CHN,2024,milex_usd,MS.MIL.XPND.CD,313658330217.176
COL,1990,milex_usd,MS.MIL.XPND.CD,889979074.541223
COL,1991,milex_usd,MS.MIL.XPND.CD,911467589.191922
COL,1992,milex_usd,MS.MIL.XPND.CD,1102357226.95915
COL,1993,milex_usd,MS.MIL.XPND.CD,1529432893.23516
COL,1994,milex_usd,MS.MIL.XPND.CD,2005122887.75573
COL,1995,milex_usd,MS.MIL.XPND.CD,2619338187.12438
COL,1996,milex_usd,MS.MIL.XPND.CD,4318552315.54274
COL,1997,milex_usd,MS.MIL.XPND.CD,2988711260.69275
COL,1998,milex_usd,MS.MIL.XPND.CD,3389806737.53892
COL,1999,milex_usd,MS.MIL.XPND.CD,3247296766.36887
COL,2000,milex_usd,MS.MIL.XPND.CD,3027922793.23722
COL,2001,milex_usd,MS.MIL.XPND.CD,3264438192.23092
COL,2002,milex_usd,MS.MIL.XPND.CD,3347522601.66757
COL,2003,milex_usd,MS.MIL.XPND.CD,3278369502.89299
COL,2004,milex_usd,MS.MIL.XPND.CD,4056896991.18546
COL,2005,milex_usd,MS.MIL.XPND.CD,4914190181.96076
COL,2006,milex_usd,MS.MIL.XPND.CD,5326664238.46108
COL,2007,milex_usd,MS.MIL.XPND.CD,6775762766.50516
COL,2008,milex_usd,MS.MIL.XPND.CD,9051130501.95405
COL,2009,milex_usd,MS.MIL.XPND.CD,9033202672.52324
COL,2010,milex_usd,MS.MIL.XPND.CD,10422054493.6452
COL,2011,milex_usd,MS.MIL.XPND.CD,10306578505.9573
COL,2012,milex_usd,MS.MIL.XPND.CD,11706271912.7386
COL,2013,milex_usd,MS.MIL.XPND.CD,12503812627.422
COL,2014,milex_usd,MS.MIL.XPND.CD,11845950895.3824
COL,2015,milex_usd,MS.MIL.XPND.CD,9127165374.88958
COL,2016,milex_usd,MS.MIL.XPND.CD,8675980822.76398
COL,2017,milex_usd,MS.MIL.XPND.CD,10018029817.5824
COL,2018,milex_usd,MS.MIL.XPND.CD,10134719590.5505
COL,2019,milex_usd,MS.MIL.XPND.CD,10167547855.5704
COL,2020,milex_usd,MS.MIL.XPND.CD,9554131505.35102
COL,2021,milex_usd,MS.MIL.XPND.CD,10180134292.0766
COL,2022,milex_usd,MS.MIL.XPND.CD,9661013161.74645
COL,2023,milex_usd,MS.MIL.XPND.CD,10779238341.5916
COL,2024,milex_usd,MS.MIL.XPND.CD,15096259111.9062
CZE,1993,milex_usd,MS.MIL.XPND.CD,815585466.91913
CZE,1994,milex_usd,MS.MIL.XPND.CD,938252776.610121
CZE,1995,milex_usd,MS.MIL.XPND.CD,1065352458.67667
CZE,1996,milex_usd,MS.MIL.XPND.CD,1123923830.99588
CZE,1997,milex_usd,MS.MIL.XPND.CD,988324331.827474
CZE,1998,milex_usd,MS.MIL.XPND.CD,1166099773.24263
CZE,1999,milex_usd,MS.MIL.XPND.CD,1205931869.98831
CZE,2000,milex_usd,MS.MIL.XPND.CD,1157294084.7289
CZE,2001,milex_usd,MS.MIL.XPND.CD,1182519922.28272
CZE,2002,milex_usd,MS.MIL.XPND.CD,1494390396.62782
CZE,2003,milex_usd,MS.MIL.XPND.CD,1885706689.35446
CZE,2004,milex_usd,MS.MIL.XPND.CD,2042085930.62981
CZE,2005,milex_usd,MS.MIL.XPND.CD,2439538514.19603
CZE,2006,milex_usd,MS.MIL.XPND.CD,2449963709.7488
CZE,2007,milex_usd,MS.MIL.XPND.CD,2707677752.20881
CZE,2008,milex_usd,MS.MIL.XPND.CD,2918695853.37137
CZE,2009,milex_usd,MS.MIL.XPND.CD,2718559513.1931
CZE,2010,milex_usd,MS.MIL.XPND.CD,2497902954.71325
CZE,2011,milex_usd,MS.MIL.XPND.CD,2474313259.0035
CZE,2012,milex_usd,MS.MIL.XPND.CD,2220610394.58562
CZE,2013,milex_usd,MS.MIL.XPND.CD,2148784401.09143
CZE,2014,milex_usd,MS.MIL.XPND.CD,2022883295.19451
CZE,2015,milex_usd,MS.MIL.XPND.CD,1779887189.3897
CZE,2016,milex_usd,MS.MIL.XPND.CD,1954935000.04528
CZE,2017,milex_usd,MS.MIL.XPND.CD,2077722060.82334
CZE,2018,milex_usd,MS.MIL.XPND.CD,2710017583.30521
CZE,2019,milex_usd,MS.MIL.XPND.CD,2910252496.6203
CZE,2020,milex_usd,MS.MIL.XPND.CD,3252505061.81881
CZE,2021,milex_usd,MS.MIL.XPND.CD,3935630965.0053
CZE,2022,milex_usd,MS.MIL.XPND.CD,4005428325.66409
CZE,2023,milex_usd,MS.MIL.XPND.CD,5056277310.0528
CZE,2024,milex_usd,MS.MIL.XPND.CD,6524946704.27873
DEU,1990,milex_usd,MS.MIL.XPND.CD,39650093949.6361
DEU,1991,milex_usd,MS.MIL.XPND.CD,37024379615.7476
DEU,1992,milex_usd,MS.MIL.XPND.CD,39319418649.1961
DEU,1993,milex_usd,MS.MIL.XPND.CD,34868224471.8466
DEU,1994,milex_usd,MS.MIL.XPND.CD,34039251428.098
DEU,1995,milex_usd,MS.MIL.XPND.CD,38563185777.7354
DEU,1996,milex_usd,MS.MIL.XPND.CD,36531135729.4786
DEU,1997,milex_usd,MS.MIL.XPND.CD,31122832250.9443
DEU,1998,milex_usd,MS.MIL.XPND.CD,31056200101.4714
DEU,1999,milex_usd,MS.MIL.XPND.CD,30547956346.0754
DEU,2000,milex_usd,MS.MIL.XPND.CD,26374817230.8916
DEU,2001,milex_usd,MS.MIL.XPND.CD,25695786941.5742
DEU,2002,milex_usd,MS.MIL.XPND.CD,27483419148.2877
DEU,2003,milex_usd,MS.MIL.XPND.CD,32844470563.0021
DEU,2004,milex_usd,MS.MIL.XPND.CD,35610804036.071
DEU,2005,milex_usd,MS.MIL.XPND.CD,35654287674.7157
DEU,2006,milex_usd,MS.MIL.XPND.CD,35883657972.6799
DEU,2007,milex_usd,MS.MIL.XPND.CD,40110859276.4132
DEU,2008,milex_usd,MS.MIL.XPND.CD,45098956311.5685
DEU,2009,milex_usd,MS.MIL.XPND.CD,44528927835.6531
DEU,2010,milex_usd,MS.MIL.XPND.CD,43025915011.688
DEU,2011,milex_usd,MS.MIL.XPND.CD,45163212878.2034
DEU,2012,milex_usd,MS.MIL.XPND.CD,43798225349.2896
DEU,2013,milex_usd,MS.MIL.XPND.CD,44242647302.8936
DEU,2014,milex_usd,MS.MIL.XPND.CD,44662831167.6836
DEU,2015,milex_usd,MS.MIL.XPND.CD,38170021071.3098
DEU,2016,milex_usd,MS.MIL.XPND.CD,39909678594.2478
DEU,2017,milex_usd,MS.MIL.XPND.CD,42281112684.641
DEU,2018,milex_usd,MS.MIL.XPND.CD,46497675955.7617
DEU,2019,milex_usd,MS.MIL.XPND.CD,49079444693.2378
DEU,2020,milex_usd,MS.MIL.XPND.CD,53318705117.9756
DEU,2021,milex_usd,MS.MIL.XPND.CD,56513126773.8884
DEU,2022,milex_usd,MS.MIL.XPND.CD,56153121239.9135
DEU,2023,milex_usd,MS.MIL.XPND.CD,67285198637.8624
DEU,2024,milex_usd,MS.MIL.XPND.CD,88458476389.5109
DNK,1990,milex_usd,MS.MIL.XPND.CD,2649889473.4801
DNK,1991,milex_usd,MS.MIL.XPND.CD,2671946670.50212
DNK,1992,milex_usd,MS.MIL.XPND.CD,2837745376.59063
DNK,1993,milex_usd,MS.MIL.XPND.CD,2682011246.24842
DNK,1994,milex_usd,MS.MIL.XPND.CD,2718790041.74167
DNK,1995,milex_usd,MS.MIL.XPND.CD,3117966146.47015
DNK,1996,milex_usd,MS.MIL.XPND.CD,3086224944.68559
DNK,1997,milex_usd,MS.MIL.XPND.CD,2804317082.69866
DNK,1998,milex_usd,MS.MIL.XPND.CD,2846065338.17452
DNK,1999,milex_usd,MS.MIL.XPND.CD,2784881254.0853
DNK,2000,milex_usd,MS.MIL.XPND.CD,2392510831.18689
DNK,2001,milex_usd,MS.MIL.XPND.CD,2525225824.9007
DNK,2002,milex_usd,MS.MIL.XPND.CD,2694082493.21381
DNK,2003,milex_usd,MS.MIL.XPND.CD,3199158427.7901
DNK,2004,milex_usd,MS.MIL.XPND.CD,3578832460.36595
DNK,2005,milex_usd,MS.MIL.XPND.CD,3468452919.92043
DNK,2006,milex_usd,MS.MIL.XPND.CD,3896730667.68907
DNK,2007,milex_usd,MS.MIL.XPND.CD,4175652589.23159
DNK,2008,milex_usd,MS.MIL.XPND.CD,4788030120.84823
DNK,2009,milex_usd,MS.MIL.XPND.CD,4337355690.401
DNK,2010,milex_usd,MS.MIL.XPND.CD,4503492126.71228
DNK,2011,milex_usd,MS.MIL.XPND.CD,4518590126.86474
DNK,2012,milex_usd,MS.MIL.XPND.CD,4422458083.58423
DNK,2013,milex_usd,MS.MIL.XPND.CD,4216647585.33628
DNK,2014,milex_usd,MS.MIL.XPND.CD,4056861510.68455
DNK,2015,milex_usd,MS.MIL.XPND.CD,3364047774.07406
DNK,2016,milex_usd,MS.MIL.XPND.CD,3592727943.77381
DNK,2017,milex_usd,MS.MIL.XPND.CD,3764033343.56355
DNK,2018,milex_usd,MS.MIL.XPND.CD,4558690186.91182
DNK,2019,milex_usd,MS.MIL.XPND.CD,4487779277.25296
DNK,2020,milex_usd,MS.MIL.XPND.CD,4887155963.30275
DNK,2021,milex_usd,MS.MIL.XPND.CD,5273695928.75318
DNK,2022,milex_usd,MS.MIL.XPND.CD,5475015487.99119
DNK,2023,milex_usd,MS.MIL.XPND.CD,8132606555.21382
DNK,2024,milex_usd,MS.MIL.XPND.CD,9958899778.69112
EGY,1990,milex_usd,MS.MIL.XPND.CD,2260645161.29032
EGY,1991,milex_usd,MS.MIL.XPND.CD,1345757343.0295
EGY,1992,milex_usd,MS.MIL.XPND.CD,1415819974.41108
EGY,1993,milex_usd,MS.MIL.XPND.CD,1526165392.00363
EGY,1994,milex_usd,MS.MIL.XPND.CD,1714409786.33021
EGY,1995,milex_usd,MS.MIL.XPND.CD,1948876985.79982
EGY,1996,milex_usd,MS.MIL.XPND.CD,2115742979.46619
EGY,1997,milex_usd,MS.MIL.XPND.CD,2267650313.53744
EGY,1998,milex_usd,MS.MIL.XPND.CD,2372048406.13931
EGY,1999,milex_usd,MS.MIL.XPND.CD,2447978793.90325
EGY,2000,milex_usd,MS.MIL.XPND.CD,2627698333.83736
EGY,2001,milex_usd,MS.MIL.XPND.CD,2834256229.54946
EGY,2002,milex_usd,MS.MIL.XPND.CD,2902768425.24007
EGY,2003,milex_usd,MS.MIL.XPND.CD,2383914898.27171
EGY,2004,milex_usd,MS.MIL.XPND.CD,2369743586.43306
EGY,2005,milex_usd,MS.MIL.XPND.CD,2659439713.57524
EGY,2006,milex_usd,MS.MIL.XPND.CD,2952520159.00453
EGY,2007,milex_usd,MS.MIL.XPND.CD,3306908257.22261
EGY,2008,milex_usd,MS.MIL.XPND.CD,3779880349.74689
EGY,2009,milex_usd,MS.MIL.XPND.CD,4017404478.27146
EGY,2010,milex_usd,MS.MIL.XPND.CD,4407286452.71917
EGY,2011,milex_usd,MS.MIL.XPND.CD,4463974191.06902
EGY,2012,milex_usd,MS.MIL.XPND.CD,4557748767.35039
EGY,2013,milex_usd,MS.MIL.XPND.CD,4359834243.76995
EGY,2014,milex_usd,MS.MIL.XPND.CD,5085121576.27973
EGY,2015,milex_usd,MS.MIL.XPND.CD,5475490833.44169
EGY,2016,milex_usd,MS.MIL.XPND.CD,4513022526.81632
EGY,2017,milex_usd,MS.MIL.XPND.CD,2765588434.01207
EGY,2018,milex_usd,MS.MIL.XPND.CD,3119587363.84249
EGY,2019,milex_usd,MS.MIL.XPND.CD,3743671451.54565
EGY,2020,milex_usd,MS.MIL.XPND.CD,4505374644.32501
EGY,2021,milex_usd,MS.MIL.XPND.CD,5165445626.55285
EGY,2022,milex_usd,MS.MIL.XPND.CD,4645922047.5088
EGY,2023,milex_usd,MS.MIL.XPND.CD,3167150125.91356
EGY,2024,milex_usd,MS.MIL.XPND.CD,2396211163.82267
ESP,1990,milex_usd,MS.MIL.XPND.CD,11695038644.5437
ESP,1991,milex_usd,MS.MIL.XPND.CD,11680263754.1412
ESP,1992,milex_usd,MS.MIL.XPND.CD,12250195429.6283
ESP,1993,milex_usd,MS.MIL.XPND.CD,10041511353.1917
ESP,1994,milex_usd,MS.MIL.XPND.CD,10092671257.3779
ESP,1995,milex_usd,MS.MIL.XPND.CD,11439906271.1837
ESP,1996,milex_usd,MS.MIL.XPND.CD,11294316854.7562
ESP,1997,milex_usd,MS.MIL.XPND.CD,9865892241.04623
ESP,1998,milex_usd,MS.MIL.XPND.CD,10333417234.2975
ESP,1999,milex_usd,MS.MIL.XPND.CD,11113722490.4035
ESP,2000,milex_usd,MS.MIL.XPND.CD,10273779251.8887
ESP,2001,milex_usd,MS.MIL.XPND.CD,10222074075.3998
ESP,2002,milex_usd,MS.MIL.XPND.CD,10270839019.3403
ESP,2003,milex_usd,MS.MIL.XPND.CD,12880532801.2243
ESP,2004,milex_usd,MS.MIL.XPND.CD,15262458636.7672
ESP,2005,milex_usd,MS.MIL.XPND.CD,15997724220.2656
ESP,2006,milex_usd,MS.MIL.XPND.CD,17252217612.6934
ESP,2007,milex_usd,MS.MIL.XPND.CD,20065668634.8096
ESP,2008,milex_usd,MS.MIL.XPND.CD,22227721829.5675
ESP,2009,milex_usd,MS.MIL.XPND.CD,20178274984.962
ESP,2010,milex_usd,MS.MIL.XPND.CD,19710785449.8738
ESP,2011,milex_usd,MS.MIL.XPND.CD,19695435494.297
ESP,2012,milex_usd,MS.MIL.XPND.CD,18860623363.4077
ESP,2013,milex_usd,MS.MIL.XPND.CD,17242959322.0024
ESP,2014,milex_usd,MS.MIL.XPND.CD,17178549314.7619
ESP,2015,milex_usd,MS.MIL.XPND.CD,15187168681.3796
ESP,2016,milex_usd,MS.MIL.XPND.CD,14014439635.1839
ESP,2017,milex_usd,MS.MIL.XPND.CD,16043533257.4617
ESP,2018,milex_usd,MS.MIL.XPND.CD,17823271130.6257
ESP,2019,milex_usd,MS.MIL.XPND.CD,17189319301.3883
ESP,2020,milex_usd,MS.MIL.XPND.CD,17431779322.9226
ESP,2021,milex_usd,MS.MIL.XPND.CD,19544465468.3065
ESP,2022,milex_usd,MS.MIL.XPND.CD,20306570632.8304
ESP,2023,milex_usd,MS.MIL.XPND.CD,23821202155.5655
ESP,2024,milex_usd,MS.MIL.XPND.CD,24615397928.7413
FIN,1990,milex_usd,MS.MIL.XPND.CD,2141300984.18983
FIN,1991,milex_usd,MS.MIL.XPND.CD,2200991548.89818
FIN,1992,milex_usd,MS.MIL.XPND.CD,2075955550.12822
FIN,1993,milex_usd,MS.MIL.XPND.CD,1615424808.84487
FIN,1994,milex_usd,MS.MIL.XPND.CD,1756338983.66821
FIN,1995,milex_usd,MS.MIL.XPND.CD,1908986807.29445
FIN,1996,milex_usd,MS.MIL.XPND.CD,2021797095.44643
FIN,1997,milex_usd,MS.MIL.XPND.CD,1947002589.51344
FIN,1998,milex_usd,MS.MIL.XPND.CD,1959708814.0168
FIN,1999,milex_usd,MS.MIL.XPND.CD,1653905118.85978
FIN,2000,milex_usd,MS.MIL.XPND.CD,1558135249.67754
FIN,2001,milex_usd,MS.MIL.XPND.CD,1479270879.00779
FIN,2002,milex_usd,MS.MIL.XPND.CD,1611406522.04602
FIN,2003,milex_usd,MS.MIL.XPND.CD,2475059743.10789
FIN,2004,milex_usd,MS.MIL.XPND.CD,2892938123.9925
FIN,2005,milex_usd,MS.MIL.XPND.CD,2999391048.80259
FIN,2006,milex_usd,MS.MIL.XPND.CD,3128517474.44563
FIN,2007,milex_usd,MS.MIL.XPND.CD,3296557750.13862
FIN,2008,milex_usd,MS.MIL.XPND.CD,3958118334.10472
FIN,2009,milex_usd,MS.MIL.XPND.CD,3940584835.35792
FIN,2010,milex_usd,MS.MIL.XPND.CD,3717180504.76047
FIN,2011,milex_usd,MS.MIL.XPND.CD,4099505807.28569
FIN,2012,milex_usd,MS.MIL.XPND.CD,3943239958.16491
FIN,2013,milex_usd,MS.MIL.XPND.CD,4161139945.21741
FIN,2014,milex_usd,MS.MIL.XPND.CD,3985508351.98832
FIN,2015,milex_usd,MS.MIL.XPND.CD,3399134967.28402
FIN,2016,milex_usd,MS.MIL.XPND.CD,3415008249.65045
FIN,2017,milex_usd,MS.MIL.XPND.CD,3431090216.95364
FIN,2018,milex_usd,MS.MIL.XPND.CD,3754588482.46639
FIN,2019,milex_usd,MS.MIL.XPND.CD,3635244066.27855
FIN,2020,milex_usd,MS.MIL.XPND.CD,3868688020.06155
FIN,2021,milex_usd,MS.MIL.XPND.CD,3831598864.71145
FIN,2022,milex_usd,MS.MIL.XPND.CD,4446368019.38627
FIN,2023,milex_usd,MS.MIL.XPND.CD,5928021054.36018
FIN,2024,milex_usd,MS.MIL.XPND.CD,6987848067.30834
FRA,1990,milex_usd,MS.MIL.XPND.CD,35774430324.9841
FRA,1991,milex_usd,MS.MIL.XPND.CD,35869120915.2144
FRA,1992,milex_usd,MS.MIL.XPND.CD,37902269820.7805
FRA,1993,milex_usd,MS.MIL.XPND.CD,35775273292.8873
FRA,1994,milex_usd,MS.MIL.XPND.CD,37288606059.734
FRA,1995,milex_usd,MS.MIL.XPND.CD,40124024138.3696
FRA,1996,milex_usd,MS.MIL.XPND.CD,38977734095.7754
FRA,1997,milex_usd,MS.MIL.XPND.CD,34697904099.1796
FRA,1998,milex_usd,MS.MIL.XPND.CD,33633561283.2294
FRA,1999,milex_usd,MS.MIL.XPND.CD,32672714284.8488
FRA,2000,milex_usd,MS.MIL.XPND.CD,28403138948.7059
FRA,2001,milex_usd,MS.MIL.XPND.CD,27951566384.416
FRA,2002,milex_usd,MS.MIL.XPND.CD,30578398932.8217
FRA,2003,milex_usd,MS.MIL.XPND.CD,38569115812.9361
FRA,2004,milex_usd,MS.MIL.XPND.CD,44524579612.5999
FRA,2005,milex_usd,MS.MIL.XPND.CD,44442050523.1392
FRA,2006,milex_usd,MS.MIL.XPND.CD,45792148415.5244
FRA,2007,milex_usd,MS.MIL.XPND.CD,50684467384.4229
FRA,2008,milex_usd,MS.MIL.XPND.CD,55365965844.831
FRA,2009,milex_usd,MS.MIL.XPND.CD,56441455398.191
FRA,2010,milex_usd,MS.MIL.XPND.CD,52044060565.0524
FRA,2011,milex_usd,MS.MIL.XPND.CD,54120871009.5016
FRA,2012,milex_usd,MS.MIL.XPND.CD,50216507403.1664
FRA,2013,milex_usd,MS.MIL.XPND.CD,52001462447.6638
FRA,2014,milex_usd,MS.MIL.XPND.CD,53134750898.8024
FRA,2015,milex_usd,MS.MIL.XPND.CD,45647471640.5013
FRA,2016,milex_usd,MS.MIL.XPND.CD,45703382750.4223
FRA,2017,milex_usd,MS.MIL.XPND.CD,47628077104.3242
FRA,2018,milex_usd,MS.MIL.XPND.CD,51321364918.6171
FRA,2019,milex_usd,MS.MIL.XPND.CD,50454545454.5455
FRA,2020,milex_usd,MS.MIL.XPND.CD,53423002393.708
FRA,2021,milex_usd,MS.MIL.XPND.CD,58734626300.8515
FRA,2022,milex_usd,MS.MIL.XPND.CD,54677442425.9763
FRA,2023,milex_usd,MS.MIL.XPND.CD,59491964166.1013
FRA,2024,milex_usd,MS.MIL.XPND.CD,64675015306.1997
GBR,1990,milex_usd,MS.MIL.XPND.CD,43545094840.1343
GBR,1991,milex_usd,MS.MIL.XPND.CD,47045457327.3683
GBR,1992,milex_usd,MS.MIL.XPND.CD,45592591817.9765
GBR,1993,milex_usd,MS.MIL.XPND.CD,38113206791.4603
GBR,1994,milex_usd,MS.MIL.XPND.CD,38569013504.8574
GBR,1995,milex_usd,MS.MIL.XPND.CD,38294283079.8348
GBR,1996,milex_usd,MS.MIL.XPND.CD,38566134645.3921
GBR,1997,milex_usd,MS.MIL.XPND.CD,39889947448.983
GBR,1998,milex_usd,MS.MIL.XPND.CD,41222125832.6215
GBR,1999,milex_usd,MS.MIL.XPND.CD,40760400666.5656
GBR,2000,milex_usd,MS.MIL.XPND.CD,39343711272.5782
GBR,2001,milex_usd,MS.MIL.XPND.CD,39512579943.6497
GBR,2002,milex_usd,MS.MIL.XPND.CD,44245265998.3094
GBR,2003,milex_usd,MS.MIL.XPND.CD,52343122277.0674
GBR,2004,milex_usd,MS.MIL.XPND.CD,60250782544.7032
GBR,2005,milex_usd,MS.MIL.XPND.CD,61653635038.462
GBR,2006,milex_usd,MS.MIL.XPND.CD,64217619528.3273
GBR,2007,milex_usd,MS.MIL.XPND.CD,73448032014.1665
GBR,2008,milex_usd,MS.MIL.XPND.CD,72915407669.7404
GBR,2009,milex_usd,MS.MIL.XPND.CD,64010506669.801
GBR,2010,milex_usd,MS.MIL.XPND.CD,63979111970.2694
GBR,2011,milex_usd,MS.MIL.XPND.CD,66569552573.1349
GBR,2012,milex_usd,MS.MIL.XPND.CD,65452487554.2416
GBR,2013,milex_usd,MS.MIL.XPND.CD,63837724855.4312
GBR,2014,milex_usd,MS.MIL.XPND.CD,66995468654.2895
GBR,2015,milex_usd,MS.MIL.XPND.CD,59990205719.3245
GBR,2016,milex_usd,MS.MIL.XPND.CD,53327366087.7128
GBR,2017,milex_usd,MS.MIL.XPND.CD,52075008432.0543
GBR,2018,milex_usd,MS.MIL.XPND.CD,55832916405.2492
GBR,2019,milex_usd,MS.MIL.XPND.CD,56567602040.8163
GBR,2020,milex_usd,MS.MIL.XPND.CD,58332371794.8718
GBR,2021,milex_usd,MS.MIL.XPND.CD,65148595797.7992
GBR,2022,milex_usd,MS.MIL.XPND.CD,64069879004.1697
GBR,2023,milex_usd,MS.MIL.XPND.CD,75303387480.0181
GBR,2024,milex_usd,MS.MIL.XPND.CD,81763173069.6744
IDN,1990,milex_usd,MS.MIL.XPND.CD,1613975396.26983
IDN,1991,milex_usd,MS.MIL.XPND.CD,1697029205.46372
IDN,1992,milex_usd,MS.MIL.XPND.CD,1887635965.9494
IDN,1993,milex_usd,MS.MIL.XPND.CD,1933304585.30976
IDN,1994,milex_usd,MS.MIL.XPND.CD,2239731574.68472
IDN,1995,milex_usd,MS.MIL.XPND.CD,2478753541.07649
IDN,1996,milex_usd,MS.MIL.XPND.CD,2874845237.58699
IDN,1997,milex_usd,MS.MIL.XPND.CD,3231358571.24198
IDN,1998,milex_usd,MS.MIL.XPND.CD,972702125.109851
IDN,1999,milex_usd,MS.MIL.XPND.CD,1135147005.46775
IDN,2000,milex_usd,MS.MIL.XPND.CD,1129542839.56935
IDN,2001,milex_usd,MS.MIL.XPND.CD,919022697.814032
IDN,2002,milex_usd,MS.MIL.XPND.CD,1369857128.89545
IDN,2003,milex_usd,MS.MIL.XPND.CD,2134746704.31718
IDN,2004,milex_usd,MS.MIL.XPND.CD,2428947795.29805
IDN,2005,milex_usd,MS.MIL.XPND.CD,2146270791.38648
IDN,2006,milex_usd,MS.MIL.XPND.CD,2611875117.36679
IDN,2007,milex_usd,MS.MIL.XPND.CD,3348758341.53813
IDN,2008,milex_usd,MS.MIL.XPND.CD,3232202215.49527
IDN,2009,milex_usd,MS.MIL.XPND.CD,3304459138.20152
IDN,2010,milex_usd,MS.MIL.XPND.CD,4663365759.37552
IDN,2011,milex_usd,MS.MIL.XPND.CD,5838026185.71723
IDN,2012,milex_usd,MS.MIL.XPND.CD,6531097955.28321
IDN,2013,milex_usd,MS.MIL.XPND.CD,8384028600.92532
IDN,2014,milex_usd,MS.MIL.XPND.CD,6929248704.20671
IDN,2015,milex_usd,MS.MIL.XPND.CD,7595030527.64333
IDN,2016,milex_usd,MS.MIL.XPND.CD,7396626074.68605
IDN,2017,milex_usd,MS.MIL.XPND.CD,8797528449.54204
IDN,2018,milex_usd,MS.MIL.XPND.CD,7493744633.3578
IDN,2019,milex_usd,MS.MIL.XPND.CD,8154244767.61856
IDN,2020,milex_usd,MS.MIL.XPND.CD,9386956717.64656
IDN,2021,milex_usd,MS.MIL.XPND.CD,8802514800.45036
IDN,2022,milex_usd,MS.MIL.XPND.CD,10133923494.1363
IDN,2023,milex_usd,MS.MIL.XPND.CD,11258797569.51
IDN,2024,milex_usd,MS.MIL.XPND.CD,11042843809.9082
IND,1990,milex_usd,MS.MIL.XPND.CD,10537035450.0528
IND,1991,milex_usd,MS.MIL.XPND.CD,8622473881.38455
IND,1992,milex_usd,MS.MIL.XPND.CD,8083231409.70982
IND,1993,milex_usd,MS.MIL.XPND.CD,8253542581.48511
IND,1994,milex_usd,MS.MIL.XPND.CD,8880551226.0269
IND,1995,milex_usd,MS.MIL.XPND.CD,9754464629.8929
IND,1996,milex_usd,MS.MIL.XPND.CD,9904672736.30381
IND,1997,milex_usd,MS.MIL.XPND.CD,11464883389.8324
IND,1998,milex_usd,MS.MIL.XPND.CD,11920610818.3832
IND,1999,milex_usd,MS.MIL.XPND.CD,13895562461.387
IND,2000,milex_usd,MS.MIL.XPND.CD,14287514240.7035
IND,2001,milex_usd,MS.MIL.XPND.CD,14600642346.0997
IND,2002,milex_usd,MS.MIL.XPND.CD,14749667251.5907
IND,2003,milex_usd,MS.MIL.XPND.CD,16333986643.282
IND,2004,milex_usd,MS.MIL.XPND.CD,20238566526.5411
IND,2005,milex_usd,MS.MIL.XPND.CD,23072312925.1701
IND,2006,milex_usd,MS.MIL.XPND.CD,23951927958.1522
IND,2007,milex_usd,MS.MIL.XPND.CD,28254773450.0647
IND,2008,milex_usd,MS.MIL.XPND.CD,33002376727.3797
IND,2009,milex_usd,MS.MIL.XPND.CD,38722154392.1843
IND,2010,milex_usd,MS.MIL.XPND.CD,46090445656.5003
IND,2011,milex_usd,MS.MIL.XPND.CD,49633815793.7027
IND,2012,milex_usd,MS.MIL.XPND.CD,47216920048.2061
IND,2013,milex_usd,MS.MIL.XPND.CD,47403528801.4226
IND,2014,milex_usd,MS.MIL.XPND.CD,50914096277.083
IND,2015,milex_usd,MS.MIL.XPND.CD,51295483753.9436
IND,2016,milex_usd,MS.MIL.XPND.CD,56637622640.8741
IND,2017,milex_usd,MS.MIL.XPND.CD,64559435280.6927
IND,2018,milex_usd,MS.MIL.XPND.CD,66257801718.275
IND,2019,milex_usd,MS.MIL.XPND.CD,71468900524.3041
IND,2020,milex_usd,MS.MIL.XPND.CD,72937064047.7993
IND,2021,milex_usd,MS.MIL.XPND.CD,76348538793.9209
IND,2022,milex_usd,MS.MIL.XPND.CD,79976789327.937
IND,2023,milex_usd,MS.MIL.XPND.CD,82293332162.5812
IND,2024,milex_usd,MS.MIL.XPND.CD,86125976248.5524
IRL,1990,milex_usd,MS.MIL.XPND.CD,594006010.402921
IRL,1991,milex_usd,MS.MIL.XPND.CD,624932658.118737
IRL,1992,milex_usd,MS.MIL.XPND.CD,674035044.462192
IRL,1993,milex_usd,MS.MIL.XPND.CD,597723765.566692
IRL,1994,milex_usd,MS.MIL.XPND.CD,633699379.139512
IRL,1995,milex_usd,MS.MIL.XPND.CD,702039703.123066
IRL,1996,milex_usd,MS.MIL.XPND.CD,750987245.817278
IRL,1997,milex_usd,MS.MIL.XPND.CD,765305513.303899
IRL,1998,milex_usd,MS.MIL.XPND.CD,742402153.190535
IRL,1999,milex_usd,MS.MIL.XPND.CD,741508607.785627
IRL,2000,milex_usd,MS.MIL.XPND.CD,694674774.276764
IRL,2001,milex_usd,MS.MIL.XPND.CD,767778364.399424
IRL,2002,milex_usd,MS.MIL.XPND.CD,811255940.896899
IRL,2003,milex_usd,MS.MIL.XPND.CD,965199981.039102
IRL,2004,milex_usd,MS.MIL.XPND.CD,1101860647.03582
IRL,2005,milex_usd,MS.MIL.XPND.CD,1144978361.43859
IRL,2006,milex_usd,MS.MIL.XPND.CD,1190379117.3707
IRL,2007,milex_usd,MS.MIL.XPND.CD,1372225370.15595
IRL,2008,milex_usd,MS.MIL.XPND.CD,1582890833.85213
IRL,2009,milex_usd,MS.MIL.XPND.CD,1415725373.44949
IRL,2010,milex_usd,MS.MIL.XPND.CD,1274228688.35632
IRL,2011,milex_usd,MS.MIL.XPND.CD,1300331547.01086
IRL,2012,milex_usd,MS.MIL.XPND.CD,1157531729.65486
IRL,2013,milex_usd,MS.MIL.XPND.CD,1195763444.3723
IRL,2014,milex_usd,MS.MIL.XPND.CD,1192733691.2242
IRL,2015,milex_usd,MS.MIL.XPND.CD,997005655.983143
IRL,2016,milex_usd,MS.MIL.XPND.CD,1001610418.29936
IRL,2017,milex_usd,MS.MIL.XPND.CD,1025063447.41951
IRL,2018,milex_usd,MS.MIL.XPND.CD,1107137377.09949
IRL,2019,milex_usd,MS.MIL.XPND.CD,1112740707.56829
IRL,2020,milex_usd,MS.MIL.XPND.CD,1144420380.71355
IRL,2021,milex_usd,MS.MIL.XPND.CD,1267738883.63292
IRL,2022,milex_usd,MS.MIL.XPND.CD,1164312098.74881
IRL,2023,milex_usd,MS.MIL.XPND.CD,1269225284.24683
IRL,2024,milex_usd,MS.MIL.XPND.CD,1330503579.37914
IRN,1990,milex_usd,MS.MIL.XPND.CD,16474401698.2345
IRN,1991,milex_usd,MS.MIL.XPND.CD,17549594829.9352
IRN,1992,milex_usd,MS.MIL.XPND.CD,19732558015.4057
IRN,1993,milex_usd,MS.MIL.XPND.CD,1448177703.48058
IRN,1994,milex_usd,MS.MIL.XPND.CD,1703171536.2057
IRN,1995,milex_usd,MS.MIL.XPND.CD,2501544189.55785
IRN,1996,milex_usd,MS.MIL.XPND.CD,3550986964.19293
IRN,1997,milex_usd,MS.MIL.XPND.CD,4642384615.8233
IRN,1998,milex_usd,MS.MIL.XPND.CD,5479362941.74375
IRN,1999,milex_usd,MS.MIL.XPND.CD,6650285143.99772
IRN,2000,milex_usd,MS.MIL.XPND.CD,8327053824.36261
IRN,2001,milex_usd,MS.MIL.XPND.CD,10378791765.7186
IRN,2002,milex_usd,MS.MIL.XPND.CD,3243891033.23266
IRN,2003,milex_usd,MS.MIL.XPND.CD,3717068449.78392
IRN,2004,milex_usd,MS.MIL.XPND.CD,5243621132.59941
IRN,2005,milex_usd,MS.MIL.XPND.CD,6796744965.39476
IRN,2006,milex_usd,MS.MIL.XPND.CD,8751474767.03588
IRN,2007,milex_usd,MS.MIL.XPND.CD,9330901881.77112
IRN,2008,milex_usd,MS.MIL.XPND.CD,11081950208.5691
IRN,2009,milex_usd,MS.MIL.XPND.CD,12584623338.7062
IRN,2010,milex_usd,MS.MIL.XPND.CD,13561272454.2139
IRN,2011,milex_usd,MS.MIL.XPND.CD,14277667360.5682
IRN,2012,milex_usd,MS.MIL.XPND.CD,16493963286.9287
IRN,2013,milex_usd,MS.MIL.XPND.CD,11997186984.0994
IRN,2014,milex_usd,MS.MIL.XPND.CD,9901118855.30265
IRN,2015,milex_usd,MS.MIL.XPND.CD,10588769670.8684
IRN,2016,milex_usd,MS.MIL.XPND.CD,12263957414.6216
IRN,2017,milex_usd,MS.MIL.XPND.CD,13931196489.7975
IRN,2018,milex_usd,MS.MIL.XPND.CD,11795842412.2948
IRN,2019,milex_usd,MS.MIL.XPND.CD,4921057693.8276
IRN,2020,milex_usd,MS.MIL.XPND.CD,3349702008.04581
IRN,2021,milex_usd,MS.MIL.XPND.CD,5699580109.49925
IRN,2022,milex_usd,MS.MIL.XPND.CD,7459331830.84591
IRN,2023,milex_usd,MS.MIL.XPND.CD,7390861136.37782
IRN,2024,milex_usd,MS.MIL.XPND.CD,7891903306.81818
IRQ,2004,milex_usd,MS.MIL.XPND.CD,613724869.617867
IRQ,2005,milex_usd,MS.MIL.XPND.CD,1120278532.6087
IRQ,2006,milex_usd,MS.MIL.XPND.CD,1236081012.93427
IRQ,2007,milex_usd,MS.MIL.XPND.CD,1989948747.37958
IRQ,2008,milex_usd,MS.MIL.XPND.CD,3116304019.84779
IRQ,2009,milex_usd,MS.MIL.XPND.CD,3237179487.17949
IRQ,2010,milex_usd,MS.MIL.XPND.CD,3752905982.90598
IRQ,2011,milex_usd,MS.MIL.XPND.CD,4278632478.63248
IRQ,2012,milex_usd,MS.MIL.XPND.CD,4141066053.83435
IRQ,2013,milex_usd,MS.MIL.XPND.CD,7780188679.24528
IRQ,2014,milex_usd,MS.MIL.XPND.CD,6923644082.33276
IRQ,2015,milex_usd,MS.MIL.XPND.CD,9604231010.85097
IRQ,2016,milex_usd,MS.MIL.XPND.CD,5970383697.66942
IRQ,2017,milex_usd,MS.MIL.XPND.CD,7416385135.13514
IRQ,2018,milex_usd,MS.MIL.XPND.CD,6317977150.05254
IRQ,2019,milex_usd,MS.MIL.XPND.CD,7598829335.74537
IRQ,2020,milex_usd,MS.MIL.XPND.CD,5649373636.97996
IRQ,2021,milex_usd,MS.MIL.XPND.CD,4771002728.73904
IRQ,2022,milex_usd,MS.MIL.XPND.CD,4691837701.16339
IRQ,2023,milex_usd,MS.MIL.XPND.CD,5518874505.2831
IRQ,2024,milex_usd,MS.MIL.XPND.CD,6178546529.67549
ISR,1990,milex_usd,MS.MIL.XPND.CD,6528767331.23656
ISR,1991,milex_usd,MS.MIL.XPND.CD,9337649894.62416
ISR,1992,milex_usd,MS.MIL.XPND.CD,7313388389.7285
ISR,1993,milex_usd,MS.MIL.XPND.CD,7752806699.97369
ISR,1994,milex_usd,MS.MIL.XPND.CD,7772187267.59513
ISR,1995,milex_usd,MS.MIL.XPND.CD,7945971519.50955
ISR,1996,milex_usd,MS.MIL.XPND.CD,8499441747.40851
ISR,1997,milex_usd,MS.MIL.XPND.CD,8580697530.05845
ISR,1998,milex_usd,MS.MIL.XPND.CD,8095647853.16336
ISR,1999,milex_usd,MS.MIL.XPND.CD,7652604037.03023
ISR,2000,milex_usd,MS.MIL.XPND.CD,8327543752.99401
ISR,2001,milex_usd,MS.MIL.XPND.CD,8504274012.34054
ISR,2002,milex_usd,MS.MIL.XPND.CD,7981518926.42608
ISR,2003,milex_usd,MS.MIL.XPND.CD,8225281206.28968
ISR,2004,milex_usd,MS.MIL.XPND.CD,8605125435.63336
ISR,2005,milex_usd,MS.MIL.XPND.CD,8921942197.56222
ISR,2006,milex_usd,MS.MIL.XPND.CD,9315253567.81371
ISR,2007,milex_usd,MS.MIL.XPND.CD,11382202878.2302
ISR,2008,milex_usd,MS.MIL.XPND.CD,13803713496.5803
ISR,2009,milex_usd,MS.MIL.XPND.CD,12754237934.6649
ISR,2010,milex_usd,MS.MIL.XPND.CD,13875211595.7068
ISR,2011,milex_usd,MS.MIL.XPND.CD,15100066207.7677
ISR,2012,milex_usd,MS.MIL.XPND.CD,14524419593.7675
ISR,2013,milex_usd,MS.MIL.XPND.CD,16247825942.4609
ISR,2014,milex_usd,MS.MIL.XPND.CD,17737375713.577
ISR,2015,milex_usd,MS.MIL.XPND.CD,16457098752.1976
ISR,2016,milex_usd,MS.MIL.XPND.CD,17434558598.5485
ISR,2017,milex_usd,MS.MIL.XPND.CD,19357002461.0705
ISR,2018,milex_usd,MS.MIL.XPND.CD,19899819039.513
ISR,2019,milex_usd,MS.MIL.XPND.CD,20339225589.2256
ISR,2020,milex_usd,MS.MIL.XPND.CD,21816569767.4419
ISR,2021,milex_usd,MS.MIL.XPND.CD,24340979541.2275
ISR,2022,milex_usd,MS.MIL.XPND.CD,23406074573.0486
ISR,2023,milex_usd,MS.MIL.XPND.CD,27498527856.8524
ISR,2024,milex_usd,MS.MIL.XPND.CD,46505298369.3376
ITA,1990,milex_usd,MS.MIL.XPND.CD,20734625578.569
ITA,1991,milex_usd,MS.MIL.XPND.CD,21585706771.8811
ITA,1992,milex_usd,MS.MIL.XPND.CD,22177090390.3319
ITA,1993,milex_usd,MS.MIL.XPND.CD,18242013901.2785
ITA,1994,milex_usd,MS.MIL.XPND.CD,18062459081.75
ITA,1995,milex_usd,MS.MIL.XPND.CD,17185853003.8965
ITA,1996,milex_usd,MS.MIL.XPND.CD,20793128832.2001
ITA,1997,milex_usd,MS.MIL.XPND.CD,20156102258.3609
ITA,1998,milex_usd,MS.MIL.XPND.CD,20825125351.8551
ITA,1999,milex_usd,MS.MIL.XPND.CD,21016456909.9333
ITA,2000,milex_usd,MS.MIL.XPND.CD,19878720932.3752
ITA,2001,milex_usd,MS.MIL.XPND.CD,19519381482.0449
ITA,2002,milex_usd,MS.MIL.XPND.CD,21610059761.8936
ITA,2003,milex_usd,MS.MIL.XPND.CD,26824213292.0407
ITA,2004,milex_usd,MS.MIL.XPND.CD,30261076654.6845
ITA,2005,milex_usd,MS.MIL.XPND.CD,29737642391.6828
ITA,2006,milex_usd,MS.MIL.XPND.CD,29633022263.3135
ITA,2007,milex_usd,MS.MIL.XPND.CD,31982431792.4882
ITA,2008,milex_usd,MS.MIL.XPND.CD,36839989746.2189
ITA,2009,milex_usd,MS.MIL.XPND.CD,34054481324.3999
ITA,2010,milex_usd,MS.MIL.XPND.CD,32020819951.1287
ITA,2011,milex_usd,MS.MIL.XPND.CD,33828804971.12
ITA,2012,milex_usd,MS.MIL.XPND.CD,29781008205.1256
ITA,2013,milex_usd,MS.MIL.XPND.CD,29957445904.5168
ITA,2014,milex_usd,MS.MIL.XPND.CD,27701034334.9422
ITA,2015,milex_usd,MS.MIL.XPND.CD,22180845070.4225
ITA,2016,milex_usd,MS.MIL.XPND.CD,25033027894.6754
ITA,2017,milex_usd,MS.MIL.XPND.CD,26447892915.4274
ITA,2018,milex_usd,MS.MIL.XPND.CD,28420098438.4406
ITA,2019,milex_usd,MS.MIL.XPND.CD,26380673981.1912
ITA,2020,milex_usd,MS.MIL.XPND.CD,32929093810.5551
ITA,2021,milex_usd,MS.MIL.XPND.CD,36232722327.3415
ITA,2022,milex_usd,MS.MIL.XPND.CD,34691881158.1277
ITA,2023,milex_usd,MS.MIL.XPND.CD,36933180928.3452
ITA,2024,milex_usd,MS.MIL.XPND.CD,37964578316.9022
JPN,1990,milex_usd,MS.MIL.XPND.CD,28800451682.4134
JPN,1991,milex_usd,MS.MIL.XPND.CD,32785415754.1924
JPN,1992,milex_usd,MS.MIL.XPND.CD,35999123575.8107
JPN,1993,milex_usd,MS.MIL.XPND.CD,41353936221.8745
JPN,1994,milex_usd,MS.MIL.XPND.CD,45285594082.655
JPN,1995,milex_usd,MS.MIL.XPND.CD,49961673236.9689
JPN,1996,milex_usd,MS.MIL.XPND.CD,44047104680.1313
JPN,1997,milex_usd,MS.MIL.XPND.CD,40634840607.9791
JPN,1998,milex_usd,MS.MIL.XPND.CD,37849012642.7562
JPN,1999,milex_usd,MS.MIL.XPND.CD,43122898504.9207
JPN,2000,milex_usd,MS.MIL.XPND.CD,45509673827.3094
JPN,2001,milex_usd,MS.MIL.XPND.CD,40757967234.1581
JPN,2002,milex_usd,MS.MIL.XPND.CD,39333708169.8408
JPN,2003,milex_usd,MS.MIL.XPND.CD,42486177361.062
JPN,2004,milex_usd,MS.MIL.XPND.CD,45339809414.6571
JPN,2005,milex_usd,MS.MIL.XPND.CD,44300613329.9461
JPN,2006,milex_usd,MS.MIL.XPND.CD,41552592885.5794
JPN,2007,milex_usd,MS.MIL.XPND.CD,40530045688.4692
JPN,2008,milex_usd,MS.MIL.XPND.CD,46361468280.4594
JPN,2009,milex_usd,MS.MIL.XPND.CD,51465158207.5898
JPN,2010,milex_usd,MS.MIL.XPND.CD,54655450735.305
JPN,2011,milex_usd,MS.MIL.XPND.CD,60762213840.8911
JPN,2012,milex_usd,MS.MIL.XPND.CD,60011530194.6974
JPN,2013,milex_usd,MS.MIL.XPND.CD,49023932406.8581
JPN,2014,milex_usd,MS.MIL.XPND.CD,46903466612.5187
JPN,2015,milex_usd,MS.MIL.XPND.CD,42106103305.7928
JPN,2016,milex_usd,MS.MIL.XPND.CD,46471287714.246
JPN,2017,milex_usd,MS.MIL.XPND.CD,45058468760.6493
JPN,2018,milex_usd,MS.MIL.XPND.CD,48535909410.587
JPN,2019,milex_usd,MS.MIL.XPND.CD,50778006586.0079
JPN,2020,milex_usd,MS.MIL.XPND.CD,51396536058.5254
JPN,2021,milex_usd,MS.MIL.XPND.CD,53602002568.6803
JPN,2022,milex_usd,MS.MIL.XPND.CD,43198166358.8616
JPN,2023,milex_usd,MS.MIL.XPND.CD,48189108621.3905
JPN,2024,milex_usd,MS.MIL.XPND.CD,55273904316.7083
KOR,1990,milex_usd,MS.MIL.XPND.CD,10110714871.0587
KOR,1991,milex_usd,MS.MIL.XPND.CD,10956524347.7561
KOR,1992,milex_usd,MS.MIL.XPND.CD,11614665196.0992
KOR,1993,milex_usd,MS.MIL.XPND.CD,12377424872.7063
KOR,1994,milex_usd,MS.MIL.XPND.CD,13519265762.7271
KOR,1995,milex_usd,MS.MIL.XPND.CD,16085095679.4805
KOR,1996,milex_usd,MS.MIL.XPND.CD,16408665266.9578
KOR,1997,milex_usd,MS.MIL.XPND.CD,14848484529.9378
KOR,1998,milex_usd,MS.MIL.XPND.CD,10457957529.3983
KOR,1999,milex_usd,MS.MIL.XPND.CD,12095186823.9094
KOR,2000,milex_usd,MS.MIL.XPND.CD,13801107024.1211
KOR,2001,milex_usd,MS.MIL.XPND.CD,12941850827.6594
KOR,2002,milex_usd,MS.MIL.XPND.CD,14101703314.7096
KOR,2003,milex_usd,MS.MIL.XPND.CD,15847047272.178
KOR,2004,milex_usd,MS.MIL.XPND.CD,17829864142.7723
KOR,2005,milex_usd,MS.MIL.XPND.CD,22159512557.1222
KOR,2006,milex_usd,MS.MIL.XPND.CD,25177237741.0344
KOR,2007,milex_usd,MS.MIL.XPND.CD,27726129585.2493
KOR,2008,milex_usd,MS.MIL.XPND.CD,26072410507.6902
KOR,2009,milex_usd,MS.MIL.XPND.CD,24575661939.1823
KOR,2010,milex_usd,MS.MIL.XPND.CD,28175181218.9679
KOR,2011,milex_usd,MS.MIL.XPND.CD,30991707946.4761
KOR,2012,milex_usd,MS.MIL.XPND.CD,31951760810.319
KOR,2013,milex_usd,MS.MIL.XPND.CD,34311220715.1665
KOR,2014,milex_usd,MS.MIL.XPND.CD,37552298953.8232
KOR,2015,milex_usd,MS.MIL.XPND.CD,36570769322.5744
KOR,2016,milex_usd,MS.MIL.XPND.CD,36885283430.0234
KOR,2017,milex_usd,MS.MIL.XPND.CD,39170682135.6216
KOR,2018,milex_usd,MS.MIL.XPND.CD,43069973342.8752
KOR,2019,milex_usd,MS.MIL.XPND.CD,44102240752.179
KOR,2020,milex_usd,MS.MIL.XPND.CD,46117096574.5819
KOR,2021,milex_usd,MS.MIL.XPND.CD,50873788105.2917
KOR,2022,milex_usd,MS.MIL.XPND.CD,46365420707.4157
KOR,2023,milex_usd,MS.MIL.XPND.CD,47801863038.8787
KOR,2024,milex_usd,MS.MIL.XPND.CD,47571318596.7228
MEX,1990,milex_usd,MS.MIL.XPND.CD,1210872502.31103
MEX,1991,milex_usd,MS.MIL.XPND.CD,1459136040.92194
MEX,1992,milex_usd,MS.MIL.XPND.CD,1824550066.238
MEX,1993,milex_usd,MS.MIL.XPND.CD,2122980337.78189
MEX,1994,milex_usd,MS.MIL.XPND.CD,2635284078.78831
MEX,1995,milex_usd,MS.MIL.XPND.CD,1562615372.39288
MEX,1996,milex_usd,MS.MIL.XPND.CD,1882873102.65874
MEX,1997,milex_usd,MS.MIL.XPND.CD,2184061042.17234
MEX,1998,milex_usd,MS.MIL.XPND.CD,2263223453.48751
MEX,1999,milex_usd,MS.MIL.XPND.CD,2652912012.04971
MEX,2000,milex_usd,MS.MIL.XPND.CD,3031454509.30458
MEX,2001,milex_usd,MS.MIL.XPND.CD,3229469276.43396
MEX,2002,milex_usd,MS.MIL.XPND.CD,3172268733.5076
MEX,2003,milex_usd,MS.MIL.XPND.CD,2960496802.29864
MEX,2004,milex_usd,MS.MIL.XPND.CD,2854385964.91228
MEX,2005,milex_usd,MS.MIL.XPND.CD,3123454977.56449
MEX,2006,milex_usd,MS.MIL.XPND.CD,3035131018.79037
MEX,2007,milex_usd,MS.MIL.XPND.CD,4223037645.72391
MEX,2008,milex_usd,MS.MIL.XPND.CD,4334654123.65113
MEX,2009,milex_usd,MS.MIL.XPND.CD,4514233914.23391
MEX,2010,milex_usd,MS.MIL.XPND.CD,4789031339.03134
MEX,2011,milex_usd,MS.MIL.XPND.CD,5498458541.61133
MEX,2012,milex_usd,MS.MIL.XPND.CD,5717035574.62318
MEX,2013,milex_usd,MS.MIL.XPND.CD,6473144378.32759
MEX,2014,milex_usd,MS.MIL.XPND.CD,6758693845.00224
MEX,2015,milex_usd,MS.MIL.XPND.CD,5468837811.91633
MEX,2016,milex_usd,MS.MIL.XPND.CD,5336875740.46474
MEX,2017,milex_usd,MS.MIL.XPND.CD,5062076645.82129
MEX,2018,milex_usd,MS.MIL.XPND.CD,5839521271.01987
MEX,2019,milex_usd,MS.MIL.XPND.CD,6650808254.06726
MEX,2020,milex_usd,MS.MIL.XPND.CD,8044880863.7379
MEX,2021,milex_usd,MS.MIL.XPND.CD,8680832593.46947
MEX,2022,milex_usd,MS.MIL.XPND.CD,10065268402.7818
MEX,2023,milex_usd,MS.MIL.XPND.CD,11825909998.0324
MEX,2024,milex_usd,MS.MIL.XPND.CD,16726425452.0934
MYS,1990,milex_usd,MS.MIL.XPND.CD,1125007856.20011
MYS,1991,milex_usd,MS.MIL.XPND.CD,1571959986.47307
MYS,1992,milex_usd,MS.MIL.XPND.CD,1766520895.9794
MYS,1993,milex_usd,MS.MIL.XPND.CD,1923398171.7811
MYS,1994,milex_usd,MS.MIL.XPND.CD,2120597806.61977
MYS,1995,milex_usd,MS.MIL.XPND.CD,2444098386.83916
MYS,1996,milex_usd,MS.MIL.XPND.CD,2420963933.95709
MYS,1997,milex_usd,MS.MIL.XPND.CD,2089087477.20559
MYS,1998,milex_usd,MS.MIL.XPND.CD,1158657313.14835
MYS,1999,milex_usd,MS.MIL.XPND.CD,1663289473.68421
MYS,2000,milex_usd,MS.MIL.XPND.CD,1533157894.73684
MYS,2001,milex_usd,MS.MIL.XPND.CD,1934473684.21053
MYS,2002,milex_usd,MS.MIL.XPND.CD,2237894736.84211
MYS,2003,milex_usd,MS.MIL.XPND.CD,2881578947.36842
MYS,2004,milex_usd,MS.MIL.XPND.CD,2823157894.73684
MYS,2005,milex_usd,MS.MIL.XPND.CD,3120337779.13913
MYS,2006,milex_usd,MS.MIL.XPND.CD,3266197405.79797
MYS,2007,milex_usd,MS.MIL.XPND.CD,3970537327.23988
MYS,2008,milex_usd,MS.MIL.XPND.CD,4411795565.12172
MYS,2009,milex_usd,MS.MIL.XPND.CD,3964817704.63896
MYS,2010,milex_usd,MS.MIL.XPND.CD,3854285350.61113
MYS,2011,milex_usd,MS.MIL.XPND.CD,4692483660.13072
MYS,2012,milex_usd,MS.MIL.XPND.CD,4507252007.25201
MYS,2013,milex_usd,MS.MIL.XPND.CD,4915722759.45679
MYS,2014,milex_usd,MS.MIL.XPND.CD,4919245322.85852
MYS,2015,milex_usd,MS.MIL.XPND.CD,4532069852.24432
MYS,2016,milex_usd,MS.MIL.XPND.CD,4169374000.50693
MYS,2017,milex_usd,MS.MIL.XPND.CD,3494832256.87397
MYS,2018,milex_usd,MS.MIL.XPND.CD,3445043719.60008
MYS,2019,milex_usd,MS.MIL.XPND.CD,3265281468.95385
MYS,2020,milex_usd,MS.MIL.XPND.CD,3374583531.65159
MYS,2021,milex_usd,MS.MIL.XPND.CD,3675489012.31587
MYS,2022,milex_usd,MS.MIL.XPND.CD,3673788247.83366
MYS,2023,milex_usd,MS.MIL.XPND.CD,3925419274.89009
MYS,2024,milex_usd,MS.MIL.XPND.CD,4312858466.81122
NGA,1990,milex_usd,MS.MIL.XPND.CD,277297783.483801
NGA,1991,milex_usd,MS.MIL.XPND.CD,243705781.024049
NGA,1992,milex_usd,MS.MIL.XPND.CD,173657679.322943
NGA,1993,milex_usd,MS.MIL.XPND.CD,289231103.900224
NGA,1994,milex_usd,MS.MIL.XPND.CD,319694489.907256
NGA,1995,milex_usd,MS.MIL.XPND.CD,639406630.64676
NGA,1996,milex_usd,MS.MIL.XPND.CD,701412878.580176
NGA,1997,milex_usd,MS.MIL.XPND.CD,818784525.338
NGA,1998,milex_usd,MS.MIL.XPND.CD,1149684729.96436
NGA,1999,milex_usd,MS.MIL.XPND.CD,491671368.589997
NGA,2000,milex_usd,MS.MIL.XPND.CD,368644109.462423
NGA,2001,milex_usd,MS.MIL.XPND.CD,570632287.761505
NGA,2002,milex_usd,MS.MIL.XPND.CD,896913201.413193
NGA,2003,milex_usd,MS.MIL.XPND.CD,587461887.294733
NGA,2004,milex_usd,MS.MIL.XPND.CD,639990066.823189
NGA,2005,milex_usd,MS.MIL.XPND.CD,674208144.79638
NGA,2006,milex_usd,MS.MIL.XPND.CD,776148058.327892
NGA,2007,milex_usd,MS.MIL.XPND.CD,971321378.608673
NGA,2008,milex_usd,MS.MIL.XPND.CD,1615533210.73676
NGA,2009,milex_usd,MS.MIL.XPND.CD,1504486172.1132
NGA,2010,milex_usd,MS.MIL.XPND.CD,1990099668.65827
NGA,2011,milex_usd,MS.MIL.XPND.CD,2384936021.71384
NGA,2012,milex_usd,MS.MIL.XPND.CD,2316478199.86159
NGA,2013,milex_usd,MS.MIL.XPND.CD,2418760170.87063
NGA,2014,milex_usd,MS.MIL.XPND.CD,2357671219.29062
NGA,2015,milex_usd,MS.MIL.XPND.CD,2065557663.35091
NGA,2016,milex_usd,MS.MIL.XPND.CD,1723204266.39515
NGA,2017,milex_usd,MS.MIL.XPND.CD,1621218176.40317
NGA,2018,milex_usd,MS.MIL.XPND.CD,2043051719.21673
NGA,2019,milex_usd,MS.MIL.XPND.CD,1860260429.56134
NGA,2020,milex_usd,MS.MIL.XPND.CD,2567917819.04386
NGA,2021,milex_usd,MS.MIL.XPND.CD,4466397815.79541
NGA,2022,milex_usd,MS.MIL.XPND.CD,3109384939.12352
NGA,2023,milex_usd,MS.MIL.XPND.CD,3101259562.89729
NGA,2024,milex_usd,MS.MIL.XPND.CD,1133303623.27648
NLD,1990,milex_usd,MS.MIL.XPND.CD,7420849635.78912
NLD,1991,milex_usd,MS.MIL.XPND.CD,7246192325.00961
NLD,1992,milex_usd,MS.MIL.XPND.CD,7904561273.35182
NLD,1993,milex_usd,MS.MIL.XPND.CD,7054868961.85133
NLD,1994,milex_usd,MS.MIL.XPND.CD,7137373800.97303
NLD,1995,milex_usd,MS.MIL.XPND.CD,8011539559.49845
NLD,1996,milex_usd,MS.MIL.XPND.CD,7829004727.93771
NLD,1997,milex_usd,MS.MIL.XPND.CD,6839136798.54718
NLD,1998,milex_usd,MS.MIL.XPND.CD,6836084823.12962
NLD,1999,milex_usd,MS.MIL.XPND.CD,7026433290.32725
NLD,2000,milex_usd,MS.MIL.XPND.CD,5971807628.52405
NLD,2001,milex_usd,MS.MIL.XPND.CD,6200391942.80141
NLD,2002,milex_usd,MS.MIL.XPND.CD,6728153969.22498
NLD,2003,milex_usd,MS.MIL.XPND.CD,8356338470.08128
NLD,2004,milex_usd,MS.MIL.XPND.CD,9377114724.37963
NLD,2005,milex_usd,MS.MIL.XPND.CD,9566980052.72845
NLD,2006,milex_usd,MS.MIL.XPND.CD,10217765740.3144
NLD,2007,milex_usd,MS.MIL.XPND.CD,11480377423.5668
NLD,2008,milex_usd,MS.MIL.XPND.CD,12374848939.8323
NLD,2009,milex_usd,MS.MIL.XPND.CD,12131812075.6887
NLD,2010,milex_usd,MS.MIL.XPND.CD,11220523280.0694
NLD,2011,milex_usd,MS.MIL.XPND.CD,11647934608.0864
NLD,2012,milex_usd,MS.MIL.XPND.CD,10364720786.7464
NLD,2013,milex_usd,MS.MIL.XPND.CD,10226260324.8451
NLD,2014,milex_usd,MS.MIL.XPND.CD,10332602877.9244
NLD,2015,milex_usd,MS.MIL.XPND.CD,8667849617.38938
NLD,2016,milex_usd,MS.MIL.XPND.CD,9115240931.64471
NLD,2017,milex_usd,MS.MIL.XPND.CD,9580685498.2163
NLD,2018,milex_usd,MS.MIL.XPND.CD,11114927469.5183
NLD,2019,milex_usd,MS.MIL.XPND.CD,12000671742.0511
NLD,2020,milex_usd,MS.MIL.XPND.CD,13085717542.4598
NLD,2021,milex_usd,MS.MIL.XPND.CD,14395695364.2384
NLD,2022,milex_usd,MS.MIL.XPND.CD,13632443393.6069
NLD,2023,milex_usd,MS.MIL.XPND.CD,16624820117.4584
NLD,2024,milex_usd,MS.MIL.XPND.CD,23179211260.1708
NOR,1990,milex_usd,MS.MIL.XPND.CD,3394869435.47176
NOR,1991,milex_usd,MS.MIL.XPND.CD,3287551635.52339
NOR,1992,milex_usd,MS.MIL.XPND.CD,3803684930.4047
NOR,1993,milex_usd,MS.MIL.XPND.CD,3175583193.42893
NOR,1994,milex_usd,MS.MIL.XPND.CD,3403291213.13538
NOR,1995,milex_usd,MS.MIL.XPND.CD,3508040838.74756
NOR,1996,milex_usd,MS.MIL.XPND.CD,3537003415.60449
NOR,1997,milex_usd,MS.MIL.XPND.CD,3253032487.91246
NOR,1998,milex_usd,MS.MIL.XPND.CD,3324939364.62075
NOR,1999,milex_usd,MS.MIL.XPND.CD,3309198286.48433
NOR,2000,milex_usd,MS.MIL.XPND.CD,2922343509.99336
NOR,2001,milex_usd,MS.MIL.XPND.CD,2965973986.97681
NOR,2002,milex_usd,MS.MIL.XPND.CD,4065868548.48205
NOR,2003,milex_usd,MS.MIL.XPND.CD,4517514992.47199
NOR,2004,milex_usd,MS.MIL.XPND.CD,4887380337.43619
NOR,2005,milex_usd,MS.MIL.XPND.CD,4884904928.2111
NOR,2006,milex_usd,MS.MIL.XPND.CD,5011748966.60549
NOR,2007,milex_usd,MS.MIL.XPND.CD,5875288100.49013
NOR,2008,milex_usd,MS.MIL.XPND.CD,6370921985.8156
NOR,2009,milex_usd,MS.MIL.XPND.CD,6195603602.22825
NOR,2010,milex_usd,MS.MIL.XPND.CD,6498659038.37913
NOR,2011,milex_usd,MS.MIL.XPND.CD,7232260585.48231
NOR,2012,milex_usd,MS.MIL.XPND.CD,7143962183.06833
NOR,2013,milex_usd,MS.MIL.XPND.CD,7391829787.23404
NOR,2014,milex_usd,MS.MIL.XPND.CD,7336785328.3336
NOR,2015,milex_usd,MS.MIL.XPND.CD,5815228174.60317
NOR,2016,milex_usd,MS.MIL.XPND.CD,5997385047.52171
NOR,2017,milex_usd,MS.MIL.XPND.CD,6853260032.98516
NOR,2018,milex_usd,MS.MIL.XPND.CD,7541055169.17745
NOR,2019,milex_usd,MS.MIL.XPND.CD,7542135789.83282
NOR,2020,milex_usd,MS.MIL.XPND.CD,7225183140.46077
NOR,2021,milex_usd,MS.MIL.XPND.CD,8435121610.61329
NOR,2022,milex_usd,MS.MIL.XPND.CD,8697821939.02253
NOR,2023,milex_usd,MS.MIL.XPND.CD,8797762486.63076
NOR,2024,milex_usd,MS.MIL.XPND.CD,10435320375.7091
PAK,1990,milex_usd,MS.MIL.XPND.CD,2810101624.33087
PAK,1991,milex_usd,MS.MIL.XPND.CD,3067123794.15818
PAK,1992,milex_usd,MS.MIL.XPND.CD,3388776372.65377
PAK,1993,milex_usd,MS.MIL.XPND.CD,3308760744.5779
PAK,1994,milex_usd,MS.MIL.XPND.CD,3320617929.37389
PAK,1995,milex_usd,MS.MIL.XPND.CD,3665932426.75246
PAK,1996,milex_usd,MS.MIL.XPND.CD,3547799671.27419
PAK,1997,milex_usd,MS.MIL.XPND.CD,3320238862.60535
PAK,1998,milex_usd,MS.MIL.XPND.CD,3218881738.28494
PAK,1999,milex_usd,MS.MIL.XPND.CD,3080764514.44121
PAK,2000,milex_usd,MS.MIL.XPND.CD,2973072721.91798
PAK,2001,milex_usd,MS.MIL.XPND.CD,2842046790.42489
PAK,2002,milex_usd,MS.MIL.XPND.CD,3273401893.38254
PAK,2003,milex_usd,MS.MIL.XPND.CD,3722814794.29284
PAK,2004,milex_usd,MS.MIL.XPND.CD,4128195489.36711
PAK,2005,milex_usd,MS.MIL.XPND.CD,4587117425.1653
PAK,2006,milex_usd,MS.MIL.XPND.CD,4969197611.46682
PAK,2007,milex_usd,MS.MIL.XPND.CD,5342575137.68038
PAK,2008,milex_usd,MS.MIL.XPND.CD,5226678786.50153
PAK,2009,milex_usd,MS.MIL.XPND.CD,5274564970.76961
PAK,2010,milex_usd,MS.MIL.XPND.CD,5974613176.07619
PAK,2011,milex_usd,MS.MIL.XPND.CD,6954787511.26317
PAK,2012,milex_usd,MS.MIL.XPND.CD,7478831888.57671
PAK,2013,milex_usd,MS.MIL.XPND.CD,7655678989.26487
PAK,2014,milex_usd,MS.MIL.XPND.CD,8676510710.11249
PAK,2015,milex_usd,MS.MIL.XPND.CD,9506441631.23121
PAK,2016,milex_usd,MS.MIL.XPND.CD,10004709598.8137
PAK,2017,milex_usd,MS.MIL.XPND.CD,11378168955.0744
PAK,2018,milex_usd,MS.MIL.XPND.CD,11537426075.7681
PAK,2019,milex_usd,MS.MIL.XPND.CD,10223117331.0075
PAK,2020,milex_usd,MS.MIL.XPND.CD,10241024484.5759
PAK,2021,milex_usd,MS.MIL.XPND.CD,11649407810.4994
PAK,2022,milex_usd,MS.MIL.XPND.CD,10358138590.2913
PAK,2023,milex_usd,MS.MIL.XPND.CD,8626157588.37011
PAK,2024,milex_usd,MS.MIL.XPND.CD,10165952756.2448
PHL,1990,milex_usd,MS.MIL.XPND.CD,951481869.97388
PHL,1991,milex_usd,MS.MIL.XPND.CD,913219741.908249
PHL,1992,milex_usd,MS.MIL.XPND.CD,1078843704.06663
PHL,1993,milex_usd,MS.MIL.XPND.CD,1173017500.12906
PHL,1994,milex_usd,MS.MIL.XPND.CD,1392199021.8494
PHL,1995,milex_usd,MS.MIL.XPND.CD,1700402496.64586
PHL,1996,milex_usd,MS.MIL.XPND.CD,1879303176.29243
PHL,1997,milex_usd,MS.MIL.XPND.CD,1576447115.27042
PHL,1998,milex_usd,MS.MIL.XPND.CD,1225561280.50943
PHL,1999,milex_usd,MS.MIL.XPND.CD,1341016654.30172
PHL,2000,milex_usd,MS.MIL.XPND.CD,1303077685.47914
PHL,2001,milex_usd,MS.MIL.XPND.CD,1122103991.55956
PHL,2002,milex_usd,MS.MIL.XPND.CD,1199121766.69845
PHL,2003,milex_usd,MS.MIL.XPND.CD,1301286084.05761
PHL,2004,milex_usd,MS.MIL.XPND.CD,1243221347.64694
PHL,2005,milex_usd,MS.MIL.XPND.CD,1372702435.30512
PHL,2006,milex_usd,MS.MIL.XPND.CD,1607271267.46346
PHL,2007,milex_usd,MS.MIL.XPND.CD,2014371029.11477
PHL,2008,milex_usd,MS.MIL.XPND.CD,2270904919.08319
PHL,2009,milex_usd,MS.MIL.XPND.CD,2115785124.48694
PHL,2010,milex_usd,MS.MIL.XPND.CD,2438189568.98405
PHL,2011,milex_usd,MS.MIL.XPND.CD,2701492158.26159
PHL,2012,milex_usd,MS.MIL.XPND.CD,2898685257.45463
PHL,2013,milex_usd,MS.MIL.XPND.CD,3377027861.15129
PHL,2014,milex_usd,MS.MIL.XPND.CD,3103131460.15886
PHL,2015,milex_usd,MS.MIL.XPND.CD,3335550049.02957
PHL,2016,milex_usd,MS.MIL.XPND.CD,3331502847.06337
PHL,2017,milex_usd,MS.MIL.XPND.CD,3836464209.62757
PHL,2018,milex_usd,MS.MIL.XPND.CD,4107401278.80522
PHL,2019,milex_usd,MS.MIL.XPND.CD,4268129892.72253
PHL,2020,milex_usd,MS.MIL.XPND.CD,4693073497.10808
PHL,2021,milex_usd,MS.MIL.XPND.CD,5546091354.063
PHL,2022,milex_usd,MS.MIL.XPND.CD,5321933197.64622
PHL,2023,milex_usd,MS.MIL.XPND.CD,5142604807.85825
PHL,2024,milex_usd,MS.MIL.XPND.CD,6117535232.86185
POL,1990,milex_usd,MS.MIL.XPND.CD,1540736842.10526
POL,1991,milex_usd,MS.MIL.XPND.CD,1721995820.76569
POL,1992,milex_usd,MS.MIL.XPND.CD,1881935067.22245
POL,1993,milex_usd,MS.MIL.XPND.CD,2123378415.67762
POL,1994,milex_usd,MS.MIL.XPND.CD,2251923178.48153
POL,1995,milex_usd,MS.MIL.XPND.CD,2719362633.91863
POL,1996,milex_usd,MS.MIL.XPND.CD,3083416787.21116
POL,1997,milex_usd,MS.MIL.XPND.CD,3192276376.89866
POL,1998,milex_usd,MS.MIL.XPND.CD,3491022616.10174
POL,1999,milex_usd,MS.MIL.XPND.CD,3226555351.37669
POL,2000,milex_usd,MS.MIL.XPND.CD,3146106712.50118
POL,2001,milex_usd,MS.MIL.XPND.CD,3630645594.66523
POL,2002,milex_usd,MS.MIL.XPND.CD,3776173214.41264
POL,2003,milex_usd,MS.MIL.XPND.CD,4150261758.56501
POL,2004,milex_usd,MS.MIL.XPND.CD,4778627749.04037
POL,2005,milex_usd,MS.MIL.XPND.CD,5896404861.10253
POL,2006,milex_usd,MS.MIL.XPND.CD,6619413758.87805
POL,2007,milex_usd,MS.MIL.XPND.CD,8589136364.45745
POL,2008,milex_usd,MS.MIL.XPND.CD,9349421394.29862
POL,2009,milex_usd,MS.MIL.XPND.CD,7903812008.43552
POL,2010,milex_usd,MS.MIL.XPND.CD,8790170132.32514
POL,2011,milex_usd,MS.MIL.XPND.CD,9455422988.00142
POL,2012,milex_usd,MS.MIL.XPND.CD,8986838792.09222
POL,2013,milex_usd,MS.MIL.XPND.CD,9275711727.44588
POL,2014,milex_usd,MS.MIL.XPND.CD,10345153574.8722
POL,2015,milex_usd,MS.MIL.XPND.CD,10212785780.6075
POL,2016,milex_usd,MS.MIL.XPND.CD,9164190586.63773
POL,2017,milex_usd,MS.MIL.XPND.CD,9870680628.27225
POL,2018,milex_usd,MS.MIL.XPND.CD,12040673422.9565
POL,2019,milex_usd,MS.MIL.XPND.CD,11786153846.1538
POL,2020,milex_usd,MS.MIL.XPND.CD,13718291431.5033
POL,2021,milex_usd,MS.MIL.XPND.CD,15295541731.4671
POL,2022,milex_usd,MS.MIL.XPND.CD,15341313422.5328
POL,2023,milex_usd,MS.MIL.XPND.CD,26342764301.5826
POL,2024,milex_usd,MS.MIL.XPND.CD,38000728652.37
PRT,1990,milex_usd,MS.MIL.XPND.CD,1416083169.93332
PRT,1991,milex_usd,MS.MIL.XPND.CD,1597556798.8274
PRT,1992,milex_usd,MS.MIL.XPND.CD,1912679509.68754
PRT,1993,milex_usd,MS.MIL.XPND.CD,1655575218.56563
PRT,1994,milex_usd,MS.MIL.XPND.CD,1641548411.42883
PRT,1995,milex_usd,MS.MIL.XPND.CD,2016499720.1793
PRT,1996,milex_usd,MS.MIL.XPND.CD,1964184856.09052
PRT,1997,milex_usd,MS.MIL.XPND.CD,1803958424.17472
PRT,1998,milex_usd,MS.MIL.XPND.CD,1763863840.30228
PRT,1999,milex_usd,MS.MIL.XPND.CD,1817405621.2408
PRT,2000,milex_usd,MS.MIL.XPND.CD,1664674242.89918
PRT,2001,milex_usd,MS.MIL.XPND.CD,1755718394.78689
PRT,2002,milex_usd,MS.MIL.XPND.CD,1965227762.20599
PRT,2003,milex_usd,MS.MIL.XPND.CD,2363340458.71829
PRT,2004,milex_usd,MS.MIL.XPND.CD,2847156258.34249
PRT,2005,milex_usd,MS.MIL.XPND.CD,3142565786.20106
PRT,2006,milex_usd,MS.MIL.XPND.CD,3153770788.35488
PRT,2007,milex_usd,MS.MIL.XPND.CD,3309436410.37012
PRT,2008,milex_usd,MS.MIL.XPND.CD,3714798403.3398
PRT,2009,milex_usd,MS.MIL.XPND.CD,3738315160.38914
PRT,2010,milex_usd,MS.MIL.XPND.CD,3540186346.50915
PRT,2011,milex_usd,MS.MIL.XPND.CD,3651882589.26399
PRT,2012,milex_usd,MS.MIL.XPND.CD,3039982320.30569
PRT,2013,milex_usd,MS.MIL.XPND.CD,3262259363.56068
PRT,2014,milex_usd,MS.MIL.XPND.CD,3002398602.04712
PRT,2015,milex_usd,MS.MIL.XPND.CD,2643894865.25452
PRT,2016,milex_usd,MS.MIL.XPND.CD,3178346408.51535
PRT,2017,milex_usd,MS.MIL.XPND.CD,2719739269.42303
PRT,2018,milex_usd,MS.MIL.XPND.CD,3245871841.17654
PRT,2019,milex_usd,MS.MIL.XPND.CD,3299373040.75235
PRT,2020,milex_usd,MS.MIL.XPND.CD,3267981306.28063
PRT,2021,milex_usd,MS.MIL.XPND.CD,3882450331.12583
PRT,2022,milex_usd,MS.MIL.XPND.CD,3566560367.53136
PRT,2023,milex_usd,MS.MIL.XPND.CD,4236152825.61441
PRT,2024,milex_usd,MS.MIL.XPND.CD,4641618584.64707
ROU,1990,milex_usd,MS.MIL.XPND.CD,1739025771.1048
ROU,1991,milex_usd,MS.MIL.XPND.CD,1377194084.87286
ROU,1992,milex_usd,MS.MIL.XPND.CD,831620409.60796
ROU,1993,milex_usd,MS.MIL.XPND.CD,722451519.700652
ROU,1994,milex_usd,MS.MIL.XPND.CD,936686222.501496
ROU,1995,milex_usd,MS.MIL.XPND.CD,983140541.391249
ROU,1996,milex_usd,MS.MIL.XPND.CD,874451238.88698
ROU,1997,milex_usd,MS.MIL.XPND.CD,1074785782.24706
ROU,1998,milex_usd,MS.MIL.XPND.CD,1254227892.71236
ROU,1999,milex_usd,MS.MIL.XPND.CD,955337576.959199
ROU,2000,milex_usd,MS.MIL.XPND.CD,935569610.340555
ROU,2001,milex_usd,MS.MIL.XPND.CD,985657655.673622
ROU,2002,milex_usd,MS.MIL.XPND.CD,1056136062.48903
ROU,2003,milex_usd,MS.MIL.XPND.CD,1250327559.25434
ROU,2004,milex_usd,MS.MIL.XPND.CD,1530183903.96058
ROU,2005,milex_usd,MS.MIL.XPND.CD,1975975151.44235
ROU,2006,milex_usd,MS.MIL.XPND.CD,2251493424.65948
ROU,2007,milex_usd,MS.MIL.XPND.CD,2607689941.55644
ROU,2008,milex_usd,MS.MIL.XPND.CD,3000404945.09421
ROU,2009,milex_usd,MS.MIL.XPND.CD,2225144539.94812
ROU,2010,milex_usd,MS.MIL.XPND.CD,2086220460.05224
ROU,2011,milex_usd,MS.MIL.XPND.CD,2379871482.4133
ROU,2012,milex_usd,MS.MIL.XPND.CD,2102886223.40119
ROU,2013,milex_usd,MS.MIL.XPND.CD,2452512981.08128
ROU,2014,milex_usd,MS.MIL.XPND.CD,2691470287.45885
ROU,2015,milex_usd,MS.MIL.XPND.CD,2580594158.27577
ROU,2016,milex_usd,MS.MIL.XPND.CD,2644159836.08537
ROU,2017,milex_usd,MS.MIL.XPND.CD,3622068491.8065
ROU,2018,milex_usd,MS.MIL.XPND.CD,4359021208.90509
ROU,2019,milex_usd,MS.MIL.XPND.CD,4613040396.88164
ROU,2020,milex_usd,MS.MIL.XPND.CD,5052321470.65755
ROU,2021,milex_usd,MS.MIL.XPND.CD,5300529355.14918
ROU,2022,milex_usd,MS.MIL.XPND.CD,5187965337.04387
ROU,2023,milex_usd,MS.MIL.XPND.CD,5628033535.95184
ROU,2024,milex_usd,MS.MIL.XPND.CD,8715729594.3219
RUS,1990,milex_usd,MS.MIL.XPND.CD,0
RUS,1992,milex_usd,MS.MIL.XPND.CD,0
RUS,1993,milex_usd,MS.MIL.XPND.CD,7766720078.41342
RUS,1994,milex_usd,MS.MIL.XPND.CD,13547871733.4246
RUS,1995,milex_usd,MS.MIL.XPND.CD,12741629470.4057
RUS,1996,milex_usd,MS.MIL.XPND.CD,15826340651.8084
RUS,1997,milex_usd,MS.MIL.XPND.CD,17577353180.6466
RUS,1998,milex_usd,MS.MIL.XPND.CD,7955730400.98588
RUS,1999,milex_usd,MS.MIL.XPND.CD,6469035211.35342
RUS,2000,milex_usd,MS.MIL.XPND.CD,9228204143.73676
RUS,2001,milex_usd,MS.MIL.XPND.CD,11683151344.7726
RUS,2002,milex_usd,MS.MIL.XPND.CD,13943825063.4002
RUS,2003,milex_usd,MS.MIL.XPND.CD,16973739085.1036
RUS,2004,milex_usd,MS.MIL.XPND.CD,20955413570.6279
RUS,2005,milex_usd,MS.MIL.XPND.CD,27336977273.6915
RUS,2006,milex_usd,MS.MIL.XPND.CD,34517781618.918
RUS,2007,milex_usd,MS.MIL.XPND.CD,43534994996.2472
RUS,2008,milex_usd,MS.MIL.XPND.CD,56183785393.2539
RUS,2009,milex_usd,MS.MIL.XPND.CD,51532116797.5199
RUS,2010,milex_usd,MS.MIL.XPND.CD,58720227608.7579
RUS,2011,milex_usd,MS.MIL.XPND.CD,70237523951.4946
RUS,2012,milex_usd,MS.MIL.XPND.CD,81469399931.2577
RUS,2013,milex_usd,MS.MIL.XPND.CD,88352896463.5598
RUS,2014,milex_usd,MS.MIL.XPND.CD,84696504653.4978
RUS,2015,milex_usd,MS.MIL.XPND.CD,66421822179.9206
RUS,2016,milex_usd,MS.MIL.XPND.CD,69245294552.8466
RUS,2017,milex_usd,MS.MIL.XPND.CD,66913033536.7831
RUS,2018,milex_usd,MS.MIL.XPND.CD,61609204756.4171
RUS,2019,milex_usd,MS.MIL.XPND.CD,65201335848.3565
RUS,2020,milex_usd,MS.MIL.XPND.CD,61712537168.9371
RUS,2021,milex_usd,MS.MIL.XPND.CD,65907705047.1045
RUS,2022,milex_usd,MS.MIL.XPND.CD,102366636459.68
RUS,2023,milex_usd,MS.MIL.XPND.CD,109203624738.379
RUS,2024,milex_usd,MS.MIL.XPND.CD,148967275140.483
SAU,1990,milex_usd,MS.MIL.XPND.CD,16355466666.6667
SAU,1991,milex_usd,MS.MIL.XPND.CD,16355466666.6667
SAU,1992,milex_usd,MS.MIL.XPND.CD,15360266666.6667
SAU,1993,milex_usd,MS.MIL.XPND.CD,16451200000
SAU,1994,milex_usd,MS.MIL.XPND.CD,14279733333.3333
SAU,1995,milex_usd,MS.MIL.XPND.CD,13200266666.6667
SAU,1996,milex_usd,MS.MIL.XPND.CD,13340000000
SAU,1997,milex_usd,MS.MIL.XPND.CD,18126666666.6667
SAU,1998,milex_usd,MS.MIL.XPND.CD,20861600000
SAU,1999,milex_usd,MS.MIL.XPND.CD,18320000000
SAU,2000,milex_usd,MS.MIL.XPND.CD,19964266666.6667
SAU,2001,milex_usd,MS.MIL.XPND.CD,21026666666.6667
SAU,2002,milex_usd,MS.MIL.XPND.CD,18501866666.6667
SAU,2003,milex_usd,MS.MIL.XPND.CD,18747466666.6667
SAU,2004,milex_usd,MS.MIL.XPND.CD,20910400000
SAU,2005,milex_usd,MS.MIL.XPND.CD,25392038600.7238
SAU,2006,milex_usd,MS.MIL.XPND.CD,29580507343.1242
SAU,2007,milex_usd,MS.MIL.XPND.CD,35469513008.6724
SAU,2008,milex_usd,MS.MIL.XPND.CD,38222933333.3333
SAU,2009,milex_usd,MS.MIL.XPND.CD,41267200000
SAU,2010,milex_usd,MS.MIL.XPND.CD,45244533333.3333
SAU,2011,milex_usd,MS.MIL.XPND.CD,48530933333.3333
SAU,2012,milex_usd,MS.MIL.XPND.CD,56497866666.6667
SAU,2013,milex_usd,MS.MIL.XPND.CD,67020000000
SAU,2014,milex_usd,MS.MIL.XPND.CD,80762400000
SAU,2015,milex_usd,MS.MIL.XPND.CD,87185866666.6667
SAU,2016,milex_usd,MS.MIL.XPND.CD,63672800000
SAU,2017,milex_usd,MS.MIL.XPND.CD,70400000000
SAU,2018,milex_usd,MS.MIL.XPND.CD,74612266666.6667
SAU,2019,milex_usd,MS.MIL.XPND.CD,65362666666.6667
SAU,2020,milex_usd,MS.MIL.XPND.CD,64558400000
SAU,2021,milex_usd,MS.MIL.XPND.CD,63194666666.6667
SAU,2022,milex_usd,MS.MIL.XPND.CD,70920000000
SAU,2023,milex_usd,MS.MIL.XPND.CD,77765333333.3333
SAU,2024,milex_usd,MS.MIL.XPND.CD,80330666666.6667
SGP,1990,milex_usd,MS.MIL.XPND.CD,1801901209.91101
SGP,1991,milex_usd,MS.MIL.XPND.CD,2022806865.21374
SGP,1992,milex_usd,MS.MIL.XPND.CD,2332148535.5777
SGP,1993,milex_usd,MS.MIL.XPND.CD,2481448703.11117
SGP,1994,milex_usd,MS.MIL.XPND.CD,2797163882.05101
SGP,1995,milex_usd,MS.MIL.XPND.CD,3672797697.15955
SGP,1996,milex_usd,MS.MIL.XPND.CD,4100238291.11231
SGP,1997,milex_usd,MS.MIL.XPND.CD,4457304301.56047
SGP,1998,milex_usd,MS.MIL.XPND.CD,4466270315.48757
SGP,1999,milex_usd,MS.MIL.XPND.CD,4493173880.20956
SGP,2000,milex_usd,MS.MIL.XPND.CD,4330726931.01928
SGP,2001,milex_usd,MS.MIL.XPND.CD,4309127542.24991
SGP,2002,milex_usd,MS.MIL.XPND.CD,4528116430.89708
SGP,2003,milex_usd,MS.MIL.XPND.CD,4723679527.94774
SGP,2004,milex_usd,MS.MIL.XPND.CD,5043396460.83669
SGP,2005,milex_usd,MS.MIL.XPND.CD,5463830809.90147
SGP,2006,milex_usd,MS.MIL.XPND.CD,5830527461.87686
SGP,2007,milex_usd,MS.MIL.XPND.CD,6518528962.9089
SGP,2008,milex_usd,MS.MIL.XPND.CD,7454324102.73808
SGP,2009,milex_usd,MS.MIL.XPND.CD,7537761857.94529
SGP,2010,milex_usd,MS.MIL.XPND.CD,8108851420.23161
SGP,2011,milex_usd,MS.MIL.XPND.CD,8922267805.18056
SGP,2012,milex_usd,MS.MIL.XPND.CD,9171948018.69278
SGP,2013,milex_usd,MS.MIL.XPND.CD,9345680492.28802
SGP,2014,milex_usd,MS.MIL.XPND.CD,9596602344.02747
SGP,2015,milex_usd,MS.MIL.XPND.CD,9383830669.35792
SGP,2016,milex_usd,MS.MIL.XPND.CD,9873331564.27443
SGP,2017,milex_usd,MS.MIL.XPND.CD,10178706550.0118
SGP,2018,milex_usd,MS.MIL.XPND.CD,10581915690.0465
SGP,2019,milex_usd,MS.MIL.XPND.CD,10402584310.8504
SGP,2020,milex_usd,MS.MIL.XPND.CD,9801649746.19289
SGP,2021,milex_usd,MS.MIL.XPND.CD,11017572598.6597
SGP,2022,milex_usd,MS.MIL.XPND.CD,11996550573.4536
SGP,2023,milex_usd,MS.MIL.XPND.CD,14181464336.7468
SGP,2024,milex_usd,MS.MIL.XPND.CD,15061025802.2031
SWE,1990,milex_usd,MS.MIL.XPND.CD,5913117377.03145
SWE,1991,milex_usd,MS.MIL.XPND.CD,5878822052.85847
SWE,1992,milex_usd,MS.MIL.XPND.CD,6141834497.22949
SWE,1993,milex_usd,MS.MIL.XPND.CD,4752660459.46324
SWE,1994,milex_usd,MS.MIL.XPND.CD,4818836776.19275
SWE,1995,milex_usd,MS.MIL.XPND.CD,4653429165.95988
SWE,1996,milex_usd,MS.MIL.XPND.CD,4301745511.95255
SWE,1997,milex_usd,MS.MIL.XPND.CD,5085207514.45011
SWE,1998,milex_usd,MS.MIL.XPND.CD,5035805616.94719
SWE,1999,milex_usd,MS.MIL.XPND.CD,5080829731.6891
SWE,2000,milex_usd,MS.MIL.XPND.CD,4764337105.33669
SWE,2001,milex_usd,MS.MIL.XPND.CD,4283625872.53488
SWE,2002,milex_usd,MS.MIL.XPND.CD,4354573015.42961
SWE,2003,milex_usd,MS.MIL.XPND.CD,5305640404.14034
SWE,2004,milex_usd,MS.MIL.XPND.CD,5514710384.83363
SWE,2005,milex_usd,MS.MIL.XPND.CD,5518466925.99715
SWE,2006,milex_usd,MS.MIL.XPND.CD,5577203266.3572
SWE,2007,milex_usd,MS.MIL.XPND.CD,6386221161.54271
SWE,2008,milex_usd,MS.MIL.XPND.CD,6024791006.05362
SWE,2009,milex_usd,MS.MIL.XPND.CD,5062962024.19184
SWE,2010,milex_usd,MS.MIL.XPND.CD,5885935800.38626
SWE,2011,milex_usd,MS.MIL.XPND.CD,6324747364.3036
SWE,2012,milex_usd,MS.MIL.XPND.CD,6243671605.39748
SWE,2013,milex_usd,MS.MIL.XPND.CD,6528737467.32024
SWE,2014,milex_usd,MS.MIL.XPND.CD,6555518063.89502
SWE,2015,milex_usd,MS.MIL.XPND.CD,5386942195.8071
SWE,2016,milex_usd,MS.MIL.XPND.CD,5427549191.34014
SWE,2017,milex_usd,MS.MIL.XPND.CD,5526592999.00266
SWE,2018,milex_usd,MS.MIL.XPND.CD,5732822794.38131
SWE,2019,milex_usd,MS.MIL.XPND.CD,5839555790.58699
SWE,2020,milex_usd,MS.MIL.XPND.CD,6271285838.40139
SWE,2021,milex_usd,MS.MIL.XPND.CD,7582555970.14925
SWE,2022,milex_usd,MS.MIL.XPND.CD,7722479440.75299
SWE,2023,milex_usd,MS.MIL.XPND.CD,8754872951.01216
SWE,2024,milex_usd,MS.MIL.XPND.CD,12040289402.7522
THA,1990,milex_usd,MS.MIL.XPND.CD,2214017705.34092
THA,1991,milex_usd,MS.MIL.XPND.CD,2598337173.94031
THA,1992,milex_usd,MS.MIL.XPND.CD,2961769835.55183
THA,1993,milex_usd,MS.MIL.XPND.CD,3156299862.55707
THA,1994,milex_usd,MS.MIL.XPND.CD,3611133200.79523
THA,1995,milex_usd,MS.MIL.XPND.CD,3849025895.83868
THA,1996,milex_usd,MS.MIL.XPND.CD,3938047248.32003
THA,1997,milex_usd,MS.MIL.XPND.CD,3264802657.79883
THA,1998,milex_usd,MS.MIL.XPND.CD,2110239752.02735
THA,1999,milex_usd,MS.MIL.XPND.CD,2056847121.54589
THA,2000,milex_usd,MS.MIL.XPND.CD,1880858625.14273
THA,2001,milex_usd,MS.MIL.XPND.CD,1720105374.74202
THA,2002,milex_usd,MS.MIL.XPND.CD,1783890749.78876
THA,2003,milex_usd,MS.MIL.XPND.CD,1877476822.72458
THA,2004,milex_usd,MS.MIL.XPND.CD,1950877496.12156
THA,2005,milex_usd,MS.MIL.XPND.CD,1867044089.89535
THA,2006,milex_usd,MS.MIL.XPND.CD,2106976928.35648
THA,2007,milex_usd,MS.MIL.XPND.CD,2679881917.36533
THA,2008,milex_usd,MS.MIL.XPND.CD,3650043676.24943
THA,2009,milex_usd,MS.MIL.XPND.CD,4339318318.37087
THA,2010,milex_usd,MS.MIL.XPND.CD,5193510006.09108
THA,2011,milex_usd,MS.MIL.XPND.CD,5156739374.97745
THA,2012,milex_usd,MS.MIL.XPND.CD,5408091535.27158
THA,2013,milex_usd,MS.MIL.XPND.CD,5555742693.48435
THA,2014,milex_usd,MS.MIL.XPND.CD,5582641023.40427
THA,2015,milex_usd,MS.MIL.XPND.CD,5434004602.73993
THA,2016,milex_usd,MS.MIL.XPND.CD,5562167772.71979
THA,2017,milex_usd,MS.MIL.XPND.CD,6114994058.34986
THA,2018,milex_usd,MS.MIL.XPND.CD,6661985270.48746
THA,2019,milex_usd,MS.MIL.XPND.CD,7091211579.58571
THA,2020,milex_usd,MS.MIL.XPND.CD,7295669542.98498
THA,2021,milex_usd,MS.MIL.XPND.CD,7123128719.07297
THA,2022,milex_usd,MS.MIL.XPND.CD,6030950056.63075
THA,2023,milex_usd,MS.MIL.XPND.CD,5745692331.57405
THA,2024,milex_usd,MS.MIL.XPND.CD,5522411647.48004
TUR,1990,milex_usd,MS.MIL.XPND.CD,5315413395.48577
TUR,1991,milex_usd,MS.MIL.XPND.CD,5670666519.6485
TUR,1992,milex_usd,MS.MIL.XPND.CD,6157947273.30402
TUR,1993,milex_usd,MS.MIL.XPND.CD,7075086939.89767
TUR,1994,milex_usd,MS.MIL.XPND.CD,5293173965.76006
TUR,1995,milex_usd,MS.MIL.XPND.CD,6606245814.71084
TUR,1996,milex_usd,MS.MIL.XPND.CD,7512090795.51722
TUR,1997,milex_usd,MS.MIL.XPND.CD,7791986303.62493
TUR,1998,milex_usd,MS.MIL.XPND.CD,8781048158.20561
TUR,1999,milex_usd,MS.MIL.XPND.CD,9951788873.95143
TUR,2000,milex_usd,MS.MIL.XPND.CD,9993730196.93899
TUR,2001,milex_usd,MS.MIL.XPND.CD,7216051044.80291
TUR,2002,milex_usd,MS.MIL.XPND.CD,9050377181.98284
TUR,2003,milex_usd,MS.MIL.XPND.CD,10277901778.2782
TUR,2004,milex_usd,MS.MIL.XPND.CD,10920773882.178
TUR,2005,milex_usd,MS.MIL.XPND.CD,12081156313.729
TUR,2006,milex_usd,MS.MIL.XPND.CD,13036508103.1888
TUR,2007,milex_usd,MS.MIL.XPND.CD,14987758360.004
TUR,2008,milex_usd,MS.MIL.XPND.CD,16809576495.1749
TUR,2009,milex_usd,MS.MIL.XPND.CD,16047510903.5072
TUR,2010,milex_usd,MS.MIL.XPND.CD,17650464118.1755
TUR,2011,milex_usd,MS.MIL.XPND.CD,17006477805.3076
TUR,2012,milex_usd,MS.MIL.XPND.CD,17694320712.6949
TUR,2013,milex_usd,MS.MIL.XPND.CD,18427646196.757
TUR,2014,milex_usd,MS.MIL.XPND.CD,17576538470.5059
TUR,2015,milex_usd,MS.MIL.XPND.CD,15668750000
TUR,2016,milex_usd,MS.MIL.XPND.CD,17827702150.7967
TUR,2017,milex_usd,MS.MIL.XPND.CD,17822738263.1645
TUR,2018,milex_usd,MS.MIL.XPND.CD,19648693823.8514
TUR,2019,milex_usd,MS.MIL.XPND.CD,20436917121.2388
TUR,2020,milex_usd,MS.MIL.XPND.CD,15782990905.8308
TUR,2021,milex_usd,MS.MIL.XPND.CD,15254829834.6664
TUR,2022,milex_usd,MS.MIL.XPND.CD,15036835693.6064
TUR,2023,milex_usd,MS.MIL.XPND.CD,19577831923.5437
TUR,2024,milex_usd,MS.MIL.XPND.CD,24978735534.6038
USA,1990,milex_usd,MS.MIL.XPND.CD,325129313986.031
USA,1991,milex_usd,MS.MIL.XPND.CD,299372779114.591
USA,1992,milex_usd,MS.MIL.XPND.CD,325033735954.804
USA,1993,milex_usd,MS.MIL.XPND.CD,316719443747.423
USA,1994,milex_usd,MS.MIL.XPND.CD,308084000000
USA,1995,milex_usd,MS.MIL.XPND.CD,295853097724.661
USA,1996,milex_usd,MS.MIL.XPND.CD,287960668678.94
USA,1997,milex_usd,MS.MIL.XPND.CD,293167825790.971
USA,1998,milex_usd,MS.MIL.XPND.CD,290996055088.378
USA,1999,milex_usd,MS.MIL.XPND.CD,298094891322.404
USA,2000,milex_usd,MS.MIL.XPND.CD,320086324211.196
USA,2001,milex_usd,MS.MIL.XPND.CD,331805610572.137
USA,2002,milex_usd,MS.MIL.XPND.CD,378463138753.841
USA,2003,milex_usd,MS.MIL.XPND.CD,440532069586.192
USA,2004,milex_usd,MS.MIL.XPND.CD,492999376159.397
USA,2005,milex_usd,MS.MIL.XPND.CD,533203000000
USA,2006,milex_usd,MS.MIL.XPND.CD,558335000000
USA,2007,milex_usd,MS.MIL.XPND.CD,589586000000
USA,2008,milex_usd,MS.MIL.XPND.CD,656756000000
USA,2009,milex_usd,MS.MIL.XPND.CD,705917000000
USA,2010,milex_usd,MS.MIL.XPND.CD,738005000000
USA,2011,milex_usd,MS.MIL.XPND.CD,752288000000
USA,2012,milex_usd,MS.MIL.XPND.CD,725205000000
USA,2013,milex_usd,MS.MIL.XPND.CD,679229000000
USA,2014,milex_usd,MS.MIL.XPND.CD,647789000000
USA,2015,milex_usd,MS.MIL.XPND.CD,633829639000
USA,2016,milex_usd,MS.MIL.XPND.CD,639856443000
USA,2017,milex_usd,MS.MIL.XPND.CD,646752927000
USA,2018,milex_usd,MS.MIL.XPND.CD,682491400000
USA,2019,milex_usd,MS.MIL.XPND.CD,734344100000
USA,2020,milex_usd,MS.MIL.XPND.CD,778397200000
USA,2021,milex_usd,MS.MIL.XPND.CD,806230200000
USA,2022,milex_usd,MS.MIL.XPND.CD,860692200000
USA,2023,milex_usd,MS.MIL.XPND.CD,916014700000
USA,2024,milex_usd,MS.MIL.XPND.CD,997309000000
VNM,1990,milex_usd,MS.MIL.XPND.CD,511970136.360832
VNM,1991,milex_usd,MS.MIL.XPND.CD,427617814.087875
VNM,1992,milex_usd,MS.MIL.XPND.CD,332970309.40351
VNM,1993,milex_usd,MS.MIL.XPND.CD,297716380.03947
VNM,1994,milex_usd,MS.MIL.XPND.CD,431345012.174325
VNM,2003,milex_usd,MS.MIL.XPND.CD,841930159.385155
VNM,2004,milex_usd,MS.MIL.XPND.CD,915089546.551505
VNM,2005,milex_usd,MS.MIL.XPND.CD,1026426801.35444
VNM,2006,milex_usd,MS.MIL.XPND.CD,1286528866.71418
VNM,2007,milex_usd,MS.MIL.XPND.CD,1784217421.81048
VNM,2008,milex_usd,MS.MIL.XPND.CD,2137625596.54525
VNM,2009,milex_usd,MS.MIL.XPND.CD,2401450914.43941
VNM,2010,milex_usd,MS.MIL.XPND.CD,2672286425.00631
VNM,2011,milex_usd,MS.MIL.XPND.CD,2686520590.1569
VNM,2012,milex_usd,MS.MIL.XPND.CD,3360860380.25735
VNM,2013,milex_usd,MS.MIL.XPND.CD,3727249276.27619
VNM,2014,milex_usd,MS.MIL.XPND.CD,4255721581.237
VNM,2015,milex_usd,MS.MIL.XPND.CD,4562632500.69131
VNM,2016,milex_usd,MS.MIL.XPND.CD,5017401787.37234
VNM,2017,milex_usd,MS.MIL.XPND.CD,5073853533.65223
VNM,2018,milex_usd,MS.MIL.XPND.CD,5500000000
ZAF,1990,milex_usd,MS.MIL.XPND.CD,4364458203.85573
ZAF,1991,milex_usd,MS.MIL.XPND.CD,3874415134.79061
ZAF,1992,milex_usd,MS.MIL.XPND.CD,3677406460.70666
ZAF,1993,milex_usd,MS.MIL.XPND.CD,3254313378.66538
ZAF,1994,milex_usd,MS.MIL.XPND.CD,3478582291.31463
ZAF,1995,milex_usd,MS.MIL.XPND.CD,3292446561.84434
ZAF,1996,milex_usd,MS.MIL.XPND.CD,2591787130.61277
ZAF,1997,milex_usd,MS.MIL.XPND.CD,2414137709.52873
ZAF,1998,milex_usd,MS.MIL.XPND.CD,1905656008.74051
ZAF,1999,milex_usd,MS.MIL.XPND.CD,1738036625.04829
ZAF,2000,milex_usd,MS.MIL.XPND.CD,1891725013.43693
ZAF,2001,milex_usd,MS.MIL.XPND.CD,1802262236.357
ZAF,2002,milex_usd,MS.MIL.XPND.CD,1766082897.72027
ZAF,2003,milex_usd,MS.MIL.XPND.CD,2574176278.13213
ZAF,2004,milex_usd,MS.MIL.XPND.CD,3099065125.41623
ZAF,2005,milex_usd,MS.MIL.XPND.CD,3566963815.37049
ZAF,2006,milex_usd,MS.MIL.XPND.CD,3506139657.83314
ZAF,2007,milex_usd,MS.MIL.XPND.CD,3525684243.6948
ZAF,2008,milex_usd,MS.MIL.XPND.CD,3285925081.28339
ZAF,2009,milex_usd,MS.MIL.XPND.CD,3592687702.02285
ZAF,2010,milex_usd,MS.MIL.XPND.CD,4188168092.20321
ZAF,2011,milex_usd,MS.MIL.XPND.CD,4594154077.94655
ZAF,2012,milex_usd,MS.MIL.XPND.CD,4489590095.94432
ZAF,2013,milex_usd,MS.MIL.XPND.CD,4118208483.42734
ZAF,2014,milex_usd,MS.MIL.XPND.CD,3892485091.06944
ZAF,2015,milex_usd,MS.MIL.XPND.CD,3488867947.83997
ZAF,2016,milex_usd,MS.MIL.XPND.CD,3139312128.41824
ZAF,2017,milex_usd,MS.MIL.XPND.CD,3591507613.36993
ZAF,2018,milex_usd,MS.MIL.XPND.CD,3622918742.55151
ZAF,2019,milex_usd,MS.MIL.XPND.CD,3435429787.52855
ZAF,2020,milex_usd,MS.MIL.XPND.CD,3231017731.35778
ZAF,2021,milex_usd,MS.MIL.XPND.CD,3392816053.05901
ZAF,2022,milex_usd,MS.MIL.XPND.CD,3247390718.21223
ZAF,2023,milex_usd,MS.MIL.XPND.CD,2876466038.91346
ZAF,2024,milex_usd,MS.MIL.XPND.CD,2835956043.23652
ARE,1990,population,SP.POP.TOTL,1898220
ARE,1991,population,SP.POP.TOTL,2006626
ARE,1992,population,SP.POP.TOTL,2114730
ARE,1993,population,SP.POP.TOTL,2222093
ARE,1994,population,SP.POP.TOTL,2328188
ARE,1995,population,SP.POP.TOTL,2434662
ARE,1996,population,SP.POP.TOTL,2597564
ARE,1997,population,SP.POP.TOTL,2817410
ARE,1998,population,SP.POP.TOTL,3040421
ARE,1999,population,SP.POP.TOTL,3266009
ARE,2000,population,SP.POP.TOTL,3493575
ARE,2001,population,SP.POP.TOTL,3723590
ARE,2002,population,SP.POP.TOTL,3956826
ARE,2003,population,SP.POP.TOTL,4192457
ARE,2004,population,SP.POP.TOTL,4428967
ARE,2005,population,SP.POP.TOTL,4664790
ARE,2006,population,SP.POP.TOTL,5009100
ARE,2007,population,SP.POP.TOTL,5624635
ARE,2008,population,SP.POP.TOTL,6302664
ARE,2009,population,SP.POP.TOTL,6707058
ARE,2010,population,SP.POP.TOTL,6869838
ARE,2011,population,SP.POP.TOTL,7104538
ARE,2012,population,SP.POP.TOTL,7391448
ARE,2013,population,SP.POP.TOTL,7693031
ARE,2014,population,SP.POP.TOTL,8059440
ARE,2015,population,SP.POP.TOTL,8505237
ARE,2016,population,SP.POP.TOTL,8935095
ARE,2017,population,SP.POP.TOTL,9223225
ARE,2018,population,SP.POP.TOTL,9346701
ARE,2019,population,SP.POP.TOTL,9445785
ARE,2020,population,SP.POP.TOTL,9401038
ARE,2021,population,SP.POP.TOTL,9575152
ARE,2022,population,SP.POP.TOTL,10074977
ARE,2023,population,SP.POP.TOTL,10483751
ARE,2024,population,SP.POP.TOTL,10986400
ARG,1990,population,SP.POP.TOTL,32755901
ARG,1991,population,SP.POP.TOTL,33230294
ARG,1992,population,SP.POP.TOTL,33693527
ARG,1993,population,SP.POP.TOTL,34152717
ARG,1994,population,SP.POP.TOTL,34613491
ARG,1995,population,SP.POP.TOTL,35070020
ARG,1996,population,SP.POP.TOTL,35513793
ARG,1997,population,SP.POP.TOTL,35947791
ARG,1998,population,SP.POP.TOTL,36372860
ARG,1999,population,SP.POP.TOTL,36794682
ARG,2000,population,SP.POP.TOTL,37213984
ARG,2001,population,SP.POP.TOTL,37624825
ARG,2002,population,SP.POP.TOTL,38029349
ARG,2003,population,SP.POP.TOTL,38424282
ARG,2004,population,SP.POP.TOTL,38815916
ARG,2005,population,SP.POP.TOTL,39216789
ARG,2006,population,SP.POP.TOTL,39622115
ARG,2007,population,SP.POP.TOTL,40016763
ARG,2008,population,SP.POP.TOTL,40424148
ARG,2009,population,SP.POP.TOTL,40854831
ARG,2010,population,SP.POP.TOTL,41288694
ARG,2011,population,SP.POP.TOTL,41730660
ARG,2012,population,SP.POP.TOTL,42161721
ARG,2013,population,SP.POP.TOTL,42582455
ARG,2014,population,SP.POP.TOTL,43024071
ARG,2015,population,SP.POP.TOTL,43477012
ARG,2016,population,SP.POP.TOTL,43900313
ARG,2017,population,SP.POP.TOTL,44288894
ARG,2018,population,SP.POP.TOTL,44654882
ARG,2019,population,SP.POP.TOTL,44973465
ARG,2020,population,SP.POP.TOTL,45191965
ARG,2021,population,SP.POP.TOTL,45312281
ARG,2022,population,SP.POP.TOTL,45407904
ARG,2023,population,SP.POP.TOTL,45538401
ARG,2024,population,SP.POP.TOTL,45696159
AUS,1990,population,SP.POP.TOTL,17065128
AUS,1991,population,SP.POP.TOTL,17284036
AUS,1992,population,SP.POP.TOTL,17478635
AUS,1993,population,SP.POP.TOTL,17634808
AUS,1994,population,SP.POP.TOTL,17805468
AUS,1995,population,SP.POP.TOTL,18004882
AUS,1996,population,SP.POP.TOTL,18224767
AUS,1997,population,SP.POP.TOTL,18423037
AUS,1998,population,SP.POP.TOTL,18607584
AUS,1999,population,SP.POP.TOTL,18812264
AUS,2000,population,SP.POP.TOTL,19028802
AUS,2001,population,SP.POP.TOTL,19274701
AUS,2002,population,SP.POP.TOTL,19495210
AUS,2003,population,SP.POP.TOTL,19720737
AUS,2004,population,SP.POP.TOTL,19932722
AUS,2005,population,SP.POP.TOTL,20176844
AUS,2006,population,SP.POP.TOTL,20450966
AUS,2007,population,SP.POP.TOTL,20827622
AUS,2008,population,SP.POP.TOTL,21249199
AUS,2009,population,SP.POP.TOTL,21691653
AUS,2010,population,SP.POP.TOTL,22031750
AUS,2011,population,SP.POP.TOTL,22340024
AUS,2012,population,SP.POP.TOTL,22733465
AUS,2013,population,SP.POP.TOTL,23128129
AUS,2014,population,SP.POP.TOTL,23475686
AUS,2015,population,SP.POP.TOTL,23815995
AUS,2016,population,SP.POP.TOTL,24190907
AUS,2017,population,SP.POP.TOTL,24592588
AUS,2018,population,SP.POP.TOTL,24963258
AUS,2019,population,SP.POP.TOTL,25334826
AUS,2020,population,SP.POP.TOTL,25649248
AUS,2021,population,SP.POP.TOTL,25685412
AUS,2022,population,SP.POP.TOTL,26018721
AUS,2023,population,SP.POP.TOTL,26659922
AUS,2024,population,SP.POP.TOTL,27196812
AUT,1990,population,SP.POP.TOTL,7677850
AUT,1991,population,SP.POP.TOTL,7754891
AUT,1992,population,SP.POP.TOTL,7840709
AUT,1993,population,SP.POP.TOTL,7905633
AUT,1994,population,SP.POP.TOTL,7936118
AUT,1995,population,SP.POP.TOTL,7948278
AUT,1996,population,SP.POP.TOTL,7959017
AUT,1997,population,SP.POP.TOTL,7968041
AUT,1998,population,SP.POP.TOTL,7976789
AUT,1999,population,SP.POP.TOTL,7992324
AUT,2000,population,SP.POP.TOTL,8011566
AUT,2001,population,SP.POP.TOTL,8042293
AUT,2002,population,SP.POP.TOTL,8081957
AUT,2003,population,SP.POP.TOTL,8121423
AUT,2004,population,SP.POP.TOTL,8171966
AUT,2005,population,SP.POP.TOTL,8227829
AUT,2006,population,SP.POP.TOTL,8268641
AUT,2007,population,SP.POP.TOTL,8295487
AUT,2008,population,SP.POP.TOTL,8321496
AUT,2009,population,SP.POP.TOTL,8343323
AUT,2010,population,SP.POP.TOTL,8363404
AUT,2011,population,SP.POP.TOTL,8391643
AUT,2012,population,SP.POP.TOTL,8429991
AUT,2013,population,SP.POP.TOTL,8479823
AUT,2014,population,SP.POP.TOTL,8546356
AUT,2015,population,SP.POP.TOTL,8642699
AUT,2016,population,SP.POP.TOTL,8736668
AUT,2017,population,SP.POP.TOTL,8797566
AUT,2018,population,SP.POP.TOTL,8840521
AUT,2019,population,SP.POP.TOTL,8879920
AUT,2020,population,SP.POP.TOTL,8916864
AUT,2021,population,SP.POP.TOTL,8955797
AUT,2022,population,SP.POP.TOTL,9041851
AUT,2023,population,SP.POP.TOTL,9131761
AUT,2024,population,SP.POP.TOTL,9177982
BEL,1990,population,SP.POP.TOTL,9967379
BEL,1991,population,SP.POP.TOTL,10004486
BEL,1992,population,SP.POP.TOTL,10045158
BEL,1993,population,SP.POP.TOTL,10084475
BEL,1994,population,SP.POP.TOTL,10115603
BEL,1995,population,SP.POP.TOTL,10136811
BEL,1996,population,SP.POP.TOTL,10156637
BEL,1997,population,SP.POP.TOTL,10181245
BEL,1998,population,SP.POP.TOTL,10203008
BEL,1999,population,SP.POP.TOTL,10226419
BEL,2000,population,SP.POP.TOTL,10251250
BEL,2001,population,SP.POP.TOTL,10286570
BEL,2002,population,SP.POP.TOTL,10332785
BEL,2003,population,SP.POP.TOTL,10376133
BEL,2004,population,SP.POP.TOTL,10421137
BEL,2005,population,SP.POP.TOTL,10478617
BEL,2006,population,SP.POP.TOTL,10547958
BEL,2007,population,SP.POP.TOTL,10625700
BEL,2008,population,SP.POP.TOTL,10709973
BEL,2009,population,SP.POP.TOTL,10796493
BEL,2010,population,SP.POP.TOTL,10895586
BEL,2011,population,SP.POP.TOTL,11038264
BEL,2012,population,SP.POP.TOTL,11106932
BEL,2013,population,SP.POP.TOTL,11159407
BEL,2014,population,SP.POP.TOTL,11209057
BEL,2015,population,SP.POP.TOTL,11274196
BEL,2016,population,SP.POP.TOTL,11331422
BEL,2017,population,SP.POP.TOTL,11375158
BEL,2018,population,SP.POP.TOTL,11427054
BEL,2019,population,SP.POP.TOTL,11488980
BEL,2020,population,SP.POP.TOTL,11538604
BEL,2021,population,SP.POP.TOTL,11586195
BEL,2022,population,SP.POP.TOTL,11680210
BEL,2023,population,SP.POP.TOTL,11779946
BEL,2024,population,SP.POP.TOTL,11858610
BGD,1990,population,SP.POP.TOTL,111633717
BGD,1991,population,SP.POP.TOTL,113787109
BGD,1992,population,SP.POP.TOTL,115952192
BGD,1993,population,SP.POP.TOTL,118132360
BGD,1994,population,SP.POP.TOTL,120343179
BGD,1995,population,SP.POP.TOTL,122600370
BGD,1996,population,SP.POP.TOTL,124862179
BGD,1997,population,SP.POP.TOTL,127198069
BGD,1998,population,SP.POP.TOTL,129622332
BGD,1999,population,SP.POP.TOTL,132108065
BGD,2000,population,SP.POP.TOTL,134544304
BGD,2001,population,SP.POP.TOTL,136805810
BGD,2002,population,SP.POP.TOTL,138933658
BGD,2003,population,SP.POP.TOTL,140970351
BGD,2004,population,SP.POP.TOTL,142902856
BGD,2005,population,SP.POP.TOTL,144715786
BGD,2006,population,SP.POP.TOTL,146405973
BGD,2007,population,SP.POP.TOTL,147989278
BGD,2008,population,SP.POP.TOTL,149474264
BGD,2009,population,SP.POP.TOTL,150873714
BGD,2010,population,SP.POP.TOTL,152201981
BGD,2011,population,SP.POP.TOTL,153591076
BGD,2012,population,SP.POP.TOTL,155070101
BGD,2013,population,SP.POP.TOTL,156532141
BGD,2014,population,SP.POP.TOTL,157964929
BGD,2015,population,SP.POP.TOTL,159383179
BGD,2016,population,SP.POP.TOTL,160811932
BGD,2017,population,SP.POP.TOTL,162186147
BGD,2018,population,SP.POP.TOTL,163523103
BGD,2019,population,SP.POP.TOTL,164913055
BGD,2020,population,SP.POP.TOTL,166298024
BGD,2021,population,SP.POP.TOTL,167658854
BGD,2022,population,SP.POP.TOTL,169384897
BGD,2023,population,SP.POP.TOTL,171466990
BGD,2024,population,SP.POP.TOTL,173562364
BRA,1990,population,SP.POP.TOTL,149143223
BRA,1991,population,SP.POP.TOTL,151724256
BRA,1992,population,SP.POP.TOTL,154275079
BRA,1993,population,SP.POP.TOTL,156794577
BRA,1994,population,SP.POP.TOTL,159265006
BRA,1995,population,SP.POP.TOTL,161735073
BRA,1996,population,SP.POP.TOTL,164202549
BRA,1997,population,SP.POP.TOTL,166661659
BRA,1998,population,SP.POP.TOTL,169159655
BRA,1999,population,SP.POP.TOTL,171641543
BRA,2000,population,SP.POP.TOTL,174018282
BRA,2001,population,SP.POP.TOTL,176301203
BRA,2002,population,SP.POP.TOTL,178503484
BRA,2003,population,SP.POP.TOTL,180622688
BRA,2004,population,SP.POP.TOTL,182675143
BRA,2005,population,SP.POP.TOTL,184688101
BRA,2006,population,SP.POP.TOTL,186653106
BRA,2007,population,SP.POP.TOTL,188552320
BRA,2008,population,SP.POP.TOTL,190367302
BRA,2009,population,SP.POP.TOTL,192079951
BRA,2010,population,SP.POP.TOTL,193701929
BRA,2011,population,SP.POP.TOTL,195284734
BRA,2012,population,SP.POP.TOTL,196876111
BRA,2013,population,SP.POP.TOTL,198478299
BRA,2014,population,SP.POP.TOTL,200085127
BRA,2015,population,SP.POP.TOTL,201675532
BRA,2016,population,SP.POP.TOTL,203218114
BRA,2017,population,SP.POP.TOTL,204703445
BRA,2018,population,SP.POP.TOTL,206107261
BRA,2019,population,SP.POP.TOTL,207455459
BRA,2020,population,SP.POP.TOTL,208660842
BRA,2021,population,SP.POP.TOTL,209550294
BRA,2022,population,SP.POP.TOTL,210306415
BRA,2023,population,SP.POP.TOTL,211140729
BRA,2024,population,SP.POP.TOTL,211998573
CAN,1990,population,SP.POP.TOTL,27691138
CAN,1991,population,SP.POP.TOTL,28037420
CAN,1992,population,SP.POP.TOTL,28371264
CAN,1993,population,SP.POP.TOTL,28684764
CAN,1994,population,SP.POP.TOTL,29000663
CAN,1995,population,SP.POP.TOTL,29302311
CAN,1996,population,SP.POP.TOTL,29610218
CAN,1997,population,SP.POP.TOTL,29905948
CAN,1998,population,SP.POP.TOTL,30155173
CAN,1999,population,SP.POP.TOTL,30401286
CAN,2000,population,SP.POP.TOTL,30685730
CAN,2001,population,SP.POP.TOTL,31020855
CAN,2002,population,SP.POP.TOTL,31359199
CAN,2003,population,SP.POP.TOTL,31642461
CAN,2004,population,SP.POP.TOTL,31938807
CAN,2005,population,SP.POP.TOTL,32242732
CAN,2006,population,SP.POP.TOTL,32571193
CAN,2007,population,SP.POP.TOTL,32888886
CAN,2008,population,SP.POP.TOTL,33247298
CAN,2009,population,SP.POP.TOTL,33630069
CAN,2010,population,SP.POP.TOTL,34005902
CAN,2011,population,SP.POP.TOTL,34339221
CAN,2012,population,SP.POP.TOTL,34713395
CAN,2013,population,SP.POP.TOTL,35080992
CAN,2014,population,SP.POP.TOTL,35434066
CAN,2015,population,SP.POP.TOTL,35704498
CAN,2016,population,SP.POP.TOTL,36110803
CAN,2017,population,SP.POP.TOTL,36545075
CAN,2018,population,SP.POP.TOTL,37072620
CAN,2019,population,SP.POP.TOTL,37618495
CAN,2020,population,SP.POP.TOTL,38028638
CAN,2021,population,SP.POP.TOTL,38239864
CAN,2022,population,SP.POP.TOTL,38935934
CAN,2023,population,SP.POP.TOTL,40083484
CAN,2024,population,SP.POP.TOTL,41288599
CHE,1990,population,SP.POP.TOTL,6715519
CHE,1991,population,SP.POP.TOTL,6799978
CHE,1992,population,SP.POP.TOTL,6875364
CHE,1993,population,SP.POP.TOTL,6938265
CHE,1994,population,SP.POP.TOTL,6993795
CHE,1995,population,SP.POP.TOTL,7040687
CHE,1996,population,SP.POP.TOTL,7071850
CHE,1997,population,SP.POP.TOTL,7088906
CHE,1998,population,SP.POP.TOTL,7110001
CHE,1999,population,SP.POP.TOTL,7143991
CHE,2000,population,SP.POP.TOTL,7184250
CHE,2001,population,SP.POP.TOTL,7229854
CHE,2002,population,SP.POP.TOTL,7284753
CHE,2003,population,SP.POP.TOTL,7339001
CHE,2004,population,SP.POP.TOTL,7389625
CHE,2005,population,SP.POP.TOTL,7437115
CHE,2006,population,SP.POP.TOTL,7483934
CHE,2007,population,SP.POP.TOTL,7551117
CHE,2008,population,SP.POP.TOTL,7647675
CHE,2009,population,SP.POP.TOTL,7743831
CHE,2010,population,SP.POP.TOTL,7824909
CHE,2011,population,SP.POP.TOTL,7912398
CHE,2012,population,SP.POP.TOTL,7996861
CHE,2013,population,SP.POP.TOTL,8089346
CHE,2014,population,SP.POP.TOTL,8188649
CHE,2015,population,SP.POP.TOTL,8282396
CHE,2016,population,SP.POP.TOTL,8373338
CHE,2017,population,SP.POP.TOTL,8451840
CHE,2018,population,SP.POP.TOTL,8514329
CHE,2019,population,SP.POP.TOTL,8575280
CHE,2020,population,SP.POP.TOTL,8638167
CHE,2021,population,SP.POP.TOTL,8704546
CHE,2022,population,SP.POP.TOTL,8777088
CHE,2023,population,SP.POP.TOTL,8888822
CHE,2024,population,SP.POP.TOTL,9005582
CHL,1990,population,SP.POP.TOTL,13437176
CHL,1991,population,SP.POP.TOTL,13662491
CHL,1992,population,SP.POP.TOTL,13884577
CHL,1993,population,SP.POP.TOTL,14102276
CHL,1994,population,SP.POP.TOTL,14316256
CHL,1995,population,SP.POP.TOTL,14527381
CHL,1996,population,SP.POP.TOTL,14734046
CHL,1997,population,SP.POP.TOTL,14932434
CHL,1998,population,SP.POP.TOTL,15127799
CHL,1999,population,SP.POP.TOTL,15319313
CHL,2000,population,SP.POP.TOTL,15503635
CHL,2001,population,SP.POP.TOTL,15683849
CHL,2002,population,SP.POP.TOTL,15857925
CHL,2003,population,SP.POP.TOTL,16024752
CHL,2004,population,SP.POP.TOTL,16187322
CHL,2005,population,SP.POP.TOTL,16348778
CHL,2006,population,SP.POP.TOTL,16509195
CHL,2007,population,SP.POP.TOTL,16671581
CHL,2008,population,SP.POP.TOTL,16838988
CHL,2009,population,SP.POP.TOTL,17009731
CHL,2010,population,SP.POP.TOTL,17181464
CHL,2011,population,SP.POP.TOTL,17351816
CHL,2012,population,SP.POP.TOTL,17519119
CHL,2013,population,SP.POP.TOTL,17687006
CHL,2014,population,SP.POP.TOTL,17864195
CHL,2015,population,SP.POP.TOTL,18047625
CHL,2016,population,SP.POP.TOTL,18267221
CHL,2017,population,SP.POP.TOTL,18558868
CHL,2018,population,SP.POP.TOTL,18893191
CHL,2019,population,SP.POP.TOTL,19197744
CHL,2020,population,SP.POP.TOTL,19370624
CHL,2021,population,SP.POP.TOTL,19456334
CHL,2022,population,SP.POP.TOTL,19553036
CHL,2023,population,SP.POP.TOTL,19658835
CHL,2024,population,SP.POP.TOTL,19764771
CHN,1990,population,SP.POP.TOTL,1135185000
CHN,1991,population,SP.POP.TOTL,1150780000
CHN,1992,population,SP.POP.TOTL,1164970000
CHN,1993,population,SP.POP.TOTL,1178440000
CHN,1994,population,SP.POP.TOTL,1191835000
CHN,1995,population,SP.POP.TOTL,1204855000
CHN,1996,population,SP.POP.TOTL,1217550000
CHN,1997,population,SP.POP.TOTL,1230075000
CHN,1998,population,SP.POP.TOTL,1241935000
CHN,1999,population,SP.POP.TOTL,1252735000
CHN,2000,population,SP.POP.TOTL,1262645000
CHN,2001,population,SP.POP.TOTL,1271850000
CHN,2002,population,SP.POP.TOTL,1280400000
CHN,2003,population,SP.POP.TOTL,1288400000
CHN,2004,population,SP.POP.TOTL,1296075000
CHN,2005,population,SP.POP.TOTL,1303720000
CHN,2006,population,SP.POP.TOTL,1311020000
CHN,2007,population,SP.POP.TOTL,1317885000
CHN,2008,population,SP.POP.TOTL,1324655000
CHN,2009,population,SP.POP.TOTL,1331260000
CHN,2010,population,SP.POP.TOTL,1337705000
CHN,2011,population,SP.POP.TOTL,1345035000
CHN,2012,population,SP.POP.TOTL,1354190000
CHN,2013,population,SP.POP.TOTL,1363240000
CHN,2014,population,SP.POP.TOTL,1371860000
CHN,2015,population,SP.POP.TOTL,1379860000
CHN,2016,population,SP.POP.TOTL,1387790000
CHN,2017,population,SP.POP.TOTL,1396215000
CHN,2018,population,SP.POP.TOTL,1402760000
CHN,2019,population,SP.POP.TOTL,1407745000
CHN,2020,population,SP.POP.TOTL,1411100000
CHN,2021,population,SP.POP.TOTL,1412360000
CHN,2022,population,SP.POP.TOTL,1412175000
CHN,2023,population,SP.POP.TOTL,1410710000
CHN,2024,population,SP.POP.TOTL,1408975000
COL,1990,population,SP.POP.TOTL,32440069
COL,1991,population,SP.POP.TOTL,33098372
COL,1992,population,SP.POP.TOTL,33760571
COL,1993,population,SP.POP.TOTL,34441473
COL,1994,population,SP.POP.TOTL,35127410
COL,1995,population,SP.POP.TOTL,35804662
COL,1996,population,SP.POP.TOTL,36462745
COL,1997,population,SP.POP.TOTL,37121149
COL,1998,population,SP.POP.TOTL,37792165
COL,1999,population,SP.POP.TOTL,38454863
COL,2000,population,SP.POP.TOTL,39089934
COL,2001,population,SP.POP.TOTL,39709262
COL,2002,population,SP.POP.TOTL,40324680
COL,2003,population,SP.POP.TOTL,40937429
COL,2004,population,SP.POP.TOTL,41543171
COL,2005,population,SP.POP.TOTL,42128977
COL,2006,population,SP.POP.TOTL,42691084
COL,2007,population,SP.POP.TOTL,43235374
COL,2008,population,SP.POP.TOTL,43758808
COL,2009,population,SP.POP.TOTL,44271541
COL,2010,population,SP.POP.TOTL,44777319
COL,2011,population,SP.POP.TOTL,45259614
COL,2012,population,SP.POP.TOTL,45715810
COL,2013,population,SP.POP.TOTL,46151584
COL,2014,population,SP.POP.TOTL,46565429
COL,2015,population,SP.POP.TOTL,46969940
COL,2016,population,SP.POP.TOTL,47437512
COL,2017,population,SP.POP.TOTL,48131078
COL,2018,population,SP.POP.TOTL,49024465
COL,2019,population,SP.POP.TOTL,49907985
COL,2020,population,SP.POP.TOTL,50629997
COL,2021,population,SP.POP.TOTL,51188173
COL,2022,population,SP.POP.TOTL,51737944
COL,2023,population,SP.POP.TOTL,52321152
COL,2024,population,SP.POP.TOTL,52886363
CZE,1990,population,SP.POP.TOTL,10333355
CZE,1991,population,SP.POP.TOTL,10308578
CZE,1992,population,SP.POP.TOTL,10319123
CZE,1993,population,SP.POP.TOTL,10329855
CZE,1994,population,SP.POP.TOTL,10333587
CZE,1995,population,SP.POP.TOTL,10327253
CZE,1996,population,SP.POP.TOTL,10315241
CZE,1997,population,SP.POP.TOTL,10304131
CZE,1998,population,SP.POP.TOTL,10294373
CZE,1999,population,SP.POP.TOTL,10283860
CZE,2000,population,SP.POP.TOTL,10255063
CZE,2001,population,SP.POP.TOTL,10216605
CZE,2002,population,SP.POP.TOTL,10196916
CZE,2003,population,SP.POP.TOTL,10193998
CZE,2004,population,SP.POP.TOTL,10197101
CZE,2005,population,SP.POP.TOTL,10211216
CZE,2006,population,SP.POP.TOTL,10238905
CZE,2007,population,SP.POP.TOTL,10298828
CZE,2008,population,SP.POP.TOTL,10384603
CZE,2009,population,SP.POP.TOTL,10443936
CZE,2010,population,SP.POP.TOTL,10474410
CZE,2011,population,SP.POP.TOTL,10496088
CZE,2012,population,SP.POP.TOTL,10510785
CZE,2013,population,SP.POP.TOTL,10514272
CZE,2014,population,SP.POP.TOTL,10525347
CZE,2015,population,SP.POP.TOTL,10546059
CZE,2016,population,SP.POP.TOTL,10566332
CZE,2017,population,SP.POP.TOTL,10594438
CZE,2018,population,SP.POP.TOTL,10629928
CZE,2019,population,SP.POP.TOTL,10671870
CZE,2020,population,SP.POP.TOTL,10697858
CZE,2021,population,SP.POP.TOTL,10505772
CZE,2022,population,SP.POP.TOTL,10672118
CZE,2023,population,SP.POP.TOTL,10864042
CZE,2024,population,SP.POP.TOTL,10905028
DEU,1990,population,SP.POP.TOTL,79433029
DEU,1991,population,SP.POP.TOTL,80013896
DEU,1992,population,SP.POP.TOTL,80624598
DEU,1993,population,SP.POP.TOTL,81156363
DEU,1994,population,SP.POP.TOTL,81438348
DEU,1995,population,SP.POP.TOTL,81678051
DEU,1996,population,SP.POP.TOTL,81914831
DEU,1997,population,SP.POP.TOTL,82034771
DEU,1998,population,SP.POP.TOTL,82047195
DEU,1999,population,SP.POP.TOTL,82100243
DEU,2000,population,SP.POP.TOTL,82211508
DEU,2001,population,SP.POP.TOTL,82349925
DEU,2002,population,SP.POP.TOTL,82488495
DEU,2003,population,SP.POP.TOTL,82534176
DEU,2004,population,SP.POP.TOTL,82516260
DEU,2005,population,SP.POP.TOTL,82469422
DEU,2006,population,SP.POP.TOTL,82376451
DEU,2007,population,SP.POP.TOTL,82266372
DEU,2008,population,SP.POP.TOTL,82110097
DEU,2009,population,SP.POP.TOTL,81902307
DEU,2010,population,SP.POP.TOTL,81776930
DEU,2011,population,SP.POP.TOTL,80274983
DEU,2012,population,SP.POP.TOTL,80425823
DEU,2013,population,SP.POP.TOTL,80645605
DEU,2014,population,SP.POP.TOTL,80982500
DEU,2015,population,SP.POP.TOTL,81686611
DEU,2016,population,SP.POP.TOTL,82348669
DEU,2017,population,SP.POP.TOTL,82657002
DEU,2018,population,SP.POP.TOTL,82905782
DEU,2019,population,SP.POP.TOTL,83092962
DEU,2020,population,SP.POP.TOTL,83160871
DEU,2021,population,SP.POP.TOTL,83196078
DEU,2022,population,SP.POP.TOTL,83177813
DEU,2023,population,SP.POP.TOTL,83287273
DEU,2024,population,SP.POP.TOTL,83516593
DNK,1990,population,SP.POP.TOTL,5140939
DNK,1991,population,SP.POP.TOTL,5154298
DNK,1992,population,SP.POP.TOTL,5171370
DNK,1993,population,SP.POP.TOTL,5188628
DNK,1994,population,SP.POP.TOTL,5206180
DNK,1995,population,SP.POP.TOTL,5233373
DNK,1996,population,SP.POP.TOTL,5263074
DNK,1997,population,SP.POP.TOTL,5284991
DNK,1998,population,SP.POP.TOTL,5304219
DNK,1999,population,SP.POP.TOTL,5321799
DNK,2000,population,SP.POP.TOTL,5339616
DNK,2001,population,SP.POP.TOTL,5358783
DNK,2002,population,SP.POP.TOTL,5375931
DNK,2003,population,SP.POP.TOTL,5390574
DNK,2004,population,SP.POP.TOTL,5404523
DNK,2005,population,SP.POP.TOTL,5419432
DNK,2006,population,SP.POP.TOTL,5437272
DNK,2007,population,SP.POP.TOTL,5461438
DNK,2008,population,SP.POP.TOTL,5493621
DNK,2009,population,SP.POP.TOTL,5523095
DNK,2010,population,SP.POP.TOTL,5547683
DNK,2011,population,SP.POP.TOTL,5570572
DNK,2012,population,SP.POP.TOTL,5591572
DNK,2013,population,SP.POP.TOTL,5614932
DNK,2014,population,SP.POP.TOTL,5643475
DNK,2015,population,SP.POP.TOTL,5683483
DNK,2016,population,SP.POP.TOTL,5728010
DNK,2017,population,SP.POP.TOTL,5764980
DNK,2018,population,SP.POP.TOTL,5793636
DNK,2019,population,SP.POP.TOTL,5814422
DNK,2020,population,SP.POP.TOTL,5831404
DNK,2021,population,SP.POP.TOTL,5856733
DNK,2022,population,SP.POP.TOTL,5903037
DNK,2023,population,SP.POP.TOTL,5946952
DNK,2024,population,SP.POP.TOTL,5976992
EGY,1990,population,SP.POP.TOTL,58396618
EGY,1991,population,SP.POP.TOTL,60028997
EGY,1992,population,SP.POP.TOTL,61480660
EGY,1993,population,SP.POP.TOTL,62915681
EGY,1994,population,SP.POP.TOTL,64285589
EGY,1995,population,SP.POP.TOTL,65652622
EGY,1996,population,SP.POP.TOTL,67028048
EGY,1997,population,SP.POP.TOTL,68431740
EGY,1998,population,SP.POP.TOTL,69943294
EGY,1999,population,SP.POP.TOTL,71520954
EGY,2000,population,SP.POP.TOTL,73083284
EGY,2001,population,SP.POP.TOTL,74652029
EGY,2002,population,SP.POP.TOTL,76239137
EGY,2003,population,SP.POP.TOTL,77853548
EGY,2004,population,SP.POP.TOTL,79477443
EGY,2005,population,SP.POP.TOTL,81101004
EGY,2006,population,SP.POP.TOTL,82700403
EGY,2007,population,SP.POP.TOTL,84276225
EGY,2008,population,SP.POP.TOTL,85864789
EGY,2009,population,SP.POP.TOTL,87501636
EGY,2010,population,SP.POP.TOTL,89196072
EGY,2011,population,SP.POP.TOTL,91093059
EGY,2012,population,SP.POP.TOTL,93161001
EGY,2013,population,SP.POP.TOTL,95333553
EGY,2014,population,SP.POP.TOTL,97528654
EGY,2015,population,SP.POP.TOTL,99597342
EGY,2016,population,SP.POP.TOTL,101644589
EGY,2017,population,SP.POP.TOTL,103696057
EGY,2018,population,SP.POP.TOTL,105682094
EGY,2019,population,SP.POP.TOTL,107553158
EGY,2020,population,SP.POP.TOTL,109315124
EGY,2021,population,SP.POP.TOTL,110957008
EGY,2022,population,SP.POP.TOTL,112618250
EGY,2023,population,SP.POP.TOTL,114535772
EGY,2024,population,SP.POP.TOTL,116538258
ESP,1990,population,SP.POP.TOTL,38867322
ESP,1991,population,SP.POP.TOTL,38966376
ESP,1992,population,SP.POP.TOTL,39157685
ESP,1993,population,SP.POP.TOTL,39361262
ESP,1994,population,SP.POP.TOTL,39549108
ESP,1995,population,SP.POP.TOTL,39724050
ESP,1996,population,SP.POP.TOTL,39889852
ESP,1997,population,SP.POP.TOTL,40057389
ESP,1998,population,SP.POP.TOTL,40223509
ESP,1999,population,SP.POP.TOTL,40386875
ESP,2000,population,SP.POP.TOTL,40567864
ESP,2001,population,SP.POP.TOTL,40850412
ESP,2002,population,SP.POP.TOTL,41431558
ESP,2003,population,SP.POP.TOTL,42187645
ESP,2004,population,SP.POP.TOTL,42921895
ESP,2005,population,SP.POP.TOTL,43653155
ESP,2006,population,SP.POP.TOTL,44397319
ESP,2007,population,SP.POP.TOTL,45226803
ESP,2008,population,SP.POP.TOTL,45954106
ESP,2009,population,SP.POP.TOTL,46362946
ESP,2010,population,SP.POP.TOTL,46576897
ESP,2011,population,SP.POP.TOTL,46742697
ESP,2012,population,SP.POP.TOTL,46773055
ESP,2013,population,SP.POP.TOTL,46604197
ESP,2014,population,SP.POP.TOTL,46460733
ESP,2015,population,SP.POP.TOTL,46422303
ESP,2016,population,SP.POP.TOTL,46458139
ESP,2017,population,SP.POP.TOTL,46571232
ESP,2018,population,SP.POP.TOTL,46782011
ESP,2019,population,SP.POP.TOTL,47118501
ESP,2020,population,SP.POP.TOTL,47359424
ESP,2021,population,SP.POP.TOTL,47443821
ESP,2022,population,SP.POP.TOTL,47786102
ESP,2023,population,SP.POP.TOTL,48352528
ESP,2024,population,SP.POP.TOTL,48848840
FIN,1990,population,SP.POP.TOTL,4986431
FIN,1991,population,SP.POP.TOTL,5013740
FIN,1992,population,SP.POP.TOTL,5041992
FIN,1993,population,SP.POP.TOTL,5066447
FIN,1994,population,SP.POP.TOTL,5088333
FIN,1995,population,SP.POP.TOTL,5107790
FIN,1996,population,SP.POP.TOTL,5124573
FIN,1997,population,SP.POP.TOTL,5139835
FIN,1998,population,SP.POP.TOTL,5153498
FIN,1999,population,SP.POP.TOTL,5165474
FIN,2000,population,SP.POP.TOTL,5176209
FIN,2001,population,SP.POP.TOTL,5188008
FIN,2002,population,SP.POP.TOTL,5200598
FIN,2003,population,SP.POP.TOTL,5213014
FIN,2004,population,SP.POP.TOTL,5228172
FIN,2005,population,SP.POP.TOTL,5246096
FIN,2006,population,SP.POP.TOTL,5266268
FIN,2007,population,SP.POP.TOTL,5288720
FIN,2008,population,SP.POP.TOTL,5313399
FIN,2009,population,SP.POP.TOTL,5338871
FIN,2010,population,SP.POP.TOTL,5363352
FIN,2011,population,SP.POP.TOTL,5388272
FIN,2012,population,SP.POP.TOTL,5413971
FIN,2013,population,SP.POP.TOTL,5438972
FIN,2014,population,SP.POP.TOTL,5461512
FIN,2015,population,SP.POP.TOTL,5479531
FIN,2016,population,SP.POP.TOTL,5495303
FIN,2017,population,SP.POP.TOTL,5508214
FIN,2018,population,SP.POP.TOTL,5515525
FIN,2019,population,SP.POP.TOTL,5521606
FIN,2020,population,SP.POP.TOTL,5529543
FIN,2021,population,SP.POP.TOTL,5541017
FIN,2022,population,SP.POP.TOTL,5556106
FIN,2023,population,SP.POP.TOTL,5583911
FIN,2024,population,SP.POP.TOTL,5619911
FRA,1990,population,SP.POP.TOTL,58261012
FRA,1991,population,SP.POP.TOTL,58554242
FRA,1992,population,SP.POP.TOTL,58846584
FRA,1993,population,SP.POP.TOTL,59103094
FRA,1994,population,SP.POP.TOTL,59324863
FRA,1995,population,SP.POP.TOTL,59541294
FRA,1996,population,SP.POP.TOTL,59754504
FRA,1997,population,SP.POP.TOTL,59968066
FRA,1998,population,SP.POP.TOTL,60190684
FRA,1999,population,SP.POP.TOTL,60501986
FRA,2000,population,SP.POP.TOTL,60918661
FRA,2001,population,SP.POP.TOTL,61364377
FRA,2002,population,SP.POP.TOTL,61812142
FRA,2003,population,SP.POP.TOTL,62249855
FRA,2004,population,SP.POP.TOTL,62707588
FRA,2005,population,SP.POP.TOTL,63180854
FRA,2006,population,SP.POP.TOTL,63622342
FRA,2007,population,SP.POP.TOTL,64016890
FRA,2008,population,SP.POP.TOTL,64375116
FRA,2009,population,SP.POP.TOTL,64706436
FRA,2010,population,SP.POP.TOTL,65026211
FRA,2011,population,SP.POP.TOTL,65340830
FRA,2012,population,SP.POP.TOTL,65657659
FRA,2013,population,SP.POP.TOTL,65997932
FRA,2014,population,SP.POP.TOTL,66312067
FRA,2015,population,SP.POP.TOTL,66548272
FRA,2016,population,SP.POP.TOTL,66724104
FRA,2017,population,SP.POP.TOTL,66918020
FRA,2018,population,SP.POP.TOTL,67158348
FRA,2019,population,SP.POP.TOTL,67382061
FRA,2020,population,SP.POP.TOTL,67601110
FRA,2021,population,SP.POP.TOTL,67842811
FRA,2022,population,SP.POP.TOTL,68184457
FRA,2023,population,SP.POP.TOTL,68372286
FRA,2024,population,SP.POP.TOTL,68551653
GBR,1990,population,SP.POP.TOTL,57247586
GBR,1991,population,SP.POP.TOTL,57424897
GBR,1992,population,SP.POP.TOTL,57580402
GBR,1993,population,SP.POP.TOTL,57718614
GBR,1994,population,SP.POP.TOTL,57865745
GBR,1995,population,SP.POP.TOTL,58019030
GBR,1996,population,SP.POP.TOTL,58166950
GBR,1997,population,SP.POP.TOTL,58316954
GBR,1998,population,SP.POP.TOTL,58487141
GBR,1999,population,SP.POP.TOTL,58682466
GBR,2000,population,SP.POP.TOTL,58892514
GBR,2001,population,SP.POP.TOTL,59119673
GBR,2002,population,SP.POP.TOTL,59370479
GBR,2003,population,SP.POP.TOTL,59647577
GBR,2004,population,SP.POP.TOTL,59987905
GBR,2005,population,SP.POP.TOTL,60401206
GBR,2006,population,SP.POP.TOTL,60846820
GBR,2007,population,SP.POP.TOTL,61322463
GBR,2008,population,SP.POP.TOTL,61806995
GBR,2009,population,SP.POP.TOTL,62276270
GBR,2010,population,SP.POP.TOTL,62766365
GBR,2011,population,SP.POP.TOTL,63258810
GBR,2012,population,SP.POP.TOTL,63711000
GBR,2013,population,SP.POP.TOTL,64139000
GBR,2014,population,SP.POP.TOTL,64620000
GBR,2015,population,SP.POP.TOTL,65088000
GBR,2016,population,SP.POP.TOTL,65607000
GBR,2017,population,SP.POP.TOTL,65966000
GBR,2018,population,SP.POP.TOTL,66289000
GBR,2019,population,SP.POP.TOTL,66631000
GBR,2020,population,SP.POP.TOTL,66744000
GBR,2021,population,SP.POP.TOTL,66984000
GBR,2022,population,SP.POP.TOTL,67604000
GBR,2023,population,SP.POP.TOTL,68492000
GBR,2024,population,SP.POP.TOTL,69226000
HKG,1990,population,SP.POP.TOTL,5704500
HKG,1991,population,SP.POP.TOTL,5752000
HKG,1992,population,SP.POP.TOTL,5800500
HKG,1993,population,SP.POP.TOTL,5901000
HKG,1994,population,SP.POP.TOTL,6035400
HKG,1995,population,SP.POP.TOTL,6156100
HKG,1996,population,SP.POP.TOTL,6435500
HKG,1997,population,SP.POP.TOTL,6489300
HKG,1998,population,SP.POP.TOTL,6543700
HKG,1999,population,SP.POP.TOTL,6606500
HKG,2000,population,SP.POP.TOTL,6665000
HKG,2001,population,SP.POP.TOTL,6714300
HKG,2002,population,SP.POP.TOTL,6744100
HKG,2003,population,SP.POP.TOTL,6730800
HKG,2004,population,SP.POP.TOTL,6783500
HKG,2005,population,SP.POP.TOTL,6813200
HKG,2006,population,SP.POP.TOTL,6857100
HKG,2007,population,SP.POP.TOTL,6916300
HKG,2008,population,SP.POP.TOTL,6957800
HKG,2009,population,SP.POP.TOTL,6972800
HKG,2010,population,SP.POP.TOTL,7024200
HKG,2011,population,SP.POP.TOTL,7071600
HKG,2012,population,SP.POP.TOTL,7150100
HKG,2013,population,SP.POP.TOTL,7178900
HKG,2014,population,SP.POP.TOTL,7229500
HKG,2015,population,SP.POP.TOTL,7291300
HKG,2016,population,SP.POP.TOTL,7336600
HKG,2017,population,SP.POP.TOTL,7393200
HKG,2018,population,SP.POP.TOTL,7452600
HKG,2019,population,SP.POP.TOTL,7507900
HKG,2020,population,SP.POP.TOTL,7481000
HKG,2021,population,SP.POP.TOTL,7413100
HKG,2022,population,SP.POP.TOTL,7346100
HKG,2023,population,SP.POP.TOTL,7536100
HKG,2024,population,SP.POP.TOTL,7524100
IDN,1990,population,SP.POP.TOTL,183501098
IDN,1991,population,SP.POP.TOTL,186778238
IDN,1992,population,SP.POP.TOTL,190043744
IDN,1993,population,SP.POP.TOTL,193305168
IDN,1994,population,SP.POP.TOTL,196591828
IDN,1995,population,SP.POP.TOTL,199888057
IDN,1996,population,SP.POP.TOTL,203204348
IDN,1997,population,SP.POP.TOTL,206536095
IDN,1998,population,SP.POP.TOTL,209826788
IDN,1999,population,SP.POP.TOTL,213004668
IDN,2000,population,SP.POP.TOTL,216077790
IDN,2001,population,SP.POP.TOTL,219097902
IDN,2002,population,SP.POP.TOTL,222088495
IDN,2003,population,SP.POP.TOTL,225048008
IDN,2004,population,SP.POP.TOTL,227926649
IDN,2005,population,SP.POP.TOTL,230871650
IDN,2006,population,SP.POP.TOTL,233951652
IDN,2007,population,SP.POP.TOTL,237062337
IDN,2008,population,SP.POP.TOTL,240157903
IDN,2009,population,SP.POP.TOTL,243220028
IDN,2010,population,SP.POP.TOTL,246305322
IDN,2011,population,SP.POP.TOTL,249470032
IDN,2012,population,SP.POP.TOTL,252698525
IDN,2013,population,SP.POP.TOTL,255852467
IDN,2014,population,SP.POP.TOTL,258877399
IDN,2015,population,SP.POP.TOTL,261799249
IDN,2016,population,SP.POP.TOTL,264627418
IDN,2017,population,SP.POP.TOTL,267346658
IDN,2018,population,SP.POP.TOTL,269951846
IDN,2019,population,SP.POP.TOTL,272489381
IDN,2020,population,SP.POP.TOTL,274814866
IDN,2021,population,SP.POP.TOTL,276758053
IDN,2022,population,SP.POP.TOTL,278830529
IDN,2023,population,SP.POP.TOTL,281190067
IDN,2024,population,SP.POP.TOTL,283487931
IND,1990,population,SP.POP.TOTL,864972221
IND,1991,population,SP.POP.TOTL,883927600
IND,1992,population,SP.POP.TOTL,902957070
IND,1993,population,SP.POP.TOTL,922118387
IND,1994,population,SP.POP.TOTL,941163767
IND,1995,population,SP.POP.TOTL,960301044
IND,1996,population,SP.POP.TOTL,979678458
IND,1997,population,SP.POP.TOTL,999133762
IND,1998,population,SP.POP.TOTL,1018665080
IND,1999,population,SP.POP.TOTL,1038225823
IND,2000,population,SP.POP.TOTL,1057922733
IND,2001,population,SP.POP.TOTL,1077898575
IND,2002,population,SP.POP.TOTL,1097600380
IND,2003,population,SP.POP.TOTL,1116803006
IND,2004,population,SP.POP.TOTL,1135991513
IND,2005,population,SP.POP.TOTL,1154676322
IND,2006,population,SP.POP.TOTL,1172878890
IND,2007,population,SP.POP.TOTL,1190676021
IND,2008,population,SP.POP.TOTL,1207930964
IND,2009,population,SP.POP.TOTL,1225524753
IND,2010,population,SP.POP.TOTL,1243481564
IND,2011,population,SP.POP.TOTL,1261224954
IND,2012,population,SP.POP.TOTL,1278674502
IND,2013,population,SP.POP.TOTL,1295829511
IND,2014,population,SP.POP.TOTL,1312277191
IND,2015,population,SP.POP.TOTL,1328024498
IND,2016,population,SP.POP.TOTL,1343944296
IND,2017,population,SP.POP.TOTL,1359657400
IND,2018,population,SP.POP.TOTL,1374659064
IND,2019,population,SP.POP.TOTL,1389030312
IND,2020,population,SP.POP.TOTL,1402617695
IND,2021,population,SP.POP.TOTL,1414203896
IND,2022,population,SP.POP.TOTL,1425423212
IND,2023,population,SP.POP.TOTL,1438069596
IND,2024,population,SP.POP.TOTL,1450935791
IRL,1990,population,SP.POP.TOTL,3513974
IRL,1991,population,SP.POP.TOTL,3534235
IRL,1992,population,SP.POP.TOTL,3558430
IRL,1993,population,SP.POP.TOTL,3576261
IRL,1994,population,SP.POP.TOTL,3590386
IRL,1995,population,SP.POP.TOTL,3608841
IRL,1996,population,SP.POP.TOTL,3637510
IRL,1997,population,SP.POP.TOTL,3674171
IRL,1998,population,SP.POP.TOTL,3712696
IRL,1999,population,SP.POP.TOTL,3754786
IRL,2000,population,SP.POP.TOTL,3805174
IRL,2001,population,SP.POP.TOTL,3866243
IRL,2002,population,SP.POP.TOTL,3931947
IRL,2003,population,SP.POP.TOTL,3996521
IRL,2004,population,SP.POP.TOTL,4070262
IRL,2005,population,SP.POP.TOTL,4159914
IRL,2006,population,SP.POP.TOTL,4273591
IRL,2007,population,SP.POP.TOTL,4398942
IRL,2008,population,SP.POP.TOTL,4489544
IRL,2009,population,SP.POP.TOTL,4535375
IRL,2010,population,SP.POP.TOTL,4560155
IRL,2011,population,SP.POP.TOTL,4580084
IRL,2012,population,SP.POP.TOTL,4599533
IRL,2013,population,SP.POP.TOTL,4623816
IRL,2014,population,SP.POP.TOTL,4657740
IRL,2015,population,SP.POP.TOTL,4701957
IRL,2016,population,SP.POP.TOTL,4762722
IRL,2017,population,SP.POP.TOTL,4827445
IRL,2018,population,SP.POP.TOTL,4898022
IRL,2019,population,SP.POP.TOTL,4976456
IRL,2020,population,SP.POP.TOTL,5039747
IRL,2021,population,SP.POP.TOTL,5110585
IRL,2022,population,SP.POP.TOTL,5212836
IRL,2023,population,SP.POP.TOTL,5311538
IRL,2024,population,SP.POP.TOTL,5395790
IRN,1990,population,SP.POP.TOTL,58380092
IRN,1991,population,SP.POP.TOTL,59986931
IRN,1992,population,SP.POP.TOTL,61184983
IRN,1993,population,SP.POP.TOTL,61403543
IRN,1994,population,SP.POP.TOTL,61520598
IRN,1995,population,SP.POP.TOTL,62205567
IRN,1996,population,SP.POP.TOTL,62881300
IRN,1997,population,SP.POP.TOTL,63639638
IRN,1998,population,SP.POP.TOTL,64519859
IRN,1999,population,SP.POP.TOTL,65445391
IRN,2000,population,SP.POP.TOTL,66418659
IRN,2001,population,SP.POP.TOTL,67452005
IRN,2002,population,SP.POP.TOTL,68011317
IRN,2003,population,SP.POP.TOTL,68769340
IRN,2004,population,SP.POP.TOTL,70256316
IRN,2005,population,SP.POP.TOTL,71828455
IRN,2006,population,SP.POP.TOTL,73392747
IRN,2007,population,SP.POP.TOTL,74602648
IRN,2008,population,SP.POP.TOTL,75514204
IRN,2009,population,SP.POP.TOTL,76457825
IRN,2010,population,SP.POP.TOTL,77420842
IRN,2011,population,SP.POP.TOTL,78383598
IRN,2012,population,SP.POP.TOTL,79370580
IRN,2013,population,SP.POP.TOTL,80414686
IRN,2014,population,SP.POP.TOTL,81502045
IRN,2015,population,SP.POP.TOTL,82619362
IRN,2016,population,SP.POP.TOTL,83812228
IRN,2017,population,SP.POP.TOTL,85026754
IRN,2018,population,SP.POP.TOTL,86117998
IRN,2019,population,SP.POP.TOTL,87051648
IRN,2020,population,SP.POP.TOTL,87723443
IRN,2021,population,SP.POP.TOTL,88455488
IRN,2022,population,SP.POP.TOTL,89524246
IRN,2023,population,SP.POP.TOTL,90608707
IRN,2024,population,SP.POP.TOTL,91567738
IRQ,1990,population,SP.POP.TOTL,17581206
IRQ,1991,population,SP.POP.TOTL,17767253
IRQ,1992,population,SP.POP.TOTL,18300845
IRQ,1993,population,SP.POP.TOTL,19201195
IRQ,1994,population,SP.POP.TOTL,20139807
IRQ,1995,population,SP.POP.TOTL,20825860
IRQ,1996,population,SP.POP.TOTL,21501321
IRQ,1997,population,SP.POP.TOTL,22176593
IRQ,1998,population,SP.POP.TOTL,22884399
IRQ,1999,population,SP.POP.TOTL,23636527
IRQ,2000,population,SP.POP.TOTL,24424056
IRQ,2001,population,SP.POP.TOTL,25197840
IRQ,2002,population,SP.POP.TOTL,26006559
IRQ,2003,population,SP.POP.TOTL,26802659
IRQ,2004,population,SP.POP.TOTL,27577878
IRQ,2005,population,SP.POP.TOTL,28407448
IRQ,2006,population,SP.POP.TOTL,28616515
IRQ,2007,population,SP.POP.TOTL,28391607
IRQ,2008,population,SP.POP.TOTL,28971036
IRQ,2009,population,SP.POP.TOTL,30058206
IRQ,2010,population,SP.POP.TOTL,31045366
IRQ,2011,population,SP.POP.TOTL,32161424
IRQ,2012,population,SP.POP.TOTL,33654842
IRQ,2013,population,SP.POP.TOTL,35281989
IRQ,2014,population,SP.POP.TOTL,36550059
IRQ,2015,population,SP.POP.TOTL,37560535
IRQ,2016,population,SP.POP.TOTL,38469627
IRQ,2017,population,SP.POP.TOTL,39337353
IRQ,2018,population,SP.POP.TOTL,40265624
IRQ,2019,population,SP.POP.TOTL,41192171
IRQ,2020,population,SP.POP.TOTL,42116605
IRQ,2021,population,SP.POP.TOTL,43071211
IRQ,2022,population,SP.POP.TOTL,44070551
IRQ,2023,population,SP.POP.TOTL,45074049
IRQ,2024,population,SP.POP.TOTL,46042015
ISR,1990,population,SP.POP.TOTL,4660000
ISR,1991,population,SP.POP.TOTL,4949000
ISR,1992,population,SP.POP.TOTL,5123000
ISR,1993,population,SP.POP.TOTL,5261000
ISR,1994,population,SP.POP.TOTL,5399000
ISR,1995,population,SP.POP.TOTL,5545000
ISR,1996,population,SP.POP.TOTL,5692000
ISR,1997,population,SP.POP.TOTL,5836000
ISR,1998,population,SP.POP.TOTL,5971000
ISR,1999,population,SP.POP.TOTL,6125000
ISR,2000,population,SP.POP.TOTL,6289000
ISR,2001,population,SP.POP.TOTL,6439000
ISR,2002,population,SP.POP.TOTL,6570000
ISR,2003,population,SP.POP.TOTL,6689700
ISR,2004,population,SP.POP.TOTL,6809000
ISR,2005,population,SP.POP.TOTL,6930100
ISR,2006,population,SP.POP.TOTL,7053700
ISR,2007,population,SP.POP.TOTL,7180100
ISR,2008,population,SP.POP.TOTL,7308800
ISR,2009,population,SP.POP.TOTL,7485600
ISR,2010,population,SP.POP.TOTL,7623600
ISR,2011,population,SP.POP.TOTL,7765800
ISR,2012,population,SP.POP.TOTL,7910500
ISR,2013,population,SP.POP.TOTL,8059500
ISR,2014,population,SP.POP.TOTL,8215700
ISR,2015,population,SP.POP.TOTL,8380100
ISR,2016,population,SP.POP.TOTL,8546000
ISR,2017,population,SP.POP.TOTL,8713300
ISR,2018,population,SP.POP.TOTL,8882800
ISR,2019,population,SP.POP.TOTL,9054000
ISR,2020,population,SP.POP.TOTL,9215100
ISR,2021,population,SP.POP.TOTL,9371400
ISR,2022,population,SP.POP.TOTL,9557500
ISR,2023,population,SP.POP.TOTL,9849000
ISR,2024,population,SP.POP.TOTL,9974400
ITA,1990,population,SP.POP.TOTL,56719240
ITA,1991,population,SP.POP.TOTL,56758521
ITA,1992,population,SP.POP.TOTL,56797087
ITA,1993,population,SP.POP.TOTL,56831821
ITA,1994,population,SP.POP.TOTL,56843400
ITA,1995,population,SP.POP.TOTL,56844303
ITA,1996,population,SP.POP.TOTL,56860281
ITA,1997,population,SP.POP.TOTL,56890372
ITA,1998,population,SP.POP.TOTL,56906744
ITA,1999,population,SP.POP.TOTL,56916317
ITA,2000,population,SP.POP.TOTL,56942108
ITA,2001,population,SP.POP.TOTL,56976981
ITA,2002,population,SP.POP.TOTL,57089824
ITA,2003,population,SP.POP.TOTL,57399184
ITA,2004,population,SP.POP.TOTL,57828179
ITA,2005,population,SP.POP.TOTL,58166682
ITA,2006,population,SP.POP.TOTL,58399861
ITA,2007,population,SP.POP.TOTL,58756247
ITA,2008,population,SP.POP.TOTL,59211181
ITA,2009,population,SP.POP.TOTL,59555454
ITA,2010,population,SP.POP.TOTL,59819407
ITA,2011,population,SP.POP.TOTL,60026841
ITA,2012,population,SP.POP.TOTL,60191247
ITA,2013,population,SP.POP.TOTL,60311613
ITA,2014,population,SP.POP.TOTL,60320707
ITA,2015,population,SP.POP.TOTL,60229605
ITA,2016,population,SP.POP.TOTL,60115223
ITA,2017,population,SP.POP.TOTL,60002252
ITA,2018,population,SP.POP.TOTL,60148658
ITA,2019,population,SP.POP.TOTL,59729081
ITA,2020,population,SP.POP.TOTL,59438851
ITA,2021,population,SP.POP.TOTL,59133173
ITA,2022,population,SP.POP.TOTL,59013667
ITA,2023,population,SP.POP.TOTL,58984216
ITA,2024,population,SP.POP.TOTL,58952704
JPN,1990,population,SP.POP.TOTL,123478000
JPN,1991,population,SP.POP.TOTL,123964000
JPN,1992,population,SP.POP.TOTL,124425000
JPN,1993,population,SP.POP.TOTL,124829000
JPN,1994,population,SP.POP.TOTL,125178000
JPN,1995,population,SP.POP.TOTL,125472000
JPN,1996,population,SP.POP.TOTL,125757000
JPN,1997,population,SP.POP.TOTL,126057000
JPN,1998,population,SP.POP.TOTL,126400000
JPN,1999,population,SP.POP.TOTL,126631000
JPN,2000,population,SP.POP.TOTL,126843000
JPN,2001,population,SP.POP.TOTL,127149000
JPN,2002,population,SP.POP.TOTL,127445000
JPN,2003,population,SP.POP.TOTL,127718000
JPN,2004,population,SP.POP.TOTL,127761000
JPN,2005,population,SP.POP.TOTL,127773000
JPN,2006,population,SP.POP.TOTL,127854000
JPN,2007,population,SP.POP.TOTL,128001000
JPN,2008,population,SP.POP.TOTL,128063000
JPN,2009,population,SP.POP.TOTL,128047000
JPN,2010,population,SP.POP.TOTL,128070000
JPN,2011,population,SP.POP.TOTL,127833000
JPN,2012,population,SP.POP.TOTL,127629000
JPN,2013,population,SP.POP.TOTL,127445000
JPN,2014,population,SP.POP.TOTL,127276000
JPN,2015,population,SP.POP.TOTL,127141000
JPN,2016,population,SP.POP.TOTL,127076000
JPN,2017,population,SP.POP.TOTL,126972000
JPN,2018,population,SP.POP.TOTL,126811000
JPN,2019,population,SP.POP.TOTL,126633000
JPN,2020,population,SP.POP.TOTL,126261000
JPN,2021,population,SP.POP.TOTL,125681593
JPN,2022,population,SP.POP.TOTL,125124989
JPN,2023,population,SP.POP.TOTL,124516650
JPN,2024,population,SP.POP.TOTL,123975371
KOR,1990,population,SP.POP.TOTL,42869283
KOR,1991,population,SP.POP.TOTL,43295704
KOR,1992,population,SP.POP.TOTL,43747962
KOR,1993,population,SP.POP.TOTL,44194628
KOR,1994,population,SP.POP.TOTL,44641540
KOR,1995,population,SP.POP.TOTL,45092991
KOR,1996,population,SP.POP.TOTL,45524681
KOR,1997,population,SP.POP.TOTL,45953580
KOR,1998,population,SP.POP.TOTL,46286503
KOR,1999,population,SP.POP.TOTL,46616677
KOR,2000,population,SP.POP.TOTL,47008111
KOR,2001,population,SP.POP.TOTL,47370164
KOR,2002,population,SP.POP.TOTL,47644736
KOR,2003,population,SP.POP.TOTL,47892330
KOR,2004,population,SP.POP.TOTL,48082519
KOR,2005,population,SP.POP.TOTL,48184561
KOR,2006,population,SP.POP.TOTL,48438292
KOR,2007,population,SP.POP.TOTL,48683638
KOR,2008,population,SP.POP.TOTL,49054708
KOR,2009,population,SP.POP.TOTL,49307835
KOR,2010,population,SP.POP.TOTL,49554112
KOR,2011,population,SP.POP.TOTL,49936638
KOR,2012,population,SP.POP.TOTL,50199853
KOR,2013,population,SP.POP.TOTL,50428893
KOR,2014,population,SP.POP.TOTL,50746659
KOR,2015,population,SP.POP.TOTL,51014947
KOR,2016,population,SP.POP.TOTL,51217803
KOR,2017,population,SP.POP.TOTL,51361911
KOR,2018,population,SP.POP.TOTL,51585058
KOR,2019,population,SP.POP.TOTL,51764822
KOR,2020,population,SP.POP.TOTL,51836239
KOR,2021,population,SP.POP.TOTL,51769539
KOR,2022,population,SP.POP.TOTL,51672569
KOR,2023,population,SP.POP.TOTL,51712619
KOR,2024,population,SP.POP.TOTL,51751065
MEX,1990,population,SP.POP.TOTL,82820170
MEX,1991,population,SP.POP.TOTL,84430572
MEX,1992,population,SP.POP.TOTL,86044809
MEX,1993,population,SP.POP.TOTL,87653807
MEX,1994,population,SP.POP.TOTL,89259205
MEX,1995,population,SP.POP.TOTL,90862455
MEX,1996,population,SP.POP.TOTL,92452702
MEX,1997,population,SP.POP.TOTL,94021207
MEX,1998,population,SP.POP.TOTL,95575245
MEX,1999,population,SP.POP.TOTL,97115707
MEX,2000,population,SP.POP.TOTL,98625552
MEX,2001,population,SP.POP.TOTL,100099099
MEX,2002,population,SP.POP.TOTL,101548624
MEX,2003,population,SP.POP.TOTL,102978515
MEX,2004,population,SP.POP.TOTL,104394131
MEX,2005,population,SP.POP.TOTL,105811504
MEX,2006,population,SP.POP.TOTL,107253666
MEX,2007,population,SP.POP.TOTL,108774360
MEX,2008,population,SP.POP.TOTL,110374288
MEX,2009,population,SP.POP.TOTL,111999721
MEX,2010,population,SP.POP.TOTL,113623895
MEX,2011,population,SP.POP.TOTL,115243504
MEX,2012,population,SP.POP.TOTL,116818208
MEX,2013,population,SP.POP.TOTL,118343573
MEX,2014,population,SP.POP.TOTL,119784261
MEX,2015,population,SP.POP.TOTL,121072306
MEX,2016,population,SP.POP.TOTL,122251351
MEX,2017,population,SP.POP.TOTL,123400057
MEX,2018,population,SP.POP.TOTL,124573711
MEX,2019,population,SP.POP.TOTL,125762982
MEX,2020,population,SP.POP.TOTL,126799054
MEX,2021,population,SP.POP.TOTL,127648148
MEX,2022,population,SP.POP.TOTL,128613117
MEX,2023,population,SP.POP.TOTL,129739759
MEX,2024,population,SP.POP.TOTL,130861007
MYS,1990,population,SP.POP.TOTL,17833171
MYS,1991,population,SP.POP.TOTL,18342464
MYS,1992,population,SP.POP.TOTL,18834572
MYS,1993,population,SP.POP.TOTL,19322664
MYS,1994,population,SP.POP.TOTL,19820446
MYS,1995,population,SP.POP.TOTL,20330599
MYS,1996,population,SP.POP.TOTL,20850087
MYS,1997,population,SP.POP.TOTL,21375218
MYS,1998,population,SP.POP.TOTL,21906713
MYS,1999,population,SP.POP.TOTL,22435531
MYS,2000,population,SP.POP.TOTL,22967816
MYS,2001,population,SP.POP.TOTL,23526538
MYS,2002,population,SP.POP.TOTL,24102477
MYS,2003,population,SP.POP.TOTL,24679602
MYS,2004,population,SP.POP.TOTL,25256772
MYS,2005,population,SP.POP.TOTL,25836071
MYS,2006,population,SP.POP.TOTL,26417909
MYS,2007,population,SP.POP.TOTL,26998389
MYS,2008,population,SP.POP.TOTL,27570059
MYS,2009,population,SP.POP.TOTL,28124778
MYS,2010,population,SP.POP.TOTL,28655776
MYS,2011,population,SP.POP.TOTL,29162039
MYS,2012,population,SP.POP.TOTL,29662831
MYS,2013,population,SP.POP.TOTL,30174265
MYS,2014,population,SP.POP.TOTL,30696137
MYS,2015,population,SP.POP.TOTL,31232798
MYS,2016,population,SP.POP.TOTL,31789685
MYS,2017,population,SP.POP.TOTL,32355644
MYS,2018,population,SP.POP.TOTL,32910967
MYS,2019,population,SP.POP.TOTL,33440596
MYS,2020,population,SP.POP.TOTL,33889558
MYS,2021,population,SP.POP.TOTL,34282399
MYS,2022,population,SP.POP.TOTL,34695493
MYS,2023,population,SP.POP.TOTL,35126298
MYS,2024,population,SP.POP.TOTL,35557673
NGA,1990,population,SP.POP.TOTL,97120925
NGA,1991,population,SP.POP.TOTL,99720162
NGA,1992,population,SP.POP.TOTL,102372770
NGA,1993,population,SP.POP.TOTL,105122069
NGA,1994,population,SP.POP.TOTL,107935714
NGA,1995,population,SP.POP.TOTL,110819428
NGA,1996,population,SP.POP.TOTL,113754779
NGA,1997,population,SP.POP.TOTL,116754792
NGA,1998,population,SP.POP.TOTL,119846254
NGA,1999,population,SP.POP.TOTL,123047320
NGA,2000,population,SP.POP.TOTL,126382494
NGA,2001,population,SP.POP.TOTL,129862595
NGA,2002,population,SP.POP.TOTL,133471989
NGA,2003,population,SP.POP.TOTL,137202644
NGA,2004,population,SP.POP.TOTL,141057045
NGA,2005,population,SP.POP.TOTL,145017253
NGA,2006,population,SP.POP.TOTL,149077334
NGA,2007,population,SP.POP.TOTL,153267261
NGA,2008,population,SP.POP.TOTL,157595014
NGA,2009,population,SP.POP.TOTL,162049464
NGA,2010,population,SP.POP.TOTL,166642886
NGA,2011,population,SP.POP.TOTL,171379598
NGA,2012,population,SP.POP.TOTL,176200625
NGA,2013,population,SP.POP.TOTL,181049443
NGA,2014,population,SP.POP.TOTL,185896915
NGA,2015,population,SP.POP.TOTL,190671878
NGA,2016,population,SP.POP.TOTL,195443700
NGA,2017,population,SP.POP.TOTL,200254579
NGA,2018,population,SP.POP.TOTL,204938755
NGA,2019,population,SP.POP.TOTL,209485641
NGA,2020,population,SP.POP.TOTL,213996181
NGA,2021,population,SP.POP.TOTL,218529286
NGA,2022,population,SP.POP.TOTL,223150896
NGA,2023,population,SP.POP.TOTL,227882945
NGA,2024,population,SP.POP.TOTL,232679478
NLD,1990,population,SP.POP.TOTL,14951510
NLD,1991,population,SP.POP.TOTL,15069798
NLD,1992,population,SP.POP.TOTL,15184166
NLD,1993,population,SP.POP.TOTL,15290368
NLD,1994,population,SP.POP.TOTL,15382838
NLD,1995,population,SP.POP.TOTL,15459006
NLD,1996,population,SP.POP.TOTL,15530498
NLD,1997,population,SP.POP.TOTL,15610650
NLD,1998,population,SP.POP.TOTL,15707209
NLD,1999,population,SP.POP.TOTL,15812088
NLD,2000,population,SP.POP.TOTL,15925513
NLD,2001,population,SP.POP.TOTL,16046180
NLD,2002,population,SP.POP.TOTL,16148929
NLD,2003,population,SP.POP.TOTL,16225302
NLD,2004,population,SP.POP.TOTL,16281779
NLD,2005,population,SP.POP.TOTL,16319868
NLD,2006,population,SP.POP.TOTL,16346101
NLD,2007,population,SP.POP.TOTL,16381696
NLD,2008,population,SP.POP.TOTL,16445593
NLD,2009,population,SP.POP.TOTL,16530388
NLD,2010,population,SP.POP.TOTL,16615394
NLD,2011,population,SP.POP.TOTL,16693074
NLD,2012,population,SP.POP.TOTL,16754962
NLD,2013,population,SP.POP.TOTL,16804432
NLD,2014,population,SP.POP.TOTL,16865008
NLD,2015,population,SP.POP.TOTL,16939923
NLD,2016,population,SP.POP.TOTL,17030314
NLD,2017,population,SP.POP.TOTL,17131296
NLD,2018,population,SP.POP.TOTL,17231624
NLD,2019,population,SP.POP.TOTL,17344874
NLD,2020,population,SP.POP.TOTL,17441500
NLD,2021,population,SP.POP.TOTL,17533044
NLD,2022,population,SP.POP.TOTL,17700982
NLD,2023,population,SP.POP.TOTL,17877117
NLD,2024,population,SP.POP.TOTL,17993485
NOR,1990,population,SP.POP.TOTL,4241473
NOR,1991,population,SP.POP.TOTL,4261732
NOR,1992,population,SP.POP.TOTL,4286401
NOR,1993,population,SP.POP.TOTL,4311991
NOR,1994,population,SP.POP.TOTL,4336613
NOR,1995,population,SP.POP.TOTL,4359184
NOR,1996,population,SP.POP.TOTL,4381336
NOR,1997,population,SP.POP.TOTL,4405157
NOR,1998,population,SP.POP.TOTL,4431464
NOR,1999,population,SP.POP.TOTL,4461913
NOR,2000,population,SP.POP.TOTL,4490967
NOR,2001,population,SP.POP.TOTL,4513751
NOR,2002,population,SP.POP.TOTL,4538159
NOR,2003,population,SP.POP.TOTL,4564855
NOR,2004,population,SP.POP.TOTL,4591910
NOR,2005,population,SP.POP.TOTL,4623291
NOR,2006,population,SP.POP.TOTL,4660677
NOR,2007,population,SP.POP.TOTL,4709153
NOR,2008,population,SP.POP.TOTL,4768212
NOR,2009,population,SP.POP.TOTL,4828726
NOR,2010,population,SP.POP.TOTL,4889252
NOR,2011,population,SP.POP.TOTL,4953088
NOR,2012,population,SP.POP.TOTL,5018573
NOR,2013,population,SP.POP.TOTL,5079623
NOR,2014,population,SP.POP.TOTL,5137232
NOR,2015,population,SP.POP.TOTL,5188607
NOR,2016,population,SP.POP.TOTL,5234519
NOR,2017,population,SP.POP.TOTL,5276968
NOR,2018,population,SP.POP.TOTL,5311916
NOR,2019,population,SP.POP.TOTL,5347896
NOR,2020,population,SP.POP.TOTL,5379475
NOR,2021,population,SP.POP.TOTL,5408320
NOR,2022,population,SP.POP.TOTL,5457127
NOR,2023,population,SP.POP.TOTL,5519601
NOR,2024,population,SP.POP.TOTL,5572279
PAK,1990,population,SP.POP.TOTL,116155576
PAK,1991,population,SP.POP.TOTL,120060406
PAK,1992,population,SP.POP.TOTL,123546848
PAK,1993,population,SP.POP.TOTL,127020117
PAK,1994,population,SP.POP.TOTL,130748083
PAK,1995,population,SP.POP.TOTL,134582253
PAK,1996,population,SP.POP.TOTL,138557092
PAK,1997,population,SP.POP.TOTL,142531804
PAK,1998,population,SP.POP.TOTL,146522356
PAK,1999,population,SP.POP.TOTL,150565377
PAK,2000,population,SP.POP.TOTL,154879127
PAK,2001,population,SP.POP.TOTL,159270907
PAK,2002,population,SP.POP.TOTL,163222549
PAK,2003,population,SP.POP.TOTL,167110248
PAK,2004,population,SP.POP.TOTL,171286000
PAK,2005,population,SP.POP.TOTL,175453212
PAK,2006,population,SP.POP.TOTL,179682690
PAK,2007,population,SP.POP.TOTL,184493231
PAK,2008,population,SP.POP.TOTL,189499113
PAK,2009,population,SP.POP.TOTL,194376534
PAK,2010,population,SP.POP.TOTL,199239047
PAK,2011,population,SP.POP.TOTL,203746065
PAK,2012,population,SP.POP.TOTL,207667125
PAK,2013,population,SP.POP.TOTL,211073978
PAK,2014,population,SP.POP.TOTL,214264647
PAK,2015,population,SP.POP.TOTL,217290883
PAK,2016,population,SP.POP.TOTL,220138869
PAK,2017,population,SP.POP.TOTL,223273967
PAK,2018,population,SP.POP.TOTL,226928892
PAK,2019,population,SP.POP.TOTL,230800899
PAK,2020,population,SP.POP.TOTL,235001746
PAK,2021,population,SP.POP.TOTL,239477801
PAK,2022,population,SP.POP.TOTL,243700667
PAK,2023,population,SP.POP.TOTL,247504495
PAK,2024,population,SP.POP.TOTL,251269164
PHL,1990,population,SP.POP.TOTL,62854666
PHL,1991,population,SP.POP.TOTL,64382249
PHL,1992,population,SP.POP.TOTL,65926125
PHL,1993,population,SP.POP.TOTL,67530621
PHL,1994,population,SP.POP.TOTL,69019291
PHL,1995,population,SP.POP.TOTL,70546246
PHL,1996,population,SP.POP.TOTL,72190242
PHL,1997,population,SP.POP.TOTL,73908810
PHL,1998,population,SP.POP.TOTL,75791024
PHL,1999,population,SP.POP.TOTL,77753257
PHL,2000,population,SP.POP.TOTL,79625397
PHL,2001,population,SP.POP.TOTL,81401488
PHL,2002,population,SP.POP.TOTL,83068889
PHL,2003,population,SP.POP.TOTL,84731835
PHL,2004,population,SP.POP.TOTL,86394504
PHL,2005,population,SP.POP.TOTL,88015962
PHL,2006,population,SP.POP.TOTL,89508986
PHL,2007,population,SP.POP.TOTL,91075184
PHL,2008,population,SP.POP.TOTL,92699095
PHL,2009,population,SP.POP.TOTL,94384250
PHL,2010,population,SP.POP.TOTL,96337125
PHL,2011,population,SP.POP.TOTL,98248614
PHL,2012,population,SP.POP.TOTL,100175512
PHL,2013,population,SP.POP.TOTL,102076336
PHL,2014,population,SP.POP.TOTL,103767130
PHL,2015,population,SP.POP.TOTL,105312992
PHL,2016,population,SP.POP.TOTL,106735719
PHL,2017,population,SP.POP.TOTL,108119693
PHL,2018,population,SP.POP.TOTL,109465287
PHL,2019,population,SP.POP.TOTL,110804683
PHL,2020,population,SP.POP.TOTL,112081264
PHL,2021,population,SP.POP.TOTL,113100950
PHL,2022,population,SP.POP.TOTL,113964338
PHL,2023,population,SP.POP.TOTL,114891199
PHL,2024,population,SP.POP.TOTL,115843670
POL,1990,population,SP.POP.TOTL,38110782
POL,1991,population,SP.POP.TOTL,38246193
POL,1992,population,SP.POP.TOTL,38363667
POL,1993,population,SP.POP.TOTL,38461408
POL,1994,population,SP.POP.TOTL,38542652
POL,1995,population,SP.POP.TOTL,38594998
POL,1996,population,SP.POP.TOTL,38624370
POL,1997,population,SP.POP.TOTL,38649660
POL,1998,population,SP.POP.TOTL,38663481
POL,1999,population,SP.POP.TOTL,38660271
POL,2000,population,SP.POP.TOTL,38258629
POL,2001,population,SP.POP.TOTL,38248076
POL,2002,population,SP.POP.TOTL,38230364
POL,2003,population,SP.POP.TOTL,38204570
POL,2004,population,SP.POP.TOTL,38182222
POL,2005,population,SP.POP.TOTL,38165445
POL,2006,population,SP.POP.TOTL,38141267
POL,2007,population,SP.POP.TOTL,38120560
POL,2008,population,SP.POP.TOTL,38125759
POL,2009,population,SP.POP.TOTL,38151603
POL,2010,population,SP.POP.TOTL,38042794
POL,2011,population,SP.POP.TOTL,38063255
POL,2012,population,SP.POP.TOTL,38063164
POL,2013,population,SP.POP.TOTL,38040196
POL,2014,population,SP.POP.TOTL,38011735
POL,2015,population,SP.POP.TOTL,37986412
POL,2016,population,SP.POP.TOTL,37970087
POL,2017,population,SP.POP.TOTL,37974826
POL,2018,population,SP.POP.TOTL,37974750
POL,2019,population,SP.POP.TOTL,37965475
POL,2020,population,SP.POP.TOTL,37515748
POL,2021,population,SP.POP.TOTL,36981559
POL,2022,population,SP.POP.TOTL,36821749
POL,2023,population,SP.POP.TOTL,36687353
POL,2024,population,SP.POP.TOTL,36559233
PRT,1990,population,SP.POP.TOTL,9983218
PRT,1991,population,SP.POP.TOTL,9960235
PRT,1992,population,SP.POP.TOTL,9952494
PRT,1993,population,SP.POP.TOTL,9964675
PRT,1994,population,SP.POP.TOTL,9991525
PRT,1995,population,SP.POP.TOTL,10026176
PRT,1996,population,SP.POP.TOTL,10063945
PRT,1997,population,SP.POP.TOTL,10108977
PRT,1998,population,SP.POP.TOTL,10160196
PRT,1999,population,SP.POP.TOTL,10217828
PRT,2000,population,SP.POP.TOTL,10289898
PRT,2001,population,SP.POP.TOTL,10362722
PRT,2002,population,SP.POP.TOTL,10419631
PRT,2003,population,SP.POP.TOTL,10458821
PRT,2004,population,SP.POP.TOTL,10483861
PRT,2005,population,SP.POP.TOTL,10503330
PRT,2006,population,SP.POP.TOTL,10522288
PRT,2007,population,SP.POP.TOTL,10542964
PRT,2008,population,SP.POP.TOTL,10558177
PRT,2009,population,SP.POP.TOTL,10568247
PRT,2010,population,SP.POP.TOTL,10573100
PRT,2011,population,SP.POP.TOTL,10557560
PRT,2012,population,SP.POP.TOTL,10514844
PRT,2013,population,SP.POP.TOTL,10457295
PRT,2014,population,SP.POP.TOTL,10401062
PRT,2015,population,SP.POP.TOTL,10358076
PRT,2016,population,SP.POP.TOTL,10325452
PRT,2017,population,SP.POP.TOTL,10300300
PRT,2018,population,SP.POP.TOTL,10283822
PRT,2019,population,SP.POP.TOTL,10286263
PRT,2020,population,SP.POP.TOTL,10297081
PRT,2021,population,SP.POP.TOTL,10361831
PRT,2022,population,SP.POP.TOTL,10434332
PRT,2023,population,SP.POP.TOTL,10578174
PRT,2024,population,SP.POP.TOTL,10694681
ROU,1990,population,SP.POP.TOTL,23201835
ROU,1991,population,SP.POP.TOTL,23001155
ROU,1992,population,SP.POP.TOTL,22794284
ROU,1993,population,SP.POP.TOTL,22763280
ROU,1994,population,SP.POP.TOTL,22730211
ROU,1995,population,SP.POP.TOTL,22684270
ROU,1996,population,SP.POP.TOTL,22619004
ROU,1997,population,SP.POP.TOTL,22553978
ROU,1998,population,SP.POP.TOTL,22507344
ROU,1999,population,SP.POP.TOTL,22472040
ROU,2000,population,SP.POP.TOTL,22442971
ROU,2001,population,SP.POP.TOTL,22131970
ROU,2002,population,SP.POP.TOTL,21730496
ROU,2003,population,SP.POP.TOTL,21574326
ROU,2004,population,SP.POP.TOTL,21451748
ROU,2005,population,SP.POP.TOTL,21319685
ROU,2006,population,SP.POP.TOTL,21193760
ROU,2007,population,SP.POP.TOTL,20882982
ROU,2008,population,SP.POP.TOTL,20537875
ROU,2009,population,SP.POP.TOTL,20367487
ROU,2010,population,SP.POP.TOTL,20246871
ROU,2011,population,SP.POP.TOTL,20147528
ROU,2012,population,SP.POP.TOTL,20058035
ROU,2013,population,SP.POP.TOTL,19983693
ROU,2014,population,SP.POP.TOTL,19908979
ROU,2015,population,SP.POP.TOTL,19815616
ROU,2016,population,SP.POP.TOTL,19702267
ROU,2017,population,SP.POP.TOTL,19588715
ROU,2018,population,SP.POP.TOTL,19473970
ROU,2019,population,SP.POP.TOTL,19371648
ROU,2020,population,SP.POP.TOTL,19265250
ROU,2021,population,SP.POP.TOTL,19122059
ROU,2022,population,SP.POP.TOTL,19048502
ROU,2023,population,SP.POP.TOTL,19061062
ROU,2024,population,SP.POP.TOTL,19051804
RUS,1990,population,SP.POP.TOTL,147969406
RUS,1991,population,SP.POP.TOTL,148394216
RUS,1992,population,SP.POP.TOTL,148538197
RUS,1993,population,SP.POP.TOTL,148458777
RUS,1994,population,SP.POP.TOTL,148407912
RUS,1995,population,SP.POP.TOTL,148375787
RUS,1996,population,SP.POP.TOTL,148160129
RUS,1997,population,SP.POP.TOTL,147915361
RUS,1998,population,SP.POP.TOTL,147670784
RUS,1999,population,SP.POP.TOTL,147214776
RUS,2000,population,SP.POP.TOTL,146596869
RUS,2001,population,SP.POP.TOTL,145976482
RUS,2002,population,SP.POP.TOTL,145306497
RUS,2003,population,SP.POP.TOTL,144648618
RUS,2004,population,SP.POP.TOTL,144067316
RUS,2005,population,SP.POP.TOTL,143518814
RUS,2006,population,SP.POP.TOTL,143049637
RUS,2007,population,SP.POP.TOTL,142805114
RUS,2008,population,SP.POP.TOTL,142742366
RUS,2009,population,SP.POP.TOTL,142785348
RUS,2010,population,SP.POP.TOTL,142849468
RUS,2011,population,SP.POP.TOTL,143018195
RUS,2012,population,SP.POP.TOTL,143378447
RUS,2013,population,SP.POP.TOTL,143805638
RUS,2014,population,SP.POP.TOTL,144237223
RUS,2015,population,SP.POP.TOTL,144640716
RUS,2016,population,SP.POP.TOTL,145015460
RUS,2017,population,SP.POP.TOTL,145293260
RUS,2018,population,SP.POP.TOTL,145398106
RUS,2019,population,SP.POP.TOTL,145453291
RUS,2020,population,SP.POP.TOTL,145245148
RUS,2021,population,SP.POP.TOTL,144746762
RUS,2022,population,SP.POP.TOTL,144236933
RUS,2023,population,SP.POP.TOTL,143826130
RUS,2024,population,SP.POP.TOTL,143533851
SAU,1990,population,SP.POP.TOTL,10640691
SAU,1991,population,SP.POP.TOTL,11160744
SAU,1992,population,SP.POP.TOTL,11686676
SAU,1993,population,SP.POP.TOTL,12215862
SAU,1994,population,SP.POP.TOTL,12750040
SAU,1995,population,SP.POP.TOTL,13289245
SAU,1996,population,SP.POP.TOTL,13831009
SAU,1997,population,SP.POP.TOTL,14374943
SAU,1998,population,SP.POP.TOTL,14922185
SAU,1999,population,SP.POP.TOTL,15472075
SAU,2000,population,SP.POP.TOTL,16177722
SAU,2001,population,SP.POP.TOTL,17041397
SAU,2002,population,SP.POP.TOTL,17910910
SAU,2003,population,SP.POP.TOTL,18786767
SAU,2004,population,SP.POP.TOTL,19669480
SAU,2005,population,SP.POP.TOTL,20559890
SAU,2006,population,SP.POP.TOTL,21459144
SAU,2007,population,SP.POP.TOTL,22368313
SAU,2008,population,SP.POP.TOTL,23287877
SAU,2009,population,SP.POP.TOTL,24217654
SAU,2010,population,SP.POP.TOTL,23978487
SAU,2011,population,SP.POP.TOTL,25091867
SAU,2012,population,SP.POP.TOTL,26168861
SAU,2013,population,SP.POP.TOTL,27624004
SAU,2014,population,SP.POP.TOTL,28309273
SAU,2015,population,SP.POP.TOTL,29816382
SAU,2016,population,SP.POP.TOTL,30954198
SAU,2017,population,SP.POP.TOTL,30977355
SAU,2018,population,SP.POP.TOTL,30196281
SAU,2019,population,SP.POP.TOTL,30063799
SAU,2020,population,SP.POP.TOTL,31552510
SAU,2021,population,SP.POP.TOTL,30784383
SAU,2022,population,SP.POP.TOTL,32175224
SAU,2023,population,SP.POP.TOTL,33702731
SAU,2024,population,SP.POP.TOTL,35300280
SGP,1990,population,SP.POP.TOTL,3047132
SGP,1991,population,SP.POP.TOTL,3135083
SGP,1992,population,SP.POP.TOTL,3230698
SGP,1993,population,SP.POP.TOTL,3313471
SGP,1994,population,SP.POP.TOTL,3419048
SGP,1995,population,SP.POP.TOTL,3524506
SGP,1996,population,SP.POP.TOTL,3670704
SGP,1997,population,SP.POP.TOTL,3796038
SGP,1998,population,SP.POP.TOTL,3927213
SGP,1999,population,SP.POP.TOTL,3958723
SGP,2000,population,SP.POP.TOTL,4027887
SGP,2001,population,SP.POP.TOTL,4138012
SGP,2002,population,SP.POP.TOTL,4175950
SGP,2003,population,SP.POP.TOTL,4114826
SGP,2004,population,SP.POP.TOTL,4166664
SGP,2005,population,SP.POP.TOTL,4265762
SGP,2006,population,SP.POP.TOTL,4401365
SGP,2007,population,SP.POP.TOTL,4588599
SGP,2008,population,SP.POP.TOTL,4839396
SGP,2009,population,SP.POP.TOTL,4987573
SGP,2010,population,SP.POP.TOTL,5076732
SGP,2011,population,SP.POP.TOTL,5183688
SGP,2012,population,SP.POP.TOTL,5312437
SGP,2013,population,SP.POP.TOTL,5399162
SGP,2014,population,SP.POP.TOTL,5469724
SGP,2015,population,SP.POP.TOTL,5535002
SGP,2016,population,SP.POP.TOTL,5607283
SGP,2017,population,SP.POP.TOTL,5612253
SGP,2018,population,SP.POP.TOTL,5638676
SGP,2019,population,SP.POP.TOTL,5703569
SGP,2020,population,SP.POP.TOTL,5685807
SGP,2021,population,SP.POP.TOTL,5453566
SGP,2022,population,SP.POP.TOTL,5637022
SGP,2023,population,SP.POP.TOTL,5917648
SGP,2024,population,SP.POP.TOTL,6036860
SWE,1990,population,SP.POP.TOTL,8558835
SWE,1991,population,SP.POP.TOTL,8617375
SWE,1992,population,SP.POP.TOTL,8668067
SWE,1993,population,SP.POP.TOTL,8718561
SWE,1994,population,SP.POP.TOTL,8780745
SWE,1995,population,SP.POP.TOTL,8826939
SWE,1996,population,SP.POP.TOTL,8840998
SWE,1997,population,SP.POP.TOTL,8846062
SWE,1998,population,SP.POP.TOTL,8850974
SWE,1999,population,SP.POP.TOTL,8857874
SWE,2000,population,SP.POP.TOTL,8872109
SWE,2001,population,SP.POP.TOTL,8895960
SWE,2002,population,SP.POP.TOTL,8924958
SWE,2003,population,SP.POP.TOTL,8958229
SWE,2004,population,SP.POP.TOTL,8993531
SWE,2005,population,SP.POP.TOTL,9029572
SWE,2006,population,SP.POP.TOTL,9080505
SWE,2007,population,SP.POP.TOTL,9148092
SWE,2008,population,SP.POP.TOTL,9219637
SWE,2009,population,SP.POP.TOTL,9298515
SWE,2010,population,SP.POP.TOTL,9378126
SWE,2011,population,SP.POP.TOTL,9449213
SWE,2012,population,SP.POP.TOTL,9519374
SWE,2013,population,SP.POP.TOTL,9600379
SWE,2014,population,SP.POP.TOTL,9696110
SWE,2015,population,SP.POP.TOTL,9799186
SWE,2016,population,SP.POP.TOTL,9923085
SWE,2017,population,SP.POP.TOTL,10057698
SWE,2018,population,SP.POP.TOTL,10175214
SWE,2019,population,SP.POP.TOTL,10278887
SWE,2020,population,SP.POP.TOTL,10353442
SWE,2021,population,SP.POP.TOTL,10415811
SWE,2022,population,SP.POP.TOTL,10486941
SWE,2023,population,SP.POP.TOTL,10536632
SWE,2024,population,SP.POP.TOTL,10569709
THA,1990,population,SP.POP.TOTL,54738329
THA,1991,population,SP.POP.TOTL,55637434
THA,1992,population,SP.POP.TOTL,56528834
THA,1993,population,SP.POP.TOTL,57408198
THA,1994,population,SP.POP.TOTL,58260854
THA,1995,population,SP.POP.TOTL,59098232
THA,1996,population,SP.POP.TOTL,59920064
THA,1997,population,SP.POP.TOTL,60724584
THA,1998,population,SP.POP.TOTL,61522630
THA,1999,population,SP.POP.TOTL,62299043
THA,2000,population,SP.POP.TOTL,63007815
THA,2001,population,SP.POP.TOTL,63651141
THA,2002,population,SP.POP.TOTL,64266437
THA,2003,population,SP.POP.TOTL,64868166
THA,2004,population,SP.POP.TOTL,65452047
THA,2005,population,SP.POP.TOTL,66017420
THA,2006,population,SP.POP.TOTL,66567687
THA,2007,population,SP.POP.TOTL,67102394
THA,2008,population,SP.POP.TOTL,67619830
THA,2009,population,SP.POP.TOTL,68121080
THA,2010,population,SP.POP.TOTL,68579447
THA,2011,population,SP.POP.TOTL,69007208
THA,2012,population,SP.POP.TOTL,69436098
THA,2013,population,SP.POP.TOTL,69845114
THA,2014,population,SP.POP.TOTL,70216367
THA,2015,population,SP.POP.TOTL,70540795
THA,2016,population,SP.POP.TOTL,70859841
THA,2017,population,SP.POP.TOTL,71160187
THA,2018,population,SP.POP.TOTL,71376079
THA,2019,population,SP.POP.TOTL,71522271
THA,2020,population,SP.POP.TOTL,71641484
THA,2021,population,SP.POP.TOTL,71727332
THA,2022,population,SP.POP.TOTL,71735329
THA,2023,population,SP.POP.TOTL,71702435
THA,2024,population,SP.POP.TOTL,71668011
TUR,1990,population,SP.POP.TOTL,56015628
TUR,1991,population,SP.POP.TOTL,57009887
TUR,1992,population,SP.POP.TOTL,57990118
TUR,1993,population,SP.POP.TOTL,58999167
TUR,1994,population,SP.POP.TOTL,60033836
TUR,1995,population,SP.POP.TOTL,61024503
TUR,1996,population,SP.POP.TOTL,61951134
TUR,1997,population,SP.POP.TOTL,62852966
TUR,1998,population,SP.POP.TOTL,63734383
TUR,1999,population,SP.POP.TOTL,64591923
TUR,2000,population,SP.POP.TOTL,65425961
TUR,2001,population,SP.POP.TOTL,66245128
TUR,2002,population,SP.POP.TOTL,67048795
TUR,2003,population,SP.POP.TOTL,67831730
TUR,2004,population,SP.POP.TOTL,68592617
TUR,2005,population,SP.POP.TOTL,69329557
TUR,2006,population,SP.POP.TOTL,70045349
TUR,2007,population,SP.POP.TOTL,70158112
TUR,2008,population,SP.POP.TOTL,71051678
TUR,2009,population,SP.POP.TOTL,72039206
TUR,2010,population,SP.POP.TOTL,73142150
TUR,2011,population,SP.POP.TOTL,74223629
TUR,2012,population,SP.POP.TOTL,75175827
TUR,2013,population,SP.POP.TOTL,76147624
TUR,2014,population,SP.POP.TOTL,77181884
TUR,2015,population,SP.POP.TOTL,78218479
TUR,2016,population,SP.POP.TOTL,79277962
TUR,2017,population,SP.POP.TOTL,80312698
TUR,2018,population,SP.POP.TOTL,81407204
TUR,2019,population,SP.POP.TOTL,82579440
TUR,2020,population,SP.POP.TOTL,83384680
TUR,2021,population,SP.POP.TOTL,84147318
TUR,2022,population,SP.POP.TOTL,84979913
TUR,2023,population,SP.POP.TOTL,85325965
TUR,2024,population,SP.POP.TOTL,85518661
USA,1990,population,SP.POP.TOTL,249623000
USA,1991,population,SP.POP.TOTL,252981000
USA,1992,population,SP.POP.TOTL,256514000
USA,1993,population,SP.POP.TOTL,259919000
USA,1994,population,SP.POP.TOTL,263126000
USA,1995,population,SP.POP.TOTL,266278000
USA,1996,population,SP.POP.TOTL,269394000
USA,1997,population,SP.POP.TOTL,272657000
USA,1998,population,SP.POP.TOTL,275854000
USA,1999,population,SP.POP.TOTL,279040000
USA,2000,population,SP.POP.TOTL,282162411
USA,2001,population,SP.POP.TOTL,284968955
USA,2002,population,SP.POP.TOTL,287625193
USA,2003,population,SP.POP.TOTL,290107933
USA,2004,population,SP.POP.TOTL,292805298
USA,2005,population,SP.POP.TOTL,295516599
USA,2006,population,SP.POP.TOTL,298379912
USA,2007,population,SP.POP.TOTL,301231207
USA,2008,population,SP.POP.TOTL,304093966
USA,2009,population,SP.POP.TOTL,306771529
USA,2010,population,SP.POP.TOTL,309378227
USA,2011,population,SP.POP.TOTL,311839461
USA,2012,population,SP.POP.TOTL,314339099
USA,2013,population,SP.POP.TOTL,316726282
USA,2014,population,SP.POP.TOTL,319257560
USA,2015,population,SP.POP.TOTL,321815121
USA,2016,population,SP.POP.TOTL,324353340
USA,2017,population,SP.POP.TOTL,326608609
USA,2018,population,SP.POP.TOTL,328529577
USA,2019,population,SP.POP.TOTL,330226227
USA,2020,population,SP.POP.TOTL,331577720
USA,2021,population,SP.POP.TOTL,332099760
USA,2022,population,SP.POP.TOTL,334017321
USA,2023,population,SP.POP.TOTL,336806231
USA,2024,population,SP.POP.TOTL,340110988
VNM,1990,population,SP.POP.TOTL,65504552
VNM,1991,population,SP.POP.TOTL,66891775
VNM,1992,population,SP.POP.TOTL,68260337
VNM,1993,population,SP.POP.TOTL,69586384
VNM,1994,population,SP.POP.TOTL,70854391
VNM,1995,population,SP.POP.TOTL,72049940
VNM,1996,population,SP.POP.TOTL,73156447
VNM,1997,population,SP.POP.TOTL,74226889
VNM,1998,population,SP.POP.TOTL,75299660
VNM,1999,population,SP.POP.TOTL,76287452
VNM,2000,population,SP.POP.TOTL,77154011
VNM,2001,population,SP.POP.TOTL,77969361
VNM,2002,population,SP.POP.TOTL,78772224
VNM,2003,population,SP.POP.TOTL,79563777
VNM,2004,population,SP.POP.TOTL,80338971
VNM,2005,population,SP.POP.TOTL,81088313
VNM,2006,population,SP.POP.TOTL,82167897
VNM,2007,population,SP.POP.TOTL,83633375
VNM,2008,population,SP.POP.TOTL,85175788
VNM,2009,population,SP.POP.TOTL,86460018
VNM,2010,population,SP.POP.TOTL,87455152
VNM,2011,population,SP.POP.TOTL,88468314
VNM,2012,population,SP.POP.TOTL,89510356
VNM,2013,population,SP.POP.TOTL,90573104
VNM,2014,population,SP.POP.TOTL,91679578
VNM,2015,population,SP.POP.TOTL,92823254
VNM,2016,population,SP.POP.TOTL,94000117
VNM,2017,population,SP.POP.TOTL,95176977
VNM,2018,population,SP.POP.TOTL,96237319
VNM,2019,population,SP.POP.TOTL,97173776
VNM,2020,population,SP.POP.TOTL,98079191
VNM,2021,population,SP.POP.TOTL,98935098
VNM,2022,population,SP.POP.TOTL,99680655
VNM,2023,population,SP.POP.TOTL,100352192
VNM,2024,population,SP.POP.TOTL,100987686
ZAF,1990,population,SP.POP.TOTL,40746268
ZAF,1991,population,SP.POP.TOTL,41687898
ZAF,1992,population,SP.POP.TOTL,42443509
ZAF,1993,population,SP.POP.TOTL,43297156
ZAF,1994,population,SP.POP.TOTL,44004139
ZAF,1995,population,SP.POP.TOTL,44541554
ZAF,1996,population,SP.POP.TOTL,45123018
ZAF,1997,population,SP.POP.TOTL,45666838
ZAF,1998,population,SP.POP.TOTL,46223880
ZAF,1999,population,SP.POP.TOTL,46730335
ZAF,2000,population,SP.POP.TOTL,47159719
ZAF,2001,population,SP.POP.TOTL,47566800
ZAF,2002,population,SP.POP.TOTL,48019415
ZAF,2003,population,SP.POP.TOTL,48500348
ZAF,2004,population,SP.POP.TOTL,48991421
ZAF,2005,population,SP.POP.TOTL,49490033
ZAF,2006,population,SP.POP.TOTL,49998277
ZAF,2007,population,SP.POP.TOTL,50528584
ZAF,2008,population,SP.POP.TOTL,51114599
ZAF,2009,population,SP.POP.TOTL,51728516
ZAF,2010,population,SP.POP.TOTL,52344051
ZAF,2011,population,SP.POP.TOTL,52995205
ZAF,2012,population,SP.POP.TOTL,53782567
ZAF,2013,population,SP.POP.TOTL,54678791
ZAF,2014,population,SP.POP.TOTL,55594838
ZAF,2015,population,SP.POP.TOTL,56723537
ZAF,2016,population,SP.POP.TOTL,57259551
ZAF,2017,population,SP.POP.TOTL,57635162
ZAF,2018,population,SP.POP.TOTL,58613001
ZAF,2019,population,SP.POP.TOTL,59587885
ZAF,2020,population,SP.POP.TOTL,60562381
ZAF,2021,population,SP.POP.TOTL,61502603
ZAF,2022,population,SP.POP.TOTL,62378410
ZAF,2023,population,SP.POP.TOTL,63212384
ZAF,2024,population,SP.POP.TOTL,64007187
